  0
SECTION
  2
HEADER
  9
$ACADVER
  1
AC1032
  9
$ACADMAINTVER
 90
      327
  9
$DWGCODEPAGE
  3
ANSI_936
  9
$LASTSAVEDBY
  1
67542
  9
$REQUIREDVERSIONS
160
                 0
  9
$INSBASE
 10
0.0
 20
0.0
 30
0.0
  9
$EXTMIN
 10
0.0
 20
-21025.0
 30
0.0
  9
$EXTMAX
 10
44000.0
 20
-3439.565040386399
 30
0.0
  9
$LIMMIN
 10
0.0
 20
0.0
  9
$LIMMAX
 10
12.0
 20
9.0
  9
$ORTHOMODE
 70
     0
  9
$REGENMODE
 70
     1
  9
$FILLMODE
 70
     1
  9
$QTEXTMODE
 70
     0
  9
$MIRRTEXT
 70
     0
  9
$LTSCALE
 40
1.0
  9
$ATTMODE
 70
     1
  9
$TEXTSIZE
 40
0.2
  9
$TRACEWID
 40
0.05
  9
$TEXTSTYLE
  7
Standard
  9
$CLAYER
  8
0
  9
$CELTYPE
  6
ByLayer
  9
$CECOLOR
 62
   256
  9
$CELTSCALE
 40
1.0
  9
$DISPSILH
 70
     0
  9
$DIMSCALE
 40
1.0
  9
$DIMASZ
 40
28.57142986910685
  9
$DIMEXO
 40
0.0
  9
$DIMDLI
 40
0.38
  9
$DIMRND
 40
0.0
  9
$DIMDLE
 40
38.0952398254758
  9
$DIMEXE
 40
38.0952398254758
  9
$DIMTP
 40
0.0
  9
$DIMTM
 40
0.0
  9
$DIMTXT
 40
114.2857194764274
  9
$DIMCEN
 40
0.09
  9
$DIMTSZ
 40
0.0
  9
$DIMTOL
 70
     0
  9
$DIMLIM
 70
     0
  9
$DIMTIH
 70
     0
  9
$DIMTOH
 70
     0
  9
$DIMSE1
 70
     0
  9
$DIMSE2
 70
     0
  9
$DIMTAD
 70
     1
  9
$DIMZIN
 70
     1
  9
$DIMTOFFSET
 70
     1
  9
$DIMBLK
  1
ArchTick
  9
$DIMASO
 70
     1
  9
$DIMSHO
 70
     1
  9
$DIMPOST
  1

  9
$DIMAPOST
  1

  9
$DIMALT
 70
     0
  9
$DIMALTD
 70
     2
  9
$DIMALTF
 40
25.4
  9
$DIMLFAC
 40
1.0
  9
$DIMTOFL
 70
     1
  9
$DIMTVP
 40
0.0
  9
$DIMTIX
 70
     1
  9
$DIMSOXD
 70
     0
  9
$DIMSAH
 70
     0
  9
$DIMBLK1
  1

  9
$DIMBLK2
  1

  9
$DIMSTYLE
  2
D_16_1.5
  9
$DIMCLRD
 70
   252
  9
$DIMCLRE
 70
   252
  9
$DIMCLRT
 70
   134
  9
$DIMTFAC
 40
1.0
  9
$DIMGAP
 40
0.0
  9
$DIMJUST
 70
     0
  9
$DIMSD1
 70
     0
  9
$DIMSD2
 70
     0
  9
$DIMTOLJ
 70
     1
  9
$DIMTZIN
 70
     0
  9
$DIMALTZ
 70
     0
  9
$DIMALTTZ
 70
     0
  9
$DIMUPT
 70
     0
  9
$DIMDEC
 70
     0
  9
$DIMTDEC
 70
     4
  9
$DIMALTU
 70
     2
  9
$DIMALTTD
 70
     2
  9
$DIMTXSTY
  7
Standard
  9
$DIMAUNIT
 70
     0
  9
$DIMADEC
 70
     0
  9
$DIMALTRND
 40
0.0
  9
$DIMAZIN
 70
     0
  9
$DIMDSEP
 70
    46
  9
$DIMATFIT
 70
     3
  9
$DIMFRAC
 70
     0
  9
$DIMLDRBLK
  1

  9
$DIMLUNIT
 70
     2
  9
$DIMLWD
 70
     9
  9
$DIMLWE
 70
     9
  9
$DIMTMOVE
 70
     2
  9
$DIMFXL
 40
171.4285792146411
  9
$DIMFXLON
 70
     1
  9
$DIMJOGANG
 40
0.7853981633974483
  9
$DIMTFILL
 70
     0
  9
$DIMTFILLCLR
 70
     0
  9
$DIMARCSYM
 70
     0
  9
$DIMLTYPE
  6

  9
$DIMLTEX1
  6

  9
$DIMLTEX2
  6

  9
$DIMTXTDIRECTION
 70
     0
  9
$LUNITS
 70
     2
  9
$LUPREC
 70
     4
  9
$SKETCHINC
 40
0.1
  9
$FILLETRAD
 40
0.0
  9
$AUNITS
 70
     0
  9
$AUPREC
 70
     0
  9
$MENU
  1
.
  9
$ELEVATION
 40
0.0
  9
$PELEVATION
 40
0.0
  9
$THICKNESS
 40
0.0
  9
$LIMCHECK
 70
     0
  9
$CHAMFERA
 40
0.0
  9
$CHAMFERB
 40
0.0
  9
$CHAMFERC
 40
0.0
  9
$CHAMFERD
 40
0.0
  9
$SKPOLY
 70
     0
  9
$TDCREATE
 40
2461227.852464943
  9
$TDUCREATE
 40
2461227.519131609
  9
$TDUPDATE
 40
2461227.854317998
  9
$TDUUPDATE
 40
2461227.520984665
  9
$TDINDWG
 40
0.0005302315
  9
$TDUSRTIMER
 40
0.0005302199
  9
$USRTIMER
 70
     1
  9
$ANGBASE
 50
0.0
  9
$ANGDIR
 70
     0
  9
$PDMODE
 70
     0
  9
$PDSIZE
 40
0.0
  9
$PLINEWID
 40
0.0
  9
$SPLFRAME
 70
     0
  9
$SPLINETYPE
 70
     6
  9
$SPLINESEGS
 70
     8
  9
$HANDSEED
  5
DFB
  9
$SURFTAB1
 70
     6
  9
$SURFTAB2
 70
     6
  9
$SURFTYPE
 70
     6
  9
$SURFU
 70
     6
  9
$SURFV
 70
     6
  9
$UCSBASE
  2

  9
$UCSNAME
  2

  9
$UCSORG
 10
0.0
 20
0.0
 30
0.0
  9
$UCSXDIR
 10
1.0
 20
0.0
 30
0.0
  9
$UCSYDIR
 10
0.0
 20
1.0
 30
0.0
  9
$UCSORTHOREF
  2

  9
$UCSORTHOVIEW
 70
     0
  9
$UCSORGTOP
 10
0.0
 20
0.0
 30
0.0
  9
$UCSORGBOTTOM
 10
0.0
 20
0.0
 30
0.0
  9
$UCSORGLEFT
 10
0.0
 20
0.0
 30
0.0
  9
$UCSORGRIGHT
 10
0.0
 20
0.0
 30
0.0
  9
$UCSORGFRONT
 10
0.0
 20
0.0
 30
0.0
  9
$UCSORGBACK
 10
0.0
 20
0.0
 30
0.0
  9
$PUCSBASE
  2

  9
$PUCSNAME
  2

  9
$PUCSORG
 10
0.0
 20
0.0
 30
0.0
  9
$PUCSXDIR
 10
1.0
 20
0.0
 30
0.0
  9
$PUCSYDIR
 10
0.0
 20
1.0
 30
0.0
  9
$PUCSORTHOREF
  2

  9
$PUCSORTHOVIEW
 70
     0
  9
$PUCSORGTOP
 10
0.0
 20
0.0
 30
0.0
  9
$PUCSORGBOTTOM
 10
0.0
 20
0.0
 30
0.0
  9
$PUCSORGLEFT
 10
0.0
 20
0.0
 30
0.0
  9
$PUCSORGRIGHT
 10
0.0
 20
0.0
 30
0.0
  9
$PUCSORGFRONT
 10
0.0
 20
0.0
 30
0.0
  9
$PUCSORGBACK
 10
0.0
 20
0.0
 30
0.0
  9
$USERI1
 70
     0
  9
$USERI2
 70
     0
  9
$USERI3
 70
     0
  9
$USERI4
 70
     0
  9
$USERI5
 70
     0
  9
$USERR1
 40
0.0
  9
$USERR2
 40
0.0
  9
$USERR3
 40
0.0
  9
$USERR4
 40
0.0
  9
$USERR5
 40
0.0
  9
$WORLDVIEW
 70
     1
  9
$SHADEDGE
 70
     3
  9
$SHADEDIF
 70
    70
  9
$TILEMODE
 70
     1
  9
$MAXACTVP
 70
    64
  9
$PINSBASE
 10
0.0
 20
0.0
 30
0.0
  9
$PLIMCHECK
 70
     0
  9
$PEXTMIN
 10
1.000000000000000E+20
 20
1.000000000000000E+20
 30
1.000000000000000E+20
  9
$PEXTMAX
 10
-1.000000000000000E+20
 20
-1.000000000000000E+20
 30
-1.000000000000000E+20
  9
$PLIMMIN
 10
-20.0
 20
-7.5
  9
$PLIMMAX
 10
277.0
 20
202.5
  9
$UNITMODE
 70
     0
  9
$VISRETAIN
 70
     1
  9
$PLINEGEN
 70
     0
  9
$PSLTSCALE
 70
     0
  9
$TREEDEPTH
 70
  3020
  9
$CMLSTYLE
  2
Standard
  9
$CMLJUST
 70
     0
  9
$CMLSCALE
 40
1.0
  9
$PROXYGRAPHICS
 70
     1
  9
$MEASUREMENT
 70
     1
  9
$CELWEIGHT
370
    -1
  9
$ENDCAPS
280
     0
  9
$JOINSTYLE
280
     0
  9
$LWDISPLAY
290
     0
  9
$INSUNITS
 70
     4
  9
$HYPERLINKBASE
  1

  9
$STYLESHEET
  1

  9
$XEDIT
290
     1
  9
$CEPSNTYPE
380
     0
  9
$PSTYLEMODE
290
     1
  9
$FINGERPRINTGUID
  2
{37796273-78b9-3170-7674-7839727365f6}
  9
$VERSIONGUID
  2
{FAEB1C32-E019-11D5-929B-00C0DF256EC4}
  9
$EXTNAMES
290
     1
  9
$PSVPSCALE
 40
0.0
  9
$OLESTARTUP
290
     0
  9
$SORTENTS
280
   127
  9
$INDEXCTL
280
     0
  9
$HIDETEXT
280
     1
  9
$XCLIPFRAME
280
     0
  9
$HALOGAP
280
     0
  9
$OBSCOLOR
 70
   257
  9
$OBSLTYPE
280
     0
  9
$INTERSECTIONDISPLAY
280
     0
  9
$INTERSECTIONCOLOR
 70
   257
  9
$DIMASSOC
280
     2
  9
$PROJECTNAME
  1

  9
$CAMERADISPLAY
290
     0
  9
$LENSLENGTH
 40
50.0
  9
$CAMERAHEIGHT
 40
0.0
  9
$STEPSPERSEC
 40
2.0
  9
$STEPSIZE
 40
6.0
  9
$3DDWFPREC
 40
2.0
  9
$PSOLWIDTH
 40
0.25
  9
$PSOLHEIGHT
 40
4.0
  9
$LOFTANG1
 40
1.570796326794897
  9
$LOFTANG2
 40
1.570796326794897
  9
$LOFTMAG1
 40
0.0
  9
$LOFTMAG2
 40
0.0
  9
$LOFTPARAM
 70
     7
  9
$LOFTNORMALS
280
     1
  9
$LATITUDE
 40
37.795
  9
$LONGITUDE
 40
-122.394
  9
$NORTHDIRECTION
 40
0.0
  9
$TIMEZONE
 70
 -8000
  9
$LIGHTGLYPHDISPLAY
280
     1
  9
$TILEMODELIGHTSYNCH
280
     1
  9
$CMATERIAL
347
44
  9
$SOLIDHIST
280
     0
  9
$SHOWHIST
280
     1
  9
$DWFFRAME
280
     2
  9
$DGNFRAME
280
     2
  9
$REALWORLDSCALE
290
     1
  9
$INTERFERECOLOR
 62
   256
  9
$INTERFEREOBJVS
345
33
  9
$INTERFEREVPVS
346
30
  9
$CSHADOW
280
     0
  9
$SHADOWPLANELOCATION
 40
0.0
  0
ENDSEC
  0
SECTION
  2
CLASSES
  0
CLASS
  1
ACDBDICTIONARYWDFLT
  2
AcDbDictionaryWithDefault
  3
ObjectDBX Classes
 90
        0
 91
        1
280
     0
281
     0
  0
CLASS
  1
VISUALSTYLE
  2
AcDbVisualStyle
  3
ObjectDBX Classes
 90
     4095
 91
        1
280
     0
281
     0
  0
CLASS
  1
MATERIAL
  2
AcDbMaterial
  3
ObjectDBX Classes
 90
     1153
 91
        1
280
     0
281
     0
  0
CLASS
  1
SCALE
  2
AcDbScale
  3
ObjectDBX Classes
 90
     1153
 91
        1
280
     0
281
     0
  0
CLASS
  1
TABLESTYLE
  2
AcDbTableStyle
  3
ObjectDBX Classes
 90
     4095
 91
        1
280
     0
281
     0
  0
CLASS
  1
MLEADERSTYLE
  2
AcDbMLeaderStyle
  3
ACDB_MLEADERSTYLE_CLASS
 90
     4095
 91
        1
280
     0
281
     0
  0
CLASS
  1
SUN
  2
AcDbSun
  3
SCENEOE
 90
     1153
 91
        1
280
     0
281
     0
  0
CLASS
  1
WIPEOUTVARIABLES
  2
AcDbWipeoutVariables
  3
WipeOut|AutoCAD Express Tool|expresstools@autodesk.com
 90
        0
 91
        1
280
     0
281
     0
  0
CLASS
  1
RASTERVARIABLES
  2
AcDbRasterVariables
  3
ObjectDBX Classes
 90
        0
 91
        1
280
     0
281
     0
  0
CLASS
  1
SORTENTSTABLE
  2
AcDbSortentsTable
  3
ObjectDBX Classes
 90
        0
 91
        1
280
     0
281
     0
  0
CLASS
  1
DICTIONARYVAR
  2
AcDbDictionaryVar
  3
ObjectDBX Classes
 90
        0
 91
        1
280
     0
281
     0
  0
CLASS
  1
CELLSTYLEMAP
  2
AcDbCellStyleMap
  3
ObjectDBX Classes
 90
     1152
 91
        1
280
     0
281
     0
  0
ENDSEC
  0
SECTION
  2
TABLES
  0
TABLE
  2
VPORT
  5
8
330
0
100
AcDbSymbolTable
 70
     1
  0
VPORT
  5
29
330
8
100
AcDbSymbolTableRecord
100
AcDbViewportTableRecord
  2
*Active
 70
     0
 10
0.0
 20
0.0
 11
1.0
 21
1.0
 12
23576.02653435181
 22
-16774.0708878542
 13
0.0
 23
0.0
 14
0.5
 24
0.5
 15
0.5
 25
0.5
 16
0.0
 26
0.0
 36
1.0
 17
0.0
 27
0.0
 37
0.0
 40
24084.1041245625
 41
2.29802513464991
 42
50.0
 43
0.0
 44
0.0
 50
0.0
 51
0.0
 71
     0
 72
 10000
 73
     1
 74
     3
 75
     0
 76
     0
 77
     0
 78
     0
281
     0
 65
     1
110
0.0
120
0.0
130
0.0
111
1.0
121
0.0
131
0.0
112
0.0
122
1.0
132
0.0
 79
     0
146
0.0
348
2F
 60
     3
 61
     5
292
     1
282
     1
141
0.0
142
0.0
 63
   250
361
5D
  0
ENDTAB
  0
TABLE
  2
LTYPE
  5
5
330
0
100
AcDbSymbolTable
 70
    53
  0
LTYPE
  5
14
330
5
100
AcDbSymbolTableRecord
100
AcDbLinetypeTableRecord
  2
ByBlock
 70
     0
  3

 72
    65
 73
     0
 40
0.0
  0
LTYPE
  5
15
330
5
100
AcDbSymbolTableRecord
100
AcDbLinetypeTableRecord
  2
ByLayer
 70
     0
  3

 72
    65
 73
     0
 40
0.0
  0
LTYPE
  5
16
330
5
100
AcDbSymbolTableRecord
100
AcDbLinetypeTableRecord
  2
Continuous
 70
     0
  3
Solid line
 72
    65
 73
     0
 40
0.0
  0
LTYPE
  5
60
330
5
100
AcDbSymbolTableRecord
100
AcDbLinetypeTableRecord
  2
ACAD_ISO08W100
 70
     0
  3
ISO long-dash short-dash ____ __ ____ __ ____ _
 72
    65
 73
     4
 40
36.0
 49
24.0
 74
     0
 49
-3.0
 74
     0
 49
6.0
 74
     0
 49
-3.0
 74
     0
  0
LTYPE
  5
61
330
5
100
AcDbSymbolTableRecord
100
AcDbLinetypeTableRecord
  2
DOT2
 70
     0
  3
Dot (.5x) ........................................
 72
    65
 73
     2
 40
3.175
 49
0.0
 74
     0
 49
-3.175
 74
     0
  0
LTYPE
  5
62
330
5
100
AcDbSymbolTableRecord
100
AcDbLinetypeTableRecord
  2
PHANTOMX2
 70
     0
  3
Phantom (2x) ____________    ____    ____   _
 72
    65
 73
     6
 40
127.0
 49
63.5
 74
     0
 49
-12.7
 74
     0
 49
12.7
 74
     0
 49
-12.7
 74
     0
 49
12.7
 74
     0
 49
-12.7
 74
     0
  0
LTYPE
  5
63
330
5
100
AcDbSymbolTableRecord
100
AcDbLinetypeTableRecord
  2
JIS_09_08
 70
     0
  3
2SASEN8 __ _ _ __ _ _ __ _ _ __ _ _ __ _ _ 
 72
    65
 73
     6
 40
10.75
 49
8.0
 74
     0
 49
-0.55
 74
     0
 49
0.55
 74
     0
 49
-0.55
 74
     0
 49
0.55
 74
     0
 49
-0.55
 74
     0
  0
LTYPE
  5
64
330
5
100
AcDbSymbolTableRecord
100
AcDbLinetypeTableRecord
  2
JIS_08_37
 70
     0
  3
1SASEN37 ________  __  ________  __  _____
 72
    65
 73
     4
 40
40.5
 49
37.5
 74
     0
 49
-1.125
 74
     0
 49
0.75
 74
     0
 49
-1.125
 74
     0
  0
LTYPE
  5
65
330
5
100
AcDbSymbolTableRecord
100
AcDbLinetypeTableRecord
  2
CENTER2
 70
     0
  3
Center (.5x) ___ _ ___ _ ___ _ ___ _ ___ _ ___
 72
    65
 73
     4
 40
28.575
 49
19.05
 74
     0
 49
-3.175
 74
     0
 49
3.175
 74
     0
 49
-3.175
 74
     0
  0
LTYPE
  5
66
330
5
100
AcDbSymbolTableRecord
100
AcDbLinetypeTableRecord
  2
CENTER
 70
     0
  3
Center ____ _ ____ _ ____ _ ____ _ ____ _ ____
 72
    65
 73
     4
 40
50.8
 49
31.75
 74
     0
 49
-6.35
 74
     0
 49
6.35
 74
     0
 49
-6.35
 74
     0
  0
LTYPE
  5
67
330
5
100
AcDbSymbolTableRecord
100
AcDbLinetypeTableRecord
  2
DASHDOT
 70
     0
  3
Dash dot __ . __ . __ . __ . __ . __ . __ . __
 72
    65
 73
     4
 40
1.0
 49
0.5
 74
     0
 49
-0.25
 74
     0
 49
0.0
 74
     0
 49
-0.25
 74
     0
  0
LTYPE
  5
68
330
5
100
AcDbSymbolTableRecord
100
AcDbLinetypeTableRecord
  2
ACAD_ISO09W100
 70
     0
  3
ISO long-dash double-short-dash ____ __ __ ____
 72
    65
 73
     6
 40
39.0
 49
24.0
 74
     0
 49
-3.0
 74
     0
 49
6.0
 74
     0
 49
-3.0
 74
     0
 49
6.0
 74
     0
 49
-3.0
 74
     0
  0
LTYPE
  5
69
330
5
100
AcDbSymbolTableRecord
100
AcDbLinetypeTableRecord
  2
PHANTOM2
 70
     0
  3
Phantom (.5x) ___ _ _ ___ _ _ ___ _ _ ___ _ _
 72
    65
 73
     6
 40
31.75
 49
15.875
 74
     0
 49
-3.175
 74
     0
 49
3.175
 74
     0
 49
-3.175
 74
     0
 49
3.175
 74
     0
 49
-3.175
 74
     0
  0
LTYPE
  5
6A
330
5
100
AcDbSymbolTableRecord
100
AcDbLinetypeTableRecord
  2
DOTX2
 70
     0
  3
Dot (2x) .  .  .  .  .  .  .  .  .  .  .  .  .  .
 72
    65
 73
     2
 40
12.7
 49
0.0
 74
     0
 49
-12.7
 74
     0
  0
LTYPE
  5
6B
330
5
100
AcDbSymbolTableRecord
100
AcDbLinetypeTableRecord
  2
JIS_02_1.0
 70
     0
  3
HIDDEN01 _ _ _ _ _ _ _ _ _ _ _ _ _ _ _ _ _ 
 72
    65
 73
     2
 40
2.0
 49
1.0
 74
     0
 49
-1.0
 74
     0
  0
LTYPE
  5
6C
330
5
100
AcDbSymbolTableRecord
100
AcDbLinetypeTableRecord
  2
JIS_02_1.2
 70
     0
  3
HIDDEN01.25  _ _ _ _ _ _ _ _ _ _ _ _ _ _ _ _ _ 
 72
    65
 73
     2
 40
2.5
 49
1.25
 74
     0
 49
-1.25
 74
     0
  0
LTYPE
  5
6D
330
5
100
AcDbSymbolTableRecord
100
AcDbLinetypeTableRecord
  2
DOT
 70
     0
  3
Dot . . . . . . . . . . . . . . . . . . . . . . . .
 72
    65
 73
     2
 40
6.35
 49
0.0
 74
     0
 49
-6.35
 74
     0
  0
LTYPE
  5
6E
330
5
100
AcDbSymbolTableRecord
100
AcDbLinetypeTableRecord
  2
ACAD_ISO05W100
 70
     0
  3
ISO long-dash double-dot ____ .. ____ .. ____ .
 72
    65
 73
     6
 40
33.0
 49
24.0
 74
     0
 49
-3.0
 74
     0
 49
0.0
 74
     0
 49
-3.0
 74
     0
 49
0.0
 74
     0
 49
-3.0
 74
     0
  0
LTYPE
  5
6F
330
5
100
AcDbSymbolTableRecord
100
AcDbLinetypeTableRecord
  2
HIDDEN
 70
     0
  3
Hidden __ __ __ __ __ __ __ __ __ __ __ __ __ __
 72
    65
 73
     2
 40
9.525
 49
6.35
 74
     0
 49
-3.175
 74
     0
  0
LTYPE
  5
70
330
5
100
AcDbSymbolTableRecord
100
AcDbLinetypeTableRecord
  2
JIS_08_25
 70
     0
  3
1SASEN25 ________  __  ________  __  _____
 72
    65
 73
     4
 40
28.0
 49
25.0
 74
     0
 49
-1.125
 74
     0
 49
0.75
 74
     0
 49
-1.125
 74
     0
  0
LTYPE
  5
71
330
5
100
AcDbSymbolTableRecord
100
AcDbLinetypeTableRecord
  2
ACAD_ISO07W100
 70
     0
  3
ISO dot . . . . . . .
 72
    65
 73
     2
 40
3.0
 49
0.0
 74
     0
 49
-3.0
 74
     0
  0
LTYPE
  5
72
330
5
100
AcDbSymbolTableRecord
100
AcDbLinetypeTableRecord
  2
BORDER
 70
     0
  3
Border __ __ . __ __ . __ __ . __ __ . __ __ .
 72
    65
 73
     6
 40
44.45
 49
12.7
 74
     0
 49
-6.35
 74
     0
 49
12.7
 74
     0
 49
-6.35
 74
     0
 49
0.0
 74
     0
 49
-6.35
 74
     0
  0
LTYPE
  5
73
330
5
100
AcDbSymbolTableRecord
100
AcDbLinetypeTableRecord
  2
ACAD_ISO10W100
 70
     0
  3
ISO dash dot __ . __ . __ . __ . __ . __ . __ .
 72
    65
 73
     4
 40
18.0
 49
12.0
 74
     0
 49
-3.0
 74
     0
 49
0.0
 74
     0
 49
-3.0
 74
     0
  0
LTYPE
  5
74
330
5
100
AcDbSymbolTableRecord
100
AcDbLinetypeTableRecord
  2
DASHEDX2
 70
     0
  3
Dashed (2x) ____  ____  ____  ____  ____  ___
 72
    65
 73
     2
 40
38.1
 49
25.4
 74
     0
 49
-12.7
 74
     0
  0
LTYPE
  5
75
330
5
100
AcDbSymbolTableRecord
100
AcDbLinetypeTableRecord
  2
CENTERX2
 70
     0
  3
Center (2x) ________  __  ________  __  _____
 72
    65
 73
     4
 40
101.6
 49
63.5
 74
     0
 49
-12.7
 74
     0
 49
12.7
 74
     0
 49
-12.7
 74
     0
  0
LTYPE
  5
76
330
5
100
AcDbSymbolTableRecord
100
AcDbLinetypeTableRecord
  2
ACAD_ISO06W100
 70
     0
  3
ISO long-dash triple-dot ____ ... ____ ... ____
 72
    65
 73
     8
 40
36.0
 49
24.0
 74
     0
 49
-3.0
 74
     0
 49
0.0
 74
     0
 49
-3.0
 74
     0
 49
0.0
 74
     0
 49
-3.0
 74
     0
 49
0.0
 74
     0
 49
-3.0
 74
     0
  0
LTYPE
  5
77
330
5
100
AcDbSymbolTableRecord
100
AcDbLinetypeTableRecord
  2
ACAD_ISO11W100
 70
     0
  3
ISO double-dash dot __ __ . __ __ . __ __ . __ _
 72
    65
 73
     6
 40
33.0
 49
12.0
 74
     0
 49
-3.0
 74
     0
 49
12.0
 74
     0
 49
-3.0
 74
     0
 49
0.0
 74
     0
 49
-3.0
 74
     0
  0
LTYPE
  5
78
330
5
100
AcDbSymbolTableRecord
100
AcDbLinetypeTableRecord
  2
DASHDOT2
 70
     0
  3
Dash dot (.5x) _._._._._._._._._._._._._._._.._._.
 72
    65
 73
     4
 40
12.7
 49
6.35
 74
     0
 49
-3.175
 74
     0
 49
0.0
 74
     0
 49
-3.175
 74
     0
  0
LTYPE
  5
79
330
5
100
AcDbSymbolTableRecord
100
AcDbLinetypeTableRecord
  2
ACAD_ISO12W100
 70
     0
  3
ISO dash double-dot __ . . __ . . __ . . __ . . 
 72
    65
 73
     6
 40
21.0
 49
12.0
 74
     0
 49
-3.0
 74
     0
 49
0.0
 74
     0
 49
-3.0
 74
     0
 49
0.0
 74
     0
 49
-3.0
 74
     0
  0
LTYPE
  5
7A
330
5
100
AcDbSymbolTableRecord
100
AcDbLinetypeTableRecord
  2
BORDER2
 70
     0
  3
Border (.5x) __.__.__.__.__.__.__.__.__.__.__.
 72
    65
 73
     6
 40
22.225
 49
6.35
 74
     0
 49
-3.175
 74
     0
 49
6.35
 74
     0
 49
-3.175
 74
     0
 49
0.0
 74
     0
 49
-3.175
 74
     0
  0
LTYPE
  5
7B
330
5
100
AcDbSymbolTableRecord
100
AcDbLinetypeTableRecord
  2
JIS_09_29
 70
     0
  3
2SASEN29 ______丂__  __  ______丂__  __  ___
 72
    65
 73
     6
 40
34.0
 49
29.0
 74
     0
 49
-1.2
 74
     0
 49
0.7
 74
     0
 49
-1.2
 74
     0
 49
0.7
 74
     0
 49
-1.2
 74
     0
  0
LTYPE
  5
7C
330
5
100
AcDbSymbolTableRecord
100
AcDbLinetypeTableRecord
  2
DASHDOTX2
 70
     0
  3
Dash dot (2x) ____  .  ____  .  ____  .  ___
 72
    65
 73
     4
 40
50.8
 49
25.4
 74
     0
 49
-12.7
 74
     0
 49
0.0
 74
     0
 49
-12.7
 74
     0
  0
LTYPE
  5
7D
330
5
100
AcDbSymbolTableRecord
100
AcDbLinetypeTableRecord
  2
DIVIDE2
 70
     0
  3
Divide (.5x) __..__..__..__..__..__..__..__.._
 72
    65
 73
     6
 40
15.875
 49
6.35
 74
     0
 49
-3.175
 74
     0
 49
0.0
 74
     0
 49
-3.175
 74
     0
 49
0.0
 74
     0
 49
-3.175
 74
     0
  0
LTYPE
  5
7E
330
5
100
AcDbSymbolTableRecord
100
AcDbLinetypeTableRecord
  2
JIS_08_15
 70
     0
  3
1SASEN15 ____ _ ____ _ ____ _ ____ _ ____ 
 72
    65
 73
     4
 40
17.25
 49
15.0
 74
     0
 49
-0.75
 74
     0
 49
0.75
 74
     0
 49
-0.75
 74
     0
  0
LTYPE
  5
7F
330
5
100
AcDbSymbolTableRecord
100
AcDbLinetypeTableRecord
  2
ACAD_ISO03W100
 70
     0
  3
ISO dash space __    __    __    __    __    __
 72
    65
 73
     2
 40
30.0
 49
12.0
 74
     0
 49
-18.0
 74
     0
  0
LTYPE
  5
80
330
5
100
AcDbSymbolTableRecord
100
AcDbLinetypeTableRecord
  2
DIVIDE
 70
     0
  3
Divide ____ . . ____ . . ____ . . ____ . . ____
 72
    65
 73
     6
 40
31.75
 49
12.7
 74
     0
 49
-6.35
 74
     0
 49
0.0
 74
     0
 49
-6.35
 74
     0
 49
0.0
 74
     0
 49
-6.35
 74
     0
  0
LTYPE
  5
81
330
5
100
AcDbSymbolTableRecord
100
AcDbLinetypeTableRecord
  2
DIVIDEX2
 70
     0
  3
Divide (2x) ________  .  .  ________  .  .  _
 72
    65
 73
     6
 40
63.5
 49
25.4
 74
     0
 49
-12.7
 74
     0
 49
0.0
 74
     0
 49
-12.7
 74
     0
 49
0.0
 74
     0
 49
-12.7
 74
     0
  0
LTYPE
  5
82
330
5
100
AcDbSymbolTableRecord
100
AcDbLinetypeTableRecord
  2
JIS_08_11
 70
     0
  3
1SASEN11 ___ _ ___ _ ___ _ ___ _ ___ _ ___
 72
    65
 73
     4
 40
12.8
 49
11.0
 74
     0
 49
-0.6
 74
     0
 49
0.6
 74
     0
 49
-0.6
 74
     0
  0
LTYPE
  5
83
330
5
100
AcDbSymbolTableRecord
100
AcDbLinetypeTableRecord
  2
JIS_08_50
 70
     0
  3
1SASEN50 _______________  __  ____________
 72
    65
 73
     4
 40
53.0
 49
50.0
 74
     0
 49
-1.125
 74
     0
 49
0.75
 74
     0
 49
-1.125
 74
     0
  0
LTYPE
  5
84
330
5
100
AcDbSymbolTableRecord
100
AcDbLinetypeTableRecord
  2
ACAD_ISO13W100
 70
     0
  3
ISO double-dash double-dot __ __ . . __ __ . . _
 72
    65
 73
     8
 40
36.0
 49
12.0
 74
     0
 49
-3.0
 74
     0
 49
12.0
 74
     0
 49
-3.0
 74
     0
 49
0.0
 74
     0
 49
-3.0
 74
     0
 49
0.0
 74
     0
 49
-3.0
 74
     0
  0
LTYPE
  5
85
330
5
100
AcDbSymbolTableRecord
100
AcDbLinetypeTableRecord
  2
ACAD_ISO04W100
 70
     0
  3
ISO long-dash dot ____ . ____ . ____ . ____ . _
 72
    65
 73
     4
 40
30.0
 49
24.0
 74
     0
 49
-3.0
 74
     0
 49
0.0
 74
     0
 49
-3.0
 74
     0
  0
LTYPE
  5
86
330
5
100
AcDbSymbolTableRecord
100
AcDbLinetypeTableRecord
  2
BORDERX2
 70
     0
  3
Border (2x) ____  ____  .  ____  ____  .  ___
 72
    65
 73
     6
 40
88.9
 49
25.4
 74
     0
 49
-12.7
 74
     0
 49
25.4
 74
     0
 49
-12.7
 74
     0
 49
0.0
 74
     0
 49
-12.7
 74
     0
  0
LTYPE
  5
87
330
5
100
AcDbSymbolTableRecord
100
AcDbLinetypeTableRecord
  2
JIS_02_4.0
 70
     0
  3
HIDDEN04 ____ ____ ____ ____ ____ ____ ____ 
 72
    65
 73
     2
 40
5.5
 49
4.0
 74
     0
 49
-1.5
 74
     0
  0
LTYPE
  5
88
330
5
100
AcDbSymbolTableRecord
100
AcDbLinetypeTableRecord
  2
ACAD_ISO14W100
 70
     0
  3
ISO dash triple-dot __ . . . __ . . . __ . . . _
 72
    65
 73
     8
 40
24.0
 49
12.0
 74
     0
 49
-3.0
 74
     0
 49
0.0
 74
     0
 49
-3.0
 74
     0
 49
0.0
 74
     0
 49
-3.0
 74
     0
 49
0.0
 74
     0
 49
-3.0
 74
     0
  0
LTYPE
  5
89
330
5
100
AcDbSymbolTableRecord
100
AcDbLinetypeTableRecord
  2
JIS_02_0.7
 70
     0
  3
HIDDEN0.75 _ _ _ _ _ _ _ _ _ _ _ _ _ _ _ _ _ 
 72
    65
 73
     2
 40
1.35
 49
0.75
 74
     0
 49
-0.6
 74
     0
  0
LTYPE
  5
8A
330
5
100
AcDbSymbolTableRecord
100
AcDbLinetypeTableRecord
  2
PHANTOM
 70
     0
  3
Phantom ______  __  __  ______  __  __  ______ 
 72
    65
 73
     6
 40
63.5
 49
31.75
 74
     0
 49
-6.35
 74
     0
 49
6.35
 74
     0
 49
-6.35
 74
     0
 49
6.35
 74
     0
 49
-6.35
 74
     0
  0
LTYPE
  5
8B
330
5
100
AcDbSymbolTableRecord
100
AcDbLinetypeTableRecord
  2
DASHED2
 70
     0
  3
Dashed (.5x) _ _ _ _ _ _ _ _ _ _ _ _ _ _ _ _ _ 
 72
    65
 73
     2
 40
9.525
 49
6.35
 74
     0
 49
-3.175
 74
     0
  0
LTYPE
  5
8C
330
5
100
AcDbSymbolTableRecord
100
AcDbLinetypeTableRecord
  2
HIDDENX2
 70
     0
  3
Hidden (2x) ____ ____ ____ ____ ____ ____ ____ 
 72
    65
 73
     2
 40
19.05
 49
12.7
 74
     0
 49
-6.35
 74
     0
  0
LTYPE
  5
8D
330
5
100
AcDbSymbolTableRecord
100
AcDbLinetypeTableRecord
  2
JIS_02_2.0
 70
     0
  3
HIDDEN02 __ __ __ __ __ __ __ __ __ __ __ 
 72
    65
 73
     2
 40
3.0
 49
2.0
 74
     0
 49
-1.0
 74
     0
  0
LTYPE
  5
8E
330
5
100
AcDbSymbolTableRecord
100
AcDbLinetypeTableRecord
  2
JIS_09_15
 70
     0
  3
2SASEN15 ___ _ _ ___ _ _ ___ _ _ ___ _ _ ___ 
 72
    65
 73
     6
 40
18.9
 49
15.0
 74
     0
 49
-0.9
 74
     0
 49
0.6
 74
     0
 49
-0.9
 74
     0
 49
0.6
 74
     0
 49
-0.9
 74
     0
  0
LTYPE
  5
8F
330
5
100
AcDbSymbolTableRecord
100
AcDbLinetypeTableRecord
  2
ACAD_ISO15W100
 70
     0
  3
ISO double-dash triple-dot __ __ . . . __ __ . .
 72
    65
 73
    10
 40
39.0
 49
12.0
 74
     0
 49
-3.0
 74
     0
 49
12.0
 74
     0
 49
-3.0
 74
     0
 49
0.0
 74
     0
 49
-3.0
 74
     0
 49
0.0
 74
     0
 49
-3.0
 74
     0
 49
0.0
 74
     0
 49
-3.0
 74
     0
  0
LTYPE
  5
90
330
5
100
AcDbSymbolTableRecord
100
AcDbLinetypeTableRecord
  2
DASHED
 70
     0
  3
Dashed __ __ __ __ __ __ __ __ __ __ __ __ __ _
 72
    65
 73
     2
 40
0.75
 49
0.5
 74
     0
 49
-0.25
 74
     0
  0
LTYPE
  5
91
330
5
100
AcDbSymbolTableRecord
100
AcDbLinetypeTableRecord
  2
HIDDEN2
 70
     0
  3
Hidden (.5x) _ _ _ _ _ _ _ _ _ _ _ _ _ _ _ _ _ 
 72
    65
 73
     2
 40
4.7625
 49
3.175
 74
     0
 49
-1.5875
 74
     0
  0
LTYPE
  5
92
330
5
100
AcDbSymbolTableRecord
100
AcDbLinetypeTableRecord
  2
JIS_09_50
 70
     0
  3
2SASEN50 ____________丂__  __  _____________
 72
    65
 73
     6
 40
55.0
 49
50.0
 74
     0
 49
-1.2
 74
     0
 49
0.7
 74
     0
 49
-1.2
 74
     0
 49
0.7
 74
     0
 49
-1.2
 74
     0
  0
LTYPE
  5
93
330
5
100
AcDbSymbolTableRecord
100
AcDbLinetypeTableRecord
  2
ACAD_ISO02W100
 70
     0
  3
ISO dash___ ___ ___ ___ ___
 72
    65
 73
     2
 40
15.0
 49
12.0
 74
     0
 49
-3.0
 74
     0
  0
ENDTAB
  0
TABLE
  2
LAYER
  5
2
330
0
100
AcDbSymbolTable
 70
    10
  0
LAYER
  5
10
330
2
100
AcDbSymbolTableRecord
100
AcDbLayerTableRecord
  2
0
 70
     0
 62
     7
  6
Continuous
370
    13
390
F
347
46
348
0
  0
LAYER
  5
A3
330
2
100
AcDbSymbolTableRecord
100
AcDbLayerTableRecord
  2
DS-门窗
 70
     0
 62
     7
  6
Continuous
370
    13
390
F
347
46
348
0
  0
LAYER
  5
A4
330
2
100
AcDbSymbolTableRecord
100
AcDbLayerTableRecord
  2
图框
 70
     0
 62
     4
  6
Continuous
370
    -3
390
F
347
46
348
0
  0
LAYER
  5
A5
330
2
100
AcDbSymbolTableRecord
100
AcDbLayerTableRecord
  2
SH-尺寸标注
 70
     0
 62
    32
  6
Continuous
370
    -3
390
F
347
46
348
0
  0
LAYER
  5
A6
330
2
100
AcDbSymbolTableRecord
100
AcDbLayerTableRecord
  2
00图框
 70
     0
 62
     7
  6
Continuous
370
    -3
390
F
347
46
348
0
  0
LAYER
  5
A7
330
2
100
AcDbSymbolTableRecord
100
AcDbLayerTableRecord
  2
SH-文字标注
 70
     0
 62
     2
  6
Continuous
370
    13
390
F
347
46
348
0
  0
LAYER
  5
A8
330
2
100
AcDbSymbolTableRecord
100
AcDbLayerTableRecord
  2
SH-符号标注
 70
     0
 62
     1
  6
Continuous
370
    -3
390
F
347
46
348
0
  0
LAYER
  5
A9
330
2
100
AcDbSymbolTableRecord
100
AcDbLayerTableRecord
  2
图框文字
 70
     0
 62
     7
  6
Continuous
370
    -3
390
F
347
46
348
0
  0
LAYER
  5
AA
330
2
100
AcDbSymbolTableRecord
100
AcDbLayerTableRecord
  2
BS-非承重墙
 70
     0
 62
     7
  6
Continuous
370
    50
390
F
347
46
348
0
  0
LAYER
  5
519
330
2
100
AcDbSymbolTableRecord
100
AcDbLayerTableRecord
  2
Defpoints
 70
     0
 62
     7
  6
Continuous
290
     0
370
    -3
390
F
347
46
348
0
  0
ENDTAB
  0
TABLE
  2
STYLE
  5
3
330
0
100
AcDbSymbolTable
 70
    16
  0
STYLE
  5
11
330
3
100
AcDbSymbolTableRecord
100
AcDbTextStyleTableRecord
  2
Standard
 70
     0
 40
0.0
 41
1.0
 50
0.0
 71
     0
 42
0.2
  3
SimSun.ttf
  4

1001
ACAD
1000
SimSun
1071
       34
  0
STYLE
  5
94
330
3
100
AcDbSymbolTableRecord
100
AcDbTextStyleTableRecord
  2
defaultTagTextStyle_446.4285714285714_ZH_SimSun
 70
     0
 40
446.4285714285714
 41
1.0
 50
0.0
 71
     0
 42
0.2
  3

  4

1001
ACAD
1000
SimSun
1071
       34
  0
STYLE
  5
95
330
3
100
AcDbSymbolTableRecord
100
AcDbTextStyleTableRecord
  2
0e113b756c7cbd20a20592cb0b51655f_SimSun
 70
     0
 40
176.6350640386165
 41
1.0
 50
0.0
 71
     0
 42
0.2
  3

  4

1001
ACAD
1000
SimSun
1071
       34
  0
STYLE
  5
96
330
3
100
AcDbSymbolTableRecord
100
AcDbTextStyleTableRecord
  2
1e150f8d9abff80a802f8b29d9676000_SimSun
 70
     0
 40
235.513418718149
 41
1.0
 50
0.0
 71
     0
 42
0.2
  3

  4

1001
ACAD
1000
SimSun
1071
       34
  0
STYLE
  5
97
330
3
100
AcDbSymbolTableRecord
100
AcDbTextStyleTableRecord
  2
b411453e04fa315575d897f6d9934d12_SimSun
 70
     0
 40
210.9939311753045
 41
1.0
 50
0.0
 71
     0
 42
0.2
  3

  4

1001
ACAD
1000
SimSun
1071
       34
  0
STYLE
  5
98
330
3
100
AcDbSymbolTableRecord
100
AcDbTextStyleTableRecord
  2
2d1e2366a3f214301024c2bbb94502e4_SimSun
 70
     0
 40
125.8770612124868
 41
1.0
 50
0.0
 71
     0
 42
0.2
  3

  4

1001
ACAD
1000
SimSun
1071
       34
  0
STYLE
  5
99
330
3
100
AcDbSymbolTableRecord
100
AcDbTextStyleTableRecord
  2
e7311fcd6f339991f75d87c2bb3e43e7_SimSun
 70
     0
 40
149.8721755479135
 41
1.0
 50
0.0
 71
     0
 42
0.2
  3

  4

1001
ACAD
1000
SimSun
1071
       34
  0
STYLE
  5
9A
330
3
100
AcDbSymbolTableRecord
100
AcDbTextStyleTableRecord
  2
31c75dbd597bbf9dbb9d78976e414cb7_SimSun
 70
     0
 40
141.0561652215657
 41
1.0
 50
0.0
 71
     0
 42
0.2
  3

  4

1001
ACAD
1000
SimSun
1071
       34
  0
STYLE
  5
9B
330
3
100
AcDbSymbolTableRecord
100
AcDbTextStyleTableRecord
  2
8c1861f19ccae897a1b159ab4070abdc_SimSun
 70
     0
 40
214.912156279151
 41
1.0
 50
0.0
 71
     0
 42
0.2
  3

  4

1001
ACAD
1000
SimSun
1071
       34
  0
STYLE
  5
9C
330
3
100
AcDbSymbolTableRecord
100
AcDbTextStyleTableRecord
  2
自定义样式_SimSun_303.3707865168539
 70
     0
 40
303.3707865168539
 41
1.0
 50
0.0
 71
     0
 42
0.2
  3

  4

1001
ACAD
1000
SimSun
1071
       34
  0
STYLE
  5
9D
330
3
100
AcDbSymbolTableRecord
100
AcDbTextStyleTableRecord
  2
自定义样式_Arial_303.3707865168539
 70
     0
 40
303.3707865168539
 41
1.0
 50
0.0
 71
     0
 42
0.2
  3

  4

1001
ACAD
1000
Arial
1071
       34
  0
STYLE
  5
9E
330
3
100
AcDbSymbolTableRecord
100
AcDbTextStyleTableRecord
  2
DEFAULT_COMPASS_NEW_TEXT_STYLE46.90906220242788_Arial
 70
     0
 40
375.2724976194231
 41
1.0
 50
0.0
 71
     0
 42
0.2
  3

  4

1001
ACAD
1000
Arial
1071
       34
  0
STYLE
  5
9F
330
3
100
AcDbSymbolTableRecord
100
AcDbTextStyleTableRecord
  2
T_12_2_SimSun
 70
     0
 40
225.6381685575364
 41
1.0
 50
0.0
 71
     0
 42
0.2
  3

  4

1001
ACAD
1000
SimSun
1071
       34
  0
STYLE
  5
A0
330
3
100
AcDbSymbolTableRecord
100
AcDbTextStyleTableRecord
  2
D_20_2.35
 70
     0
 40
142.8571432420185
 41
1.0
 50
0.0
 71
     0
 42
0.2
  3

  4

1001
ACAD
1000
Arial
1071
       34
  0
STYLE
  5
A1
330
3
100
AcDbSymbolTableRecord
100
AcDbTextStyleTableRecord
  2
D_16_1.5
 70
     0
 40
114.2857194764274
 41
1.0
 50
0.0
 71
     0
 42
0.2
  3

  4

1001
ACAD
1000
Arial
1071
       34
  0
STYLE
  5
A2
330
3
100
AcDbSymbolTableRecord
100
AcDbTextStyleTableRecord
  2
T_20_SimSun
 70
     0
 40
178.5714285714286
 41
1.0
 50
0.0
 71
     0
 42
0.2
  3

  4

1001
ACAD
1000
SimSun
1071
       34
  0
ENDTAB
  0
TABLE
  2
VIEW
  5
6
330
0
100
AcDbSymbolTable
 70
     0
  0
ENDTAB
  0
TABLE
  2
UCS
  5
7
330
0
100
AcDbSymbolTable
 70
     0
  0
ENDTAB
  0
TABLE
  2
APPID
  5
9
330
0
100
AcDbSymbolTable
 70
     2
  0
APPID
  5
12
330
9
100
AcDbSymbolTableRecord
100
AcDbRegAppTableRecord
  2
ACAD
 70
     0
  0
APPID
  5
DEF
330
9
100
AcDbSymbolTableRecord
100
AcDbRegAppTableRecord
  2
ACAD_MLEADERVER
 70
     0
  0
ENDTAB
  0
TABLE
  2
DIMSTYLE
  5
A
330
0
100
AcDbSymbolTable
 70
     3
100
AcDbDimStyleTable
  0
DIMSTYLE
105
27
330
A
100
AcDbSymbolTableRecord
100
AcDbDimStyleTableRecord
  2
Standard
 70
     0
178
     0
340
11
  0
DIMSTYLE
105
AF
102
{ACAD_REACTORS
330
248
330
254
330
24C
330
250
330
24A
330
255
330
24D
330
247
330
24F
330
256
330
252
330
253
330
24E
330
251
330
24B
330
249
330
29E
330
29C
330
29F
330
2A2
330
2A3
330
29D
330
296
330
292
330
2A6
330
2A4
330
2AA
330
2A8
330
2AB
330
2A9
330
2AC
330
2AF
330
2BF
330
2BD
330
2C0
330
2C3
330
2BC
330
2B2
330
2BB
330
2B0
330
2B8
330
2C6
330
2B6
330
2B1
330
2B7
330
2E9
330
2DB
330
2D9
330
2D5
330
2DA
330
2C1
330
2C7
330
29A
330
2C5
330
2C8
330
2DE
330
2CB
330
2EF
330
2C9
330
2CC
330
295
330
2CF
330
2CD
330
2D0
330
2D3
330
294
330
2D1
330
2D4
330
2D7
330
298
330
2DC
330
2B4
330
2DF
330
299
330
2DD
330
2A0
330
2BE
330
2B5
330
2E4
330
2E1
330
2A1
330
2E3
330
2B3
330
2A5
330
2AE
330
2E0
330
2E6
330
29B
330
293
330
2A7
330
2E7
330
2AD
330
2C2
330
2D8
330
2CA
330
2E5
330
2CE
330
2C4
330
2D6
330
2D2
330
2F1
330
2E2
330
2EE
330
2ED
330
2F3
330
2F0
330
2F6
330
2EB
330
2EC
330
297
330
2EA
330
2F2
330
2F4
330
2F5
330
2E8
330
242
330
243
330
244
330
245
330
246
102
}
330
A
100
AcDbSymbolTableRecord
100
AcDbDimStyleTableRecord
  2
D_20_2.35
 70
     0
 41
35.71428581050463
 42
0.0
 44
47.61904774733951
 46
47.61904774733951
 49
335.7142729948247
290
     1
 73
     0
 74
     0
 77
     1
 78
     1
140
142.8571432420185
147
0.0
172
     1
174
     1
176
   252
177
   252
271
     0
178
   134
271
     0
279
     2
340
11
342
AB
371
     9
372
     9
  0
DIMSTYLE
105
B0
102
{ACAD_REACTORS
330
267
330
25C
330
261
330
25B
330
26C
330
279
330
273
330
278
330
27C
330
269
330
25E
330
275
330
25F
330
277
330
263
330
26A
330
26F
330
274
330
266
330
268
330
26E
330
270
330
271
330
25D
330
272
330
262
330
27B
330
260
330
264
330
27A
330
26D
330
26B
330
276
330
265
330
286
330
281
330
282
330
25A
330
258
330
259
330
257
330
290
330
291
330
28F
330
28E
330
289
330
28B
330
28C
330
288
330
28A
330
28D
330
285
330
287
330
27D
330
27F
330
280
330
27E
330
284
330
283
102
}
330
A
100
AcDbSymbolTableRecord
100
AcDbDimStyleTableRecord
  2
D_16_1.5
 70
     0
 41
28.57142986910685
 42
0.0
 44
38.0952398254758
 46
38.0952398254758
 49
171.4285792146411
290
     1
 73
     0
 74
     0
 77
     1
 78
     1
140
114.2857194764274
147
0.0
172
     1
174
     1
176
   252
177
   252
271
     0
178
   134
271
     0
279
     2
340
11
342
AB
371
     9
372
     9
  0
ENDTAB
  0
TABLE
  2
BLOCK_RECORD
  5
1
330
0
100
AcDbSymbolTable
 70
   208
  0
BLOCK_RECORD
  5
1F
102
{ACAD_XDICTIONARY
360
300
102
}
330
1
100
AcDbSymbolTableRecord
100
AcDbBlockTableRecord
  2
*Model_Space
340
22
 70
     0
280
     1
281
     0
  0
BLOCK_RECORD
  5
1B
330
1
100
AcDbSymbolTableRecord
100
AcDbBlockTableRecord
  2
*Paper_Space
340
1E
 70
     0
280
     1
281
     0
  0
BLOCK_RECORD
  5
23
330
1
100
AcDbSymbolTableRecord
100
AcDbBlockTableRecord
  2
*Paper_Space0
340
26
 70
     0
280
     1
281
     0
  0
BLOCK_RECORD
  5
AB
330
1
100
AcDbSymbolTableRecord
100
AcDbBlockTableRecord
  2
_ArchTick
340
0
102
{BLKREFS
331
520
331
521
331
52C
331
52D
331
538
331
539
331
544
331
545
331
550
331
551
331
55C
331
55D
331
568
331
569
331
574
331
575
331
580
331
581
331
58C
331
58D
331
598
331
599
331
5A4
331
5A5
331
5B0
331
5B1
331
5BC
331
5BD
331
5C8
331
5C9
331
5D4
331
5D5
331
5E0
331
5E1
331
5EC
331
5ED
331
5F8
331
5F9
331
604
331
605
331
610
331
611
331
61C
331
61D
331
628
331
629
331
634
331
635
331
640
331
641
331
64C
331
64D
331
658
331
659
331
664
331
665
331
670
331
671
331
67C
331
67D
331
688
331
689
331
694
331
695
331
6A0
331
6A1
331
6AC
331
6AD
331
6B8
331
6B9
331
6C4
331
6C5
331
6D0
331
6D1
331
6DC
331
6DD
331
6E8
331
6E9
331
6F4
331
6F5
331
700
331
701
331
70C
331
70D
331
718
331
719
331
724
331
725
331
730
331
731
331
73C
331
73D
331
748
331
749
331
754
331
755
331
760
331
761
331
76C
331
76D
331
778
331
779
331
784
331
785
331
790
331
791
331
79C
331
79D
331
7A8
331
7A9
331
7B4
331
7B5
331
7C0
331
7C1
331
7CC
331
7CD
331
7D8
331
7D9
331
7E4
331
7E5
331
7F0
331
7F1
331
7FC
331
7FD
331
808
331
809
331
814
331
815
331
820
331
821
331
82C
331
82D
331
838
331
839
331
844
331
845
331
850
331
851
331
85C
331
85D
331
868
331
869
331
874
331
875
331
880
331
881
331
88C
331
88D
331
898
331
899
331
8A4
331
8A5
331
8B0
331
8B1
331
8BC
331
8BD
331
8C8
331
8C9
331
8D4
331
8D5
331
8E0
331
8E1
331
8EC
331
8ED
331
8F8
331
8F9
331
904
331
905
331
910
331
911
331
91C
331
91D
331
928
331
929
331
934
331
935
331
940
331
941
331
94C
331
94D
331
958
331
959
331
964
331
965
331
970
331
971
331
97C
331
97D
331
988
331
989
331
994
331
995
331
9A0
331
9A1
331
9AC
331
9AD
331
9B8
331
9B9
331
9C4
331
9C5
331
9D0
331
9D1
331
9DC
331
9DD
331
9E8
331
9E9
331
9F4
331
9F5
331
A00
331
A01
331
A0C
331
A0D
331
A18
331
A19
331
A24
331
A25
331
A30
331
A31
331
A3C
331
A3D
331
A48
331
A49
331
A54
331
A55
331
A60
331
A61
331
A6C
331
A6D
331
A78
331
A79
331
A84
331
A85
331
A90
331
A91
331
A9C
331
A9D
331
AA8
331
AA9
331
AB4
331
AB5
331
AC0
331
AC1
331
ACC
331
ACD
331
AD8
331
AD9
331
AE4
331
AE5
331
AF0
331
AF1
331
AFC
331
AFD
331
B08
331
B09
331
B14
331
B15
331
B20
331
B21
331
B2C
331
B2D
331
B38
331
B39
331
B44
331
B45
331
B50
331
B51
331
B5C
331
B5D
331
B68
331
B69
331
B74
331
B75
331
B80
331
B81
331
B8C
331
B8D
331
B98
331
B99
331
BA4
331
BA5
331
BB0
331
BB1
331
BBC
331
BBD
331
BC8
331
BC9
331
BD4
331
BD5
331
BE0
331
BE1
331
BEC
331
BED
331
BF8
331
BF9
331
C04
331
C05
331
C10
331
C11
331
C1C
331
C1D
331
C28
331
C29
331
C34
331
C35
331
C40
331
C41
331
C4C
331
C4D
331
C58
331
C59
331
C64
331
C65
331
C70
331
C71
331
C7C
331
C7D
331
C88
331
C89
331
C94
331
C95
331
CA0
331
CA1
331
CAC
331
CAD
331
CB8
331
CB9
331
CC4
331
CC5
331
CD0
331
CD1
331
CDC
331
CDD
331
CE8
331
CE9
331
CF4
331
CF5
331
D00
331
D01
331
D0C
331
D0D
331
D18
331
D19
331
D24
331
D25
331
D30
331
D31
331
D3C
331
D3D
331
D48
331
D49
331
D54
331
D55
331
D60
331
D61
331
D6C
331
D6D
331
D78
331
D79
102
}
 70
     0
280
     1
281
     0
  0
BLOCK_RECORD
  5
B1
330
1
100
AcDbSymbolTableRecord
100
AcDbBlockTableRecord
  2
_Dot
340
0
 70
     0
280
     1
281
     0
  0
BLOCK_RECORD
  5
B6
330
1
100
AcDbSymbolTableRecord
100
AcDbBlockTableRecord
  2
_DotSmall
340
0
 70
     0
280
     1
281
     0
  0
BLOCK_RECORD
  5
BA
102
{ACAD_XDICTIONARY
360
430
102
}
330
1
100
AcDbSymbolTableRecord
100
AcDbBlockTableRecord
  2
_Frame133990009
340
0
102
{BLKREFS
331
101
331
102
102
}
 70
     0
280
     1
281
     0
  0
BLOCK_RECORD
  5
BB
102
{ACAD_XDICTIONARY
360
438
102
}
330
1
100
AcDbSymbolTableRecord
100
AcDbBlockTableRecord
  2
WINDOW_9e0786a6b8918f7c342819c580b3edcd_699746a6b8464565a727d0ed89f50dfb
340
0
102
{BLKREFS
331
215
102
}
 70
     0
280
     1
281
     0
  0
BLOCK_RECORD
  5
BC
102
{ACAD_XDICTIONARY
360
440
102
}
330
1
100
AcDbSymbolTableRecord
100
AcDbBlockTableRecord
  2
WINDOW_eede3d4e8a822b652b7783998cd47e11_e8eea54a83b44914b88237e5be9b18fd
340
0
102
{BLKREFS
331
216
102
}
 70
     0
280
     1
281
     0
  0
BLOCK_RECORD
  5
BD
102
{ACAD_XDICTIONARY
360
448
102
}
330
1
100
AcDbSymbolTableRecord
100
AcDbBlockTableRecord
  2
WINDOW_6417d363eb4f494f6d503de66802a4f9_18dd0f80aa014cfe96322e16fa3c71d5
340
0
102
{BLKREFS
331
217
102
}
 70
     0
280
     1
281
     0
  0
BLOCK_RECORD
  5
BE
102
{ACAD_XDICTIONARY
360
450
102
}
330
1
100
AcDbSymbolTableRecord
100
AcDbBlockTableRecord
  2
WINDOW_36da3f5ccc369a2875893b4bf0e6b57e_f8f34f1c91b94fdc904ccb70ce58f8c9
340
0
102
{BLKREFS
331
218
102
}
 70
     0
280
     1
281
     0
  0
BLOCK_RECORD
  5
BF
102
{ACAD_XDICTIONARY
360
458
102
}
330
1
100
AcDbSymbolTableRecord
100
AcDbBlockTableRecord
  2
WINDOW_707d98e14a61741e5bc26cd956e82e5f_e1ac6724f8ff4288a9cb535b9c8ccb21
340
0
102
{BLKREFS
331
219
102
}
 70
     0
280
     1
281
     0
  0
BLOCK_RECORD
  5
C0
102
{ACAD_XDICTIONARY
360
460
102
}
330
1
100
AcDbSymbolTableRecord
100
AcDbBlockTableRecord
  2
WINDOW_12fede53e8cd83acec45c77d195fecce_aa54e5c732234c7ba73444be8ba03245
340
0
102
{BLKREFS
331
21A
102
}
 70
     0
280
     1
281
     0
  0
BLOCK_RECORD
  5
C1
102
{ACAD_XDICTIONARY
360
468
102
}
330
1
100
AcDbSymbolTableRecord
100
AcDbBlockTableRecord
  2
WINDOW_e1413c120b53c1950df82a14400b80ab_b535bfacd8ef4951a2f85ba55b7bd963
340
0
102
{BLKREFS
331
21B
102
}
 70
     0
280
     1
281
     0
  0
BLOCK_RECORD
  5
C2
102
{ACAD_XDICTIONARY
360
470
102
}
330
1
100
AcDbSymbolTableRecord
100
AcDbBlockTableRecord
  2
WINDOW_b5916d4dfa8b0edaa0befcce3b6c83dc_eb61b46063364af6ac31788c12228f36
340
0
102
{BLKREFS
331
21C
102
}
 70
     0
280
     1
281
     0
  0
BLOCK_RECORD
  5
C3
102
{ACAD_XDICTIONARY
360
478
102
}
330
1
100
AcDbSymbolTableRecord
100
AcDbBlockTableRecord
  2
WINDOW_f08b9616612e8105601e8a974d0bf1fd_cf8b4997c4b54220b2e9c22817cf59b9
340
0
102
{BLKREFS
331
21D
102
}
 70
     0
280
     1
281
     0
  0
BLOCK_RECORD
  5
C4
102
{ACAD_XDICTIONARY
360
48C
102
}
330
1
100
AcDbSymbolTableRecord
100
AcDbBlockTableRecord
  2
MARKER_c6b51796a87baf1cdf6253e1326f1f04_edf9c1d490264593862ef3d9d4f7c441
340
0
102
{BLKREFS
331
232
102
}
 70
     0
280
     1
281
     0
  0
BLOCK_RECORD
  5
C5
102
{ACAD_XDICTIONARY
360
494
102
}
330
1
100
AcDbSymbolTableRecord
100
AcDbBlockTableRecord
  2
WINDOW_d2bf44923f063b99043b6629e2dc5596_65d58f8b3c4644a4b537f87e552f670e
340
0
102
{BLKREFS
331
21E
102
}
 70
     0
280
     1
281
     0
  0
BLOCK_RECORD
  5
C6
102
{ACAD_XDICTIONARY
360
49C
102
}
330
1
100
AcDbSymbolTableRecord
100
AcDbBlockTableRecord
  2
WINDOW_dda7be86b2d194ed9017f27c36ae2ee6_67aec39b51144958a70b7d2f797984ce
340
0
102
{BLKREFS
331
21F
102
}
 70
     0
280
     1
281
     0
  0
BLOCK_RECORD
  5
C7
102
{ACAD_XDICTIONARY
360
4A4
102
}
330
1
100
AcDbSymbolTableRecord
100
AcDbBlockTableRecord
  2
WINDOW_a62b61572bc37d58dc9e2607d579309c_19cabc8ac68d438292a2dbee5d9ffa78
340
0
102
{BLKREFS
331
220
102
}
 70
     0
280
     1
281
     0
  0
BLOCK_RECORD
  5
C8
102
{ACAD_XDICTIONARY
360
4AC
102
}
330
1
100
AcDbSymbolTableRecord
100
AcDbBlockTableRecord
  2
WINDOW_901e531f2d109fc9228922a418da6d7e_180650a6c23d48fc9906bfc32fea3137
340
0
102
{BLKREFS
331
221
102
}
 70
     0
280
     1
281
     0
  0
BLOCK_RECORD
  5
C9
102
{ACAD_XDICTIONARY
360
4B4
102
}
330
1
100
AcDbSymbolTableRecord
100
AcDbBlockTableRecord
  2
WINDOW_2dabe6a3f66ad981135af9a1e4afb64f_94e704c11bf74612bcbc1eeecc1d5c7c
340
0
102
{BLKREFS
331
222
102
}
 70
     0
280
     1
281
     0
  0
BLOCK_RECORD
  5
CA
102
{ACAD_XDICTIONARY
360
4C2
102
}
330
1
100
AcDbSymbolTableRecord
100
AcDbBlockTableRecord
  2
DOOR_fc16af7c67214b6b2f2defd95263af8d_9140ba4ccb784bec9770fdfd2bd67f3c
340
0
102
{BLKREFS
331
223
102
}
 70
     0
280
     1
281
     0
  0
BLOCK_RECORD
  5
CB
102
{ACAD_XDICTIONARY
360
4CD
102
}
330
1
100
AcDbSymbolTableRecord
100
AcDbBlockTableRecord
  2
LEGEND_53b17ed9e7bc361a9d5f7c8f8c891103_0325671d14544a5e9625c67889f8c782
340
0
102
{BLKREFS
331
224
331
226
331
229
331
22B
102
}
 70
     0
280
     1
281
     0
  0
BLOCK_RECORD
  5
CC
102
{ACAD_XDICTIONARY
360
4D8
102
}
330
1
100
AcDbSymbolTableRecord
100
AcDbBlockTableRecord
  2
LEGEND_21c7235f9fb190111f4370a596c8782f_f730b179c3a6443a9e8fe988db1792cb
340
0
102
{BLKREFS
331
225
331
227
331
228
102
}
 70
     0
280
     1
281
     0
  0
BLOCK_RECORD
  5
CD
102
{ACAD_XDICTIONARY
360
4E3
102
}
330
1
100
AcDbSymbolTableRecord
100
AcDbBlockTableRecord
  2
LEGEND_21a534f452159aa28b1e192e4484f7b2_cff5b63c4e844f9086d936421ee5c833
340
0
102
{BLKREFS
331
22A
102
}
 70
     0
280
     1
281
     0
  0
BLOCK_RECORD
  5
CE
102
{ACAD_XDICTIONARY
360
4EB
102
}
330
1
100
AcDbSymbolTableRecord
100
AcDbBlockTableRecord
  2
WINDOW_3202ff818c7f97124c0085a78d293b3b_79cb11601bd04043949b6a043a9a0068
340
0
102
{BLKREFS
331
22C
102
}
 70
     0
280
     1
281
     0
  0
BLOCK_RECORD
  5
CF
102
{ACAD_XDICTIONARY
360
4F3
102
}
330
1
100
AcDbSymbolTableRecord
100
AcDbBlockTableRecord
  2
WINDOW_d8064412710f5d54ebf442824f9995c4_89e8436e68284c518e718759a15fc281
340
0
102
{BLKREFS
331
22D
102
}
 70
     0
280
     1
281
     0
  0
BLOCK_RECORD
  5
D0
102
{ACAD_XDICTIONARY
360
4FB
102
}
330
1
100
AcDbSymbolTableRecord
100
AcDbBlockTableRecord
  2
WINDOW_09a149a149f258ed90e4f6109ce0df87_da908b7f8e10479fb0a179a525980ef4
340
0
102
{BLKREFS
331
22E
102
}
 70
     0
280
     1
281
     0
  0
BLOCK_RECORD
  5
D1
102
{ACAD_XDICTIONARY
360
503
102
}
330
1
100
AcDbSymbolTableRecord
100
AcDbBlockTableRecord
  2
WINDOW_658651dc562f569f39af72cd0fd2e788_f94c37ca998d415a808768ba4d2f1fe0
340
0
102
{BLKREFS
331
22F
102
}
 70
     0
280
     1
281
     0
  0
BLOCK_RECORD
  5
D2
102
{ACAD_XDICTIONARY
360
517
102
}
330
1
100
AcDbSymbolTableRecord
100
AcDbBlockTableRecord
  2
MARKER_1e2303cc2eb9ab11209d24ef251579fb_08f0d49fcf1144379322c050ecbc170a
340
0
102
{BLKREFS
331
235
102
}
 70
     0
280
     1
281
     0
  0
BLOCK_RECORD
  5
51A
330
1
100
AcDbSymbolTableRecord
100
AcDbBlockTableRecord
  2
*D29
340
0
 70
     0
280
     1
281
     0
  0
BLOCK_RECORD
  5
526
330
1
100
AcDbSymbolTableRecord
100
AcDbBlockTableRecord
  2
*D30
340
0
 70
     0
280
     1
281
     0
  0
BLOCK_RECORD
  5
532
330
1
100
AcDbSymbolTableRecord
100
AcDbBlockTableRecord
  2
*D31
340
0
 70
     0
280
     1
281
     0
  0
BLOCK_RECORD
  5
53E
330
1
100
AcDbSymbolTableRecord
100
AcDbBlockTableRecord
  2
*D32
340
0
 70
     0
280
     1
281
     0
  0
BLOCK_RECORD
  5
54A
330
1
100
AcDbSymbolTableRecord
100
AcDbBlockTableRecord
  2
*D33
340
0
 70
     0
280
     1
281
     0
  0
BLOCK_RECORD
  5
556
330
1
100
AcDbSymbolTableRecord
100
AcDbBlockTableRecord
  2
*D34
340
0
 70
     0
280
     1
281
     0
  0
BLOCK_RECORD
  5
562
330
1
100
AcDbSymbolTableRecord
100
AcDbBlockTableRecord
  2
*D35
340
0
 70
     0
280
     1
281
     0
  0
BLOCK_RECORD
  5
56E
330
1
100
AcDbSymbolTableRecord
100
AcDbBlockTableRecord
  2
*D36
340
0
 70
     0
280
     1
281
     0
  0
BLOCK_RECORD
  5
57A
330
1
100
AcDbSymbolTableRecord
100
AcDbBlockTableRecord
  2
*D37
340
0
 70
     0
280
     1
281
     0
  0
BLOCK_RECORD
  5
586
330
1
100
AcDbSymbolTableRecord
100
AcDbBlockTableRecord
  2
*D38
340
0
 70
     0
280
     1
281
     0
  0
BLOCK_RECORD
  5
592
330
1
100
AcDbSymbolTableRecord
100
AcDbBlockTableRecord
  2
*D39
340
0
 70
     0
280
     1
281
     0
  0
BLOCK_RECORD
  5
59E
330
1
100
AcDbSymbolTableRecord
100
AcDbBlockTableRecord
  2
*D40
340
0
 70
     0
280
     1
281
     0
  0
BLOCK_RECORD
  5
5AA
330
1
100
AcDbSymbolTableRecord
100
AcDbBlockTableRecord
  2
*D41
340
0
 70
     0
280
     1
281
     0
  0
BLOCK_RECORD
  5
5B6
330
1
100
AcDbSymbolTableRecord
100
AcDbBlockTableRecord
  2
*D42
340
0
 70
     0
280
     1
281
     0
  0
BLOCK_RECORD
  5
5C2
330
1
100
AcDbSymbolTableRecord
100
AcDbBlockTableRecord
  2
*D43
340
0
 70
     0
280
     1
281
     0
  0
BLOCK_RECORD
  5
5CE
330
1
100
AcDbSymbolTableRecord
100
AcDbBlockTableRecord
  2
*D44
340
0
 70
     0
280
     1
281
     0
  0
BLOCK_RECORD
  5
5DA
330
1
100
AcDbSymbolTableRecord
100
AcDbBlockTableRecord
  2
*D45
340
0
 70
     0
280
     1
281
     0
  0
BLOCK_RECORD
  5
5E6
330
1
100
AcDbSymbolTableRecord
100
AcDbBlockTableRecord
  2
*D46
340
0
 70
     0
280
     1
281
     0
  0
BLOCK_RECORD
  5
5F2
330
1
100
AcDbSymbolTableRecord
100
AcDbBlockTableRecord
  2
*D47
340
0
 70
     0
280
     1
281
     0
  0
BLOCK_RECORD
  5
5FE
330
1
100
AcDbSymbolTableRecord
100
AcDbBlockTableRecord
  2
*D48
340
0
 70
     0
280
     1
281
     0
  0
BLOCK_RECORD
  5
60A
330
1
100
AcDbSymbolTableRecord
100
AcDbBlockTableRecord
  2
*D49
340
0
 70
     0
280
     1
281
     0
  0
BLOCK_RECORD
  5
616
330
1
100
AcDbSymbolTableRecord
100
AcDbBlockTableRecord
  2
*D50
340
0
 70
     0
280
     1
281
     0
  0
BLOCK_RECORD
  5
622
330
1
100
AcDbSymbolTableRecord
100
AcDbBlockTableRecord
  2
*D51
340
0
 70
     0
280
     1
281
     0
  0
BLOCK_RECORD
  5
62E
330
1
100
AcDbSymbolTableRecord
100
AcDbBlockTableRecord
  2
*D52
340
0
 70
     0
280
     1
281
     0
  0
BLOCK_RECORD
  5
63A
330
1
100
AcDbSymbolTableRecord
100
AcDbBlockTableRecord
  2
*D53
340
0
 70
     0
280
     1
281
     0
  0
BLOCK_RECORD
  5
646
330
1
100
AcDbSymbolTableRecord
100
AcDbBlockTableRecord
  2
*D54
340
0
 70
     0
280
     1
281
     0
  0
BLOCK_RECORD
  5
652
330
1
100
AcDbSymbolTableRecord
100
AcDbBlockTableRecord
  2
*D55
340
0
 70
     0
280
     1
281
     0
  0
BLOCK_RECORD
  5
65E
330
1
100
AcDbSymbolTableRecord
100
AcDbBlockTableRecord
  2
*D56
340
0
 70
     0
280
     1
281
     0
  0
BLOCK_RECORD
  5
66A
330
1
100
AcDbSymbolTableRecord
100
AcDbBlockTableRecord
  2
*D57
340
0
 70
     0
280
     1
281
     0
  0
BLOCK_RECORD
  5
676
330
1
100
AcDbSymbolTableRecord
100
AcDbBlockTableRecord
  2
*D58
340
0
 70
     0
280
     1
281
     0
  0
BLOCK_RECORD
  5
682
330
1
100
AcDbSymbolTableRecord
100
AcDbBlockTableRecord
  2
*D59
340
0
 70
     0
280
     1
281
     0
  0
BLOCK_RECORD
  5
68E
330
1
100
AcDbSymbolTableRecord
100
AcDbBlockTableRecord
  2
*D60
340
0
 70
     0
280
     1
281
     0
  0
BLOCK_RECORD
  5
69A
330
1
100
AcDbSymbolTableRecord
100
AcDbBlockTableRecord
  2
*D61
340
0
 70
     0
280
     1
281
     0
  0
BLOCK_RECORD
  5
6A6
330
1
100
AcDbSymbolTableRecord
100
AcDbBlockTableRecord
  2
*D62
340
0
 70
     0
280
     1
281
     0
  0
BLOCK_RECORD
  5
6B2
330
1
100
AcDbSymbolTableRecord
100
AcDbBlockTableRecord
  2
*D63
340
0
 70
     0
280
     1
281
     0
  0
BLOCK_RECORD
  5
6BE
330
1
100
AcDbSymbolTableRecord
100
AcDbBlockTableRecord
  2
*D64
340
0
 70
     0
280
     1
281
     0
  0
BLOCK_RECORD
  5
6CA
330
1
100
AcDbSymbolTableRecord
100
AcDbBlockTableRecord
  2
*D65
340
0
 70
     0
280
     1
281
     0
  0
BLOCK_RECORD
  5
6D6
330
1
100
AcDbSymbolTableRecord
100
AcDbBlockTableRecord
  2
*D66
340
0
 70
     0
280
     1
281
     0
  0
BLOCK_RECORD
  5
6E2
330
1
100
AcDbSymbolTableRecord
100
AcDbBlockTableRecord
  2
*D67
340
0
 70
     0
280
     1
281
     0
  0
BLOCK_RECORD
  5
6EE
330
1
100
AcDbSymbolTableRecord
100
AcDbBlockTableRecord
  2
*D68
340
0
 70
     0
280
     1
281
     0
  0
BLOCK_RECORD
  5
6FA
330
1
100
AcDbSymbolTableRecord
100
AcDbBlockTableRecord
  2
*D69
340
0
 70
     0
280
     1
281
     0
  0
BLOCK_RECORD
  5
706
330
1
100
AcDbSymbolTableRecord
100
AcDbBlockTableRecord
  2
*D70
340
0
 70
     0
280
     1
281
     0
  0
BLOCK_RECORD
  5
712
330
1
100
AcDbSymbolTableRecord
100
AcDbBlockTableRecord
  2
*D71
340
0
 70
     0
280
     1
281
     0
  0
BLOCK_RECORD
  5
71E
330
1
100
AcDbSymbolTableRecord
100
AcDbBlockTableRecord
  2
*D72
340
0
 70
     0
280
     1
281
     0
  0
BLOCK_RECORD
  5
72A
330
1
100
AcDbSymbolTableRecord
100
AcDbBlockTableRecord
  2
*D73
340
0
 70
     0
280
     1
281
     0
  0
BLOCK_RECORD
  5
736
330
1
100
AcDbSymbolTableRecord
100
AcDbBlockTableRecord
  2
*D74
340
0
 70
     0
280
     1
281
     0
  0
BLOCK_RECORD
  5
742
330
1
100
AcDbSymbolTableRecord
100
AcDbBlockTableRecord
  2
*D75
340
0
 70
     0
280
     1
281
     0
  0
BLOCK_RECORD
  5
74E
330
1
100
AcDbSymbolTableRecord
100
AcDbBlockTableRecord
  2
*D76
340
0
 70
     0
280
     1
281
     0
  0
BLOCK_RECORD
  5
75A
330
1
100
AcDbSymbolTableRecord
100
AcDbBlockTableRecord
  2
*D77
340
0
 70
     0
280
     1
281
     0
  0
BLOCK_RECORD
  5
766
330
1
100
AcDbSymbolTableRecord
100
AcDbBlockTableRecord
  2
*D78
340
0
 70
     0
280
     1
281
     0
  0
BLOCK_RECORD
  5
772
330
1
100
AcDbSymbolTableRecord
100
AcDbBlockTableRecord
  2
*D79
340
0
 70
     0
280
     1
281
     0
  0
BLOCK_RECORD
  5
77E
330
1
100
AcDbSymbolTableRecord
100
AcDbBlockTableRecord
  2
*D80
340
0
 70
     0
280
     1
281
     0
  0
BLOCK_RECORD
  5
78A
330
1
100
AcDbSymbolTableRecord
100
AcDbBlockTableRecord
  2
*D81
340
0
 70
     0
280
     1
281
     0
  0
BLOCK_RECORD
  5
796
330
1
100
AcDbSymbolTableRecord
100
AcDbBlockTableRecord
  2
*D82
340
0
 70
     0
280
     1
281
     0
  0
BLOCK_RECORD
  5
7A2
330
1
100
AcDbSymbolTableRecord
100
AcDbBlockTableRecord
  2
*D83
340
0
 70
     0
280
     1
281
     0
  0
BLOCK_RECORD
  5
7AE
330
1
100
AcDbSymbolTableRecord
100
AcDbBlockTableRecord
  2
*D84
340
0
 70
     0
280
     1
281
     0
  0
BLOCK_RECORD
  5
7BA
330
1
100
AcDbSymbolTableRecord
100
AcDbBlockTableRecord
  2
*D85
340
0
 70
     0
280
     1
281
     0
  0
BLOCK_RECORD
  5
7C6
330
1
100
AcDbSymbolTableRecord
100
AcDbBlockTableRecord
  2
*D86
340
0
 70
     0
280
     1
281
     0
  0
BLOCK_RECORD
  5
7D2
330
1
100
AcDbSymbolTableRecord
100
AcDbBlockTableRecord
  2
*D87
340
0
 70
     0
280
     1
281
     0
  0
BLOCK_RECORD
  5
7DE
330
1
100
AcDbSymbolTableRecord
100
AcDbBlockTableRecord
  2
*D88
340
0
 70
     0
280
     1
281
     0
  0
BLOCK_RECORD
  5
7EA
330
1
100
AcDbSymbolTableRecord
100
AcDbBlockTableRecord
  2
*D89
340
0
 70
     0
280
     1
281
     0
  0
BLOCK_RECORD
  5
7F6
330
1
100
AcDbSymbolTableRecord
100
AcDbBlockTableRecord
  2
*D90
340
0
 70
     0
280
     1
281
     0
  0
BLOCK_RECORD
  5
802
330
1
100
AcDbSymbolTableRecord
100
AcDbBlockTableRecord
  2
*D91
340
0
 70
     0
280
     1
281
     0
  0
BLOCK_RECORD
  5
80E
330
1
100
AcDbSymbolTableRecord
100
AcDbBlockTableRecord
  2
*D92
340
0
 70
     0
280
     1
281
     0
  0
BLOCK_RECORD
  5
81A
330
1
100
AcDbSymbolTableRecord
100
AcDbBlockTableRecord
  2
*D93
340
0
 70
     0
280
     1
281
     0
  0
BLOCK_RECORD
  5
826
330
1
100
AcDbSymbolTableRecord
100
AcDbBlockTableRecord
  2
*D94
340
0
 70
     0
280
     1
281
     0
  0
BLOCK_RECORD
  5
832
330
1
100
AcDbSymbolTableRecord
100
AcDbBlockTableRecord
  2
*D95
340
0
 70
     0
280
     1
281
     0
  0
BLOCK_RECORD
  5
83E
330
1
100
AcDbSymbolTableRecord
100
AcDbBlockTableRecord
  2
*D96
340
0
 70
     0
280
     1
281
     0
  0
BLOCK_RECORD
  5
84A
330
1
100
AcDbSymbolTableRecord
100
AcDbBlockTableRecord
  2
*D97
340
0
 70
     0
280
     1
281
     0
  0
BLOCK_RECORD
  5
856
330
1
100
AcDbSymbolTableRecord
100
AcDbBlockTableRecord
  2
*D98
340
0
 70
     0
280
     1
281
     0
  0
BLOCK_RECORD
  5
862
330
1
100
AcDbSymbolTableRecord
100
AcDbBlockTableRecord
  2
*D99
340
0
 70
     0
280
     1
281
     0
  0
BLOCK_RECORD
  5
86E
330
1
100
AcDbSymbolTableRecord
100
AcDbBlockTableRecord
  2
*D100
340
0
 70
     0
280
     1
281
     0
  0
BLOCK_RECORD
  5
87A
330
1
100
AcDbSymbolTableRecord
100
AcDbBlockTableRecord
  2
*D101
340
0
 70
     0
280
     1
281
     0
  0
BLOCK_RECORD
  5
886
330
1
100
AcDbSymbolTableRecord
100
AcDbBlockTableRecord
  2
*D102
340
0
 70
     0
280
     1
281
     0
  0
BLOCK_RECORD
  5
892
330
1
100
AcDbSymbolTableRecord
100
AcDbBlockTableRecord
  2
*D103
340
0
 70
     0
280
     1
281
     0
  0
BLOCK_RECORD
  5
89E
330
1
100
AcDbSymbolTableRecord
100
AcDbBlockTableRecord
  2
*D104
340
0
 70
     0
280
     1
281
     0
  0
BLOCK_RECORD
  5
8AA
330
1
100
AcDbSymbolTableRecord
100
AcDbBlockTableRecord
  2
*D105
340
0
 70
     0
280
     1
281
     0
  0
BLOCK_RECORD
  5
8B6
330
1
100
AcDbSymbolTableRecord
100
AcDbBlockTableRecord
  2
*D106
340
0
 70
     0
280
     1
281
     0
  0
BLOCK_RECORD
  5
8C2
330
1
100
AcDbSymbolTableRecord
100
AcDbBlockTableRecord
  2
*D107
340
0
 70
     0
280
     1
281
     0
  0
BLOCK_RECORD
  5
8CE
330
1
100
AcDbSymbolTableRecord
100
AcDbBlockTableRecord
  2
*D108
340
0
 70
     0
280
     1
281
     0
  0
BLOCK_RECORD
  5
8DA
330
1
100
AcDbSymbolTableRecord
100
AcDbBlockTableRecord
  2
*D109
340
0
 70
     0
280
     1
281
     0
  0
BLOCK_RECORD
  5
8E6
330
1
100
AcDbSymbolTableRecord
100
AcDbBlockTableRecord
  2
*D110
340
0
 70
     0
280
     1
281
     0
  0
BLOCK_RECORD
  5
8F2
330
1
100
AcDbSymbolTableRecord
100
AcDbBlockTableRecord
  2
*D111
340
0
 70
     0
280
     1
281
     0
  0
BLOCK_RECORD
  5
8FE
330
1
100
AcDbSymbolTableRecord
100
AcDbBlockTableRecord
  2
*D112
340
0
 70
     0
280
     1
281
     0
  0
BLOCK_RECORD
  5
90A
330
1
100
AcDbSymbolTableRecord
100
AcDbBlockTableRecord
  2
*D113
340
0
 70
     0
280
     1
281
     0
  0
BLOCK_RECORD
  5
916
330
1
100
AcDbSymbolTableRecord
100
AcDbBlockTableRecord
  2
*D114
340
0
 70
     0
280
     1
281
     0
  0
BLOCK_RECORD
  5
922
330
1
100
AcDbSymbolTableRecord
100
AcDbBlockTableRecord
  2
*D115
340
0
 70
     0
280
     1
281
     0
  0
BLOCK_RECORD
  5
92E
330
1
100
AcDbSymbolTableRecord
100
AcDbBlockTableRecord
  2
*D116
340
0
 70
     0
280
     1
281
     0
  0
BLOCK_RECORD
  5
93A
330
1
100
AcDbSymbolTableRecord
100
AcDbBlockTableRecord
  2
*D117
340
0
 70
     0
280
     1
281
     0
  0
BLOCK_RECORD
  5
946
330
1
100
AcDbSymbolTableRecord
100
AcDbBlockTableRecord
  2
*D118
340
0
 70
     0
280
     1
281
     0
  0
BLOCK_RECORD
  5
952
330
1
100
AcDbSymbolTableRecord
100
AcDbBlockTableRecord
  2
*D119
340
0
 70
     0
280
     1
281
     0
  0
BLOCK_RECORD
  5
95E
330
1
100
AcDbSymbolTableRecord
100
AcDbBlockTableRecord
  2
*D120
340
0
 70
     0
280
     1
281
     0
  0
BLOCK_RECORD
  5
96A
330
1
100
AcDbSymbolTableRecord
100
AcDbBlockTableRecord
  2
*D121
340
0
 70
     0
280
     1
281
     0
  0
BLOCK_RECORD
  5
976
330
1
100
AcDbSymbolTableRecord
100
AcDbBlockTableRecord
  2
*D122
340
0
 70
     0
280
     1
281
     0
  0
BLOCK_RECORD
  5
982
330
1
100
AcDbSymbolTableRecord
100
AcDbBlockTableRecord
  2
*D123
340
0
 70
     0
280
     1
281
     0
  0
BLOCK_RECORD
  5
98E
330
1
100
AcDbSymbolTableRecord
100
AcDbBlockTableRecord
  2
*D124
340
0
 70
     0
280
     1
281
     0
  0
BLOCK_RECORD
  5
99A
330
1
100
AcDbSymbolTableRecord
100
AcDbBlockTableRecord
  2
*D125
340
0
 70
     0
280
     1
281
     0
  0
BLOCK_RECORD
  5
9A6
330
1
100
AcDbSymbolTableRecord
100
AcDbBlockTableRecord
  2
*D126
340
0
 70
     0
280
     1
281
     0
  0
BLOCK_RECORD
  5
9B2
330
1
100
AcDbSymbolTableRecord
100
AcDbBlockTableRecord
  2
*D127
340
0
 70
     0
280
     1
281
     0
  0
BLOCK_RECORD
  5
9BE
330
1
100
AcDbSymbolTableRecord
100
AcDbBlockTableRecord
  2
*D128
340
0
 70
     0
280
     1
281
     0
  0
BLOCK_RECORD
  5
9CA
330
1
100
AcDbSymbolTableRecord
100
AcDbBlockTableRecord
  2
*D129
340
0
 70
     0
280
     1
281
     0
  0
BLOCK_RECORD
  5
9D6
330
1
100
AcDbSymbolTableRecord
100
AcDbBlockTableRecord
  2
*D130
340
0
 70
     0
280
     1
281
     0
  0
BLOCK_RECORD
  5
9E2
330
1
100
AcDbSymbolTableRecord
100
AcDbBlockTableRecord
  2
*D131
340
0
 70
     0
280
     1
281
     0
  0
BLOCK_RECORD
  5
9EE
330
1
100
AcDbSymbolTableRecord
100
AcDbBlockTableRecord
  2
*D132
340
0
 70
     0
280
     1
281
     0
  0
BLOCK_RECORD
  5
9FA
330
1
100
AcDbSymbolTableRecord
100
AcDbBlockTableRecord
  2
*D133
340
0
 70
     0
280
     1
281
     0
  0
BLOCK_RECORD
  5
A06
330
1
100
AcDbSymbolTableRecord
100
AcDbBlockTableRecord
  2
*D134
340
0
 70
     0
280
     1
281
     0
  0
BLOCK_RECORD
  5
A12
330
1
100
AcDbSymbolTableRecord
100
AcDbBlockTableRecord
  2
*D135
340
0
 70
     0
280
     1
281
     0
  0
BLOCK_RECORD
  5
A1E
330
1
100
AcDbSymbolTableRecord
100
AcDbBlockTableRecord
  2
*D136
340
0
 70
     0
280
     1
281
     0
  0
BLOCK_RECORD
  5
A2A
330
1
100
AcDbSymbolTableRecord
100
AcDbBlockTableRecord
  2
*D137
340
0
 70
     0
280
     1
281
     0
  0
BLOCK_RECORD
  5
A36
330
1
100
AcDbSymbolTableRecord
100
AcDbBlockTableRecord
  2
*D138
340
0
 70
     0
280
     1
281
     0
  0
BLOCK_RECORD
  5
A42
330
1
100
AcDbSymbolTableRecord
100
AcDbBlockTableRecord
  2
*D139
340
0
 70
     0
280
     1
281
     0
  0
BLOCK_RECORD
  5
A4E
330
1
100
AcDbSymbolTableRecord
100
AcDbBlockTableRecord
  2
*D140
340
0
 70
     0
280
     1
281
     0
  0
BLOCK_RECORD
  5
A5A
330
1
100
AcDbSymbolTableRecord
100
AcDbBlockTableRecord
  2
*D141
340
0
 70
     0
280
     1
281
     0
  0
BLOCK_RECORD
  5
A66
330
1
100
AcDbSymbolTableRecord
100
AcDbBlockTableRecord
  2
*D142
340
0
 70
     0
280
     1
281
     0
  0
BLOCK_RECORD
  5
A72
330
1
100
AcDbSymbolTableRecord
100
AcDbBlockTableRecord
  2
*D143
340
0
 70
     0
280
     1
281
     0
  0
BLOCK_RECORD
  5
A7E
330
1
100
AcDbSymbolTableRecord
100
AcDbBlockTableRecord
  2
*D144
340
0
 70
     0
280
     1
281
     0
  0
BLOCK_RECORD
  5
A8A
330
1
100
AcDbSymbolTableRecord
100
AcDbBlockTableRecord
  2
*D145
340
0
 70
     0
280
     1
281
     0
  0
BLOCK_RECORD
  5
A96
330
1
100
AcDbSymbolTableRecord
100
AcDbBlockTableRecord
  2
*D146
340
0
 70
     0
280
     1
281
     0
  0
BLOCK_RECORD
  5
AA2
330
1
100
AcDbSymbolTableRecord
100
AcDbBlockTableRecord
  2
*D147
340
0
 70
     0
280
     1
281
     0
  0
BLOCK_RECORD
  5
AAE
330
1
100
AcDbSymbolTableRecord
100
AcDbBlockTableRecord
  2
*D148
340
0
 70
     0
280
     1
281
     0
  0
BLOCK_RECORD
  5
ABA
330
1
100
AcDbSymbolTableRecord
100
AcDbBlockTableRecord
  2
*D149
340
0
 70
     0
280
     1
281
     0
  0
BLOCK_RECORD
  5
AC6
330
1
100
AcDbSymbolTableRecord
100
AcDbBlockTableRecord
  2
*D150
340
0
 70
     0
280
     1
281
     0
  0
BLOCK_RECORD
  5
AD2
330
1
100
AcDbSymbolTableRecord
100
AcDbBlockTableRecord
  2
*D151
340
0
 70
     0
280
     1
281
     0
  0
BLOCK_RECORD
  5
ADE
330
1
100
AcDbSymbolTableRecord
100
AcDbBlockTableRecord
  2
*D152
340
0
 70
     0
280
     1
281
     0
  0
BLOCK_RECORD
  5
AEA
330
1
100
AcDbSymbolTableRecord
100
AcDbBlockTableRecord
  2
*D153
340
0
 70
     0
280
     1
281
     0
  0
BLOCK_RECORD
  5
AF6
330
1
100
AcDbSymbolTableRecord
100
AcDbBlockTableRecord
  2
*D154
340
0
 70
     0
280
     1
281
     0
  0
BLOCK_RECORD
  5
B02
330
1
100
AcDbSymbolTableRecord
100
AcDbBlockTableRecord
  2
*D155
340
0
 70
     0
280
     1
281
     0
  0
BLOCK_RECORD
  5
B0E
330
1
100
AcDbSymbolTableRecord
100
AcDbBlockTableRecord
  2
*D156
340
0
 70
     0
280
     1
281
     0
  0
BLOCK_RECORD
  5
B1A
330
1
100
AcDbSymbolTableRecord
100
AcDbBlockTableRecord
  2
*D157
340
0
 70
     0
280
     1
281
     0
  0
BLOCK_RECORD
  5
B26
330
1
100
AcDbSymbolTableRecord
100
AcDbBlockTableRecord
  2
*D158
340
0
 70
     0
280
     1
281
     0
  0
BLOCK_RECORD
  5
B32
330
1
100
AcDbSymbolTableRecord
100
AcDbBlockTableRecord
  2
*D159
340
0
 70
     0
280
     1
281
     0
  0
BLOCK_RECORD
  5
B3E
330
1
100
AcDbSymbolTableRecord
100
AcDbBlockTableRecord
  2
*D160
340
0
 70
     0
280
     1
281
     0
  0
BLOCK_RECORD
  5
B4A
330
1
100
AcDbSymbolTableRecord
100
AcDbBlockTableRecord
  2
*D161
340
0
 70
     0
280
     1
281
     0
  0
BLOCK_RECORD
  5
B56
330
1
100
AcDbSymbolTableRecord
100
AcDbBlockTableRecord
  2
*D162
340
0
 70
     0
280
     1
281
     0
  0
BLOCK_RECORD
  5
B62
330
1
100
AcDbSymbolTableRecord
100
AcDbBlockTableRecord
  2
*D163
340
0
 70
     0
280
     1
281
     0
  0
BLOCK_RECORD
  5
B6E
330
1
100
AcDbSymbolTableRecord
100
AcDbBlockTableRecord
  2
*D164
340
0
 70
     0
280
     1
281
     0
  0
BLOCK_RECORD
  5
B7A
330
1
100
AcDbSymbolTableRecord
100
AcDbBlockTableRecord
  2
*D165
340
0
 70
     0
280
     1
281
     0
  0
BLOCK_RECORD
  5
B86
330
1
100
AcDbSymbolTableRecord
100
AcDbBlockTableRecord
  2
*D166
340
0
 70
     0
280
     1
281
     0
  0
BLOCK_RECORD
  5
B92
330
1
100
AcDbSymbolTableRecord
100
AcDbBlockTableRecord
  2
*D167
340
0
 70
     0
280
     1
281
     0
  0
BLOCK_RECORD
  5
B9E
330
1
100
AcDbSymbolTableRecord
100
AcDbBlockTableRecord
  2
*D168
340
0
 70
     0
280
     1
281
     0
  0
BLOCK_RECORD
  5
BAA
330
1
100
AcDbSymbolTableRecord
100
AcDbBlockTableRecord
  2
*D169
340
0
 70
     0
280
     1
281
     0
  0
BLOCK_RECORD
  5
BB6
330
1
100
AcDbSymbolTableRecord
100
AcDbBlockTableRecord
  2
*D170
340
0
 70
     0
280
     1
281
     0
  0
BLOCK_RECORD
  5
BC2
330
1
100
AcDbSymbolTableRecord
100
AcDbBlockTableRecord
  2
*D171
340
0
 70
     0
280
     1
281
     0
  0
BLOCK_RECORD
  5
BCE
330
1
100
AcDbSymbolTableRecord
100
AcDbBlockTableRecord
  2
*D172
340
0
 70
     0
280
     1
281
     0
  0
BLOCK_RECORD
  5
BDA
330
1
100
AcDbSymbolTableRecord
100
AcDbBlockTableRecord
  2
*D173
340
0
 70
     0
280
     1
281
     0
  0
BLOCK_RECORD
  5
BE6
330
1
100
AcDbSymbolTableRecord
100
AcDbBlockTableRecord
  2
*D174
340
0
 70
     0
280
     1
281
     0
  0
BLOCK_RECORD
  5
BF2
330
1
100
AcDbSymbolTableRecord
100
AcDbBlockTableRecord
  2
*D175
340
0
 70
     0
280
     1
281
     0
  0
BLOCK_RECORD
  5
BFE
330
1
100
AcDbSymbolTableRecord
100
AcDbBlockTableRecord
  2
*D176
340
0
 70
     0
280
     1
281
     0
  0
BLOCK_RECORD
  5
C0A
330
1
100
AcDbSymbolTableRecord
100
AcDbBlockTableRecord
  2
*D177
340
0
 70
     0
280
     1
281
     0
  0
BLOCK_RECORD
  5
C16
330
1
100
AcDbSymbolTableRecord
100
AcDbBlockTableRecord
  2
*D178
340
0
 70
     0
280
     1
281
     0
  0
BLOCK_RECORD
  5
C22
330
1
100
AcDbSymbolTableRecord
100
AcDbBlockTableRecord
  2
*D179
340
0
 70
     0
280
     1
281
     0
  0
BLOCK_RECORD
  5
C2E
330
1
100
AcDbSymbolTableRecord
100
AcDbBlockTableRecord
  2
*D180
340
0
 70
     0
280
     1
281
     0
  0
BLOCK_RECORD
  5
C3A
330
1
100
AcDbSymbolTableRecord
100
AcDbBlockTableRecord
  2
*D181
340
0
 70
     0
280
     1
281
     0
  0
BLOCK_RECORD
  5
C46
330
1
100
AcDbSymbolTableRecord
100
AcDbBlockTableRecord
  2
*D182
340
0
 70
     0
280
     1
281
     0
  0
BLOCK_RECORD
  5
C52
330
1
100
AcDbSymbolTableRecord
100
AcDbBlockTableRecord
  2
*D183
340
0
 70
     0
280
     1
281
     0
  0
BLOCK_RECORD
  5
C5E
330
1
100
AcDbSymbolTableRecord
100
AcDbBlockTableRecord
  2
*D184
340
0
 70
     0
280
     1
281
     0
  0
BLOCK_RECORD
  5
C6A
330
1
100
AcDbSymbolTableRecord
100
AcDbBlockTableRecord
  2
*D185
340
0
 70
     0
280
     1
281
     0
  0
BLOCK_RECORD
  5
C76
330
1
100
AcDbSymbolTableRecord
100
AcDbBlockTableRecord
  2
*D186
340
0
 70
     0
280
     1
281
     0
  0
BLOCK_RECORD
  5
C82
330
1
100
AcDbSymbolTableRecord
100
AcDbBlockTableRecord
  2
*D187
340
0
 70
     0
280
     1
281
     0
  0
BLOCK_RECORD
  5
C8E
330
1
100
AcDbSymbolTableRecord
100
AcDbBlockTableRecord
  2
*D188
340
0
 70
     0
280
     1
281
     0
  0
BLOCK_RECORD
  5
C9A
330
1
100
AcDbSymbolTableRecord
100
AcDbBlockTableRecord
  2
*D189
340
0
 70
     0
280
     1
281
     0
  0
BLOCK_RECORD
  5
CA6
330
1
100
AcDbSymbolTableRecord
100
AcDbBlockTableRecord
  2
*D190
340
0
 70
     0
280
     1
281
     0
  0
BLOCK_RECORD
  5
CB2
330
1
100
AcDbSymbolTableRecord
100
AcDbBlockTableRecord
  2
*D191
340
0
 70
     0
280
     1
281
     0
  0
BLOCK_RECORD
  5
CBE
330
1
100
AcDbSymbolTableRecord
100
AcDbBlockTableRecord
  2
*D192
340
0
 70
     0
280
     1
281
     0
  0
BLOCK_RECORD
  5
CCA
330
1
100
AcDbSymbolTableRecord
100
AcDbBlockTableRecord
  2
*D193
340
0
 70
     0
280
     1
281
     0
  0
BLOCK_RECORD
  5
CD6
330
1
100
AcDbSymbolTableRecord
100
AcDbBlockTableRecord
  2
*D194
340
0
 70
     0
280
     1
281
     0
  0
BLOCK_RECORD
  5
CE2
330
1
100
AcDbSymbolTableRecord
100
AcDbBlockTableRecord
  2
*D195
340
0
 70
     0
280
     1
281
     0
  0
BLOCK_RECORD
  5
CEE
330
1
100
AcDbSymbolTableRecord
100
AcDbBlockTableRecord
  2
*D196
340
0
 70
     0
280
     1
281
     0
  0
BLOCK_RECORD
  5
CFA
330
1
100
AcDbSymbolTableRecord
100
AcDbBlockTableRecord
  2
*D197
340
0
 70
     0
280
     1
281
     0
  0
BLOCK_RECORD
  5
D06
330
1
100
AcDbSymbolTableRecord
100
AcDbBlockTableRecord
  2
*D198
340
0
 70
     0
280
     1
281
     0
  0
BLOCK_RECORD
  5
D12
330
1
100
AcDbSymbolTableRecord
100
AcDbBlockTableRecord
  2
*D199
340
0
 70
     0
280
     1
281
     0
  0
BLOCK_RECORD
  5
D1E
330
1
100
AcDbSymbolTableRecord
100
AcDbBlockTableRecord
  2
*D200
340
0
 70
     0
280
     1
281
     0
  0
BLOCK_RECORD
  5
D2A
330
1
100
AcDbSymbolTableRecord
100
AcDbBlockTableRecord
  2
*D201
340
0
 70
     0
280
     1
281
     0
  0
BLOCK_RECORD
  5
D36
330
1
100
AcDbSymbolTableRecord
100
AcDbBlockTableRecord
  2
*D202
340
0
 70
     0
280
     1
281
     0
  0
BLOCK_RECORD
  5
D42
330
1
100
AcDbSymbolTableRecord
100
AcDbBlockTableRecord
  2
*D203
340
0
 70
     0
280
     1
281
     0
  0
BLOCK_RECORD
  5
D4E
330
1
100
AcDbSymbolTableRecord
100
AcDbBlockTableRecord
  2
*D204
340
0
 70
     0
280
     1
281
     0
  0
BLOCK_RECORD
  5
D5A
330
1
100
AcDbSymbolTableRecord
100
AcDbBlockTableRecord
  2
*D205
340
0
 70
     0
280
     1
281
     0
  0
BLOCK_RECORD
  5
D66
330
1
100
AcDbSymbolTableRecord
100
AcDbBlockTableRecord
  2
*D206
340
0
 70
     0
280
     1
281
     0
  0
BLOCK_RECORD
  5
D72
330
1
100
AcDbSymbolTableRecord
100
AcDbBlockTableRecord
  2
*D207
340
0
 70
     0
280
     1
281
     0
  0
ENDTAB
  0
ENDSEC
  0
SECTION
  2
BLOCKS
  0
BLOCK
  5
20
330
1F
100
AcDbEntity
  8
0
100
AcDbBlockBegin
  2
*Model_Space
 70
     0
 10
0.0
 20
0.0
 30
0.0
  3
*Model_Space
  1

  0
ENDBLK
  5
21
330
1F
100
AcDbEntity
  8
0
100
AcDbBlockEnd
  0
BLOCK
  5
1C
330
1B
100
AcDbEntity
 67
     1
  8
0
100
AcDbBlockBegin
  2
*Paper_Space
 70
     0
 10
0.0
 20
0.0
 30
0.0
  3
*Paper_Space
  1

  0
ENDBLK
  5
1D
330
1B
100
AcDbEntity
 67
     1
  8
0
100
AcDbBlockEnd
  0
BLOCK
  5
24
330
23
100
AcDbEntity
  8
0
100
AcDbBlockBegin
  2
*Paper_Space0
 70
     0
 10
0.0
 20
0.0
 30
0.0
  3
*Paper_Space0
  1

  0
ENDBLK
  5
25
330
23
100
AcDbEntity
  8
0
100
AcDbBlockEnd
  0
BLOCK
  5
AC
330
AB
100
AcDbEntity
  8
0
100
AcDbBlockBegin
  2
_ArchTick
 70
     0
 10
0.0
 20
0.0
 30
0.0
  3
_ArchTick
  1

  0
LWPOLYLINE
  5
AE
330
AB
100
AcDbEntity
  8
0
  6
ByBlock
 62
     0
100
AcDbPolyline
 90
        2
 70
     0
 43
0.15
 10
-0.5
 20
-0.5
 10
0.5
 20
0.5
  0
ENDBLK
  5
AD
330
AB
100
AcDbEntity
  8
0
100
AcDbBlockEnd
  0
BLOCK
  5
B2
330
B1
100
AcDbEntity
  8
0
100
AcDbBlockBegin
  2
_Dot
 70
     0
 10
0.0
 20
0.0
 30
0.0
  3
_Dot
  1

  0
LWPOLYLINE
  5
B4
330
B1
100
AcDbEntity
  8
0
  6
ByBlock
 62
     0
100
AcDbPolyline
 90
        2
 70
     1
 43
0.5
 10
-0.25
 20
0.0
 42
1.0
 10
0.25
 20
0.0
 42
1.0
  0
LINE
  5
B5
330
B1
100
AcDbEntity
  8
0
  6
ByBlock
 62
     0
370
    -2
100
AcDbLine
 10
-0.5
 20
0.0
 30
0.0
 11
-1.0
 21
0.0
 31
0.0
  0
ENDBLK
  5
B3
330
B1
100
AcDbEntity
  8
0
100
AcDbBlockEnd
  0
BLOCK
  5
B7
330
B6
100
AcDbEntity
  8
0
100
AcDbBlockBegin
  2
_DotSmall
 70
     0
 10
0.0
 20
0.0
 30
0.0
  3
_DotSmall
  1

  0
LWPOLYLINE
  5
B9
330
B6
100
AcDbEntity
  8
0
  6
ByBlock
 62
     0
100
AcDbPolyline
 90
        2
 70
     1
 43
0.5
 10
-0.0625
 20
0.0
 42
1.0
 10
0.0625
 20
0.0
 42
1.0
  0
ENDBLK
  5
B8
330
B6
100
AcDbEntity
  8
0
100
AcDbBlockEnd
  0
BLOCK
  5
DB4
330
BA
100
AcDbEntity
  8
0
100
AcDbBlockBegin
  2
_Frame133990009
 70
     0
 10
0.0
 20
0.0
 30
0.0
  3
_Frame133990009
  1

  0
LINE
  5
DB
102
{ACAD_REACTORS
330
302
102
}
330
BA
100
AcDbEntity
  8
0
 60
     1
100
AcDbLine
 10
-0.6029285897968748
 20
-10827.5820866823
 30
0.0
 11
-3500.60292858929
 21
-10827.5820866823
 31
0.0
  0
LINE
  5
DC
102
{ACAD_REACTORS
330
302
102
}
330
BA
100
AcDbEntity
  8
0
 60
     1
100
AcDbLine
 10
-3500.60292858929
 20
-10827.5820866823
 30
0.0
 11
-3500.602928589291
 21
-10867.35481395509
 31
0.0
  0
LINE
  5
DD
102
{ACAD_REACTORS
330
302
102
}
330
BA
100
AcDbEntity
  8
0
 60
     1
100
AcDbLine
 10
-3500.602928589291
 20
-10867.35481395509
 30
0.0
 11
-0.6029285897966474
 21
-10867.35481395509
 31
0.0
  0
LINE
  5
DE
102
{ACAD_REACTORS
330
302
102
}
330
BA
100
AcDbEntity
  8
0
 60
     1
100
AcDbLine
 10
-0.6029285897966474
 20
-10867.35481395509
 30
0.0
 11
-0.6029285897968748
 21
-10827.5820866823
 31
0.0
  0
LINE
  5
DF
102
{ACAD_REACTORS
330
303
102
}
330
BA
100
AcDbEntity
  8
0
 60
     1
100
AcDbLine
 10
-0.6064638473617379
 20
-5885.091189671992
 30
0.0
 11
-3500.602928589164
 21
-5885.091189671992
 31
0.0
  0
LINE
  5
E0
102
{ACAD_REACTORS
330
303
102
}
330
BA
100
AcDbEntity
  8
0
 60
     1
100
AcDbLine
 10
-3500.602928589164
 20
-5885.091189671992
 30
0.0
 11
-3500.602928589166
 21
-5940.901661902943
 31
0.0
  0
LINE
  5
E1
102
{ACAD_REACTORS
330
303
102
}
330
BA
100
AcDbEntity
  8
0
 60
     1
100
AcDbLine
 10
-3500.602928589166
 20
-5940.901661902943
 30
0.0
 11
-0.6029285897968748
 21
-5940.901661902943
 31
0.0
  0
LINE
  5
E2
102
{ACAD_REACTORS
330
303
102
}
330
BA
100
AcDbEntity
  8
0
 60
     1
100
AcDbLine
 10
-0.6029285897968748
 20
-5940.901661902943
 30
0.0
 11
-0.6064638473617379
 21
-5885.091189671992
 31
0.0
  0
HATCH
  5
302
330
BA
100
AcDbEntity
  8
00图框
 62
   251
100
AcDbHatch
 10
0.0
 20
0.0
 30
0.0
210
0.0
220
0.0
230
1.0
  2
SOLID
 70
     1
 71
     1
 91
        1
 92
        0
 93
        4
 72
     1
 10
-0.6029285897968748
 20
-10827.5820866823
 11
-3500.60292858929
 21
-10827.5820866823
 72
     1
 10
-3500.60292858929
 20
-10827.5820866823
 11
-3500.602928589291
 21
-10867.35481395509
 72
     1
 10
-3500.602928589291
 20
-10867.35481395509
 11
-0.6029285897966474
 21
-10867.35481395509
 72
     1
 10
-0.6029285897966474
 20
-10867.35481395509
 11
-0.6029285897968748
 21
-10827.5820866823
 97
        4
330
DB
330
DC
330
DD
330
DE
 75
     0
 76
     1
 98
        1
 10
0.0
 20
0.0
  0
HATCH
  5
303
330
BA
100
AcDbEntity
  8
00图框
 62
   251
100
AcDbHatch
 10
0.0
 20
0.0
 30
0.0
210
0.0
220
0.0
230
1.0
  2
SOLID
 70
     1
 71
     1
 91
        1
 92
        0
 93
        4
 72
     1
 10
-0.6064638473617379
 20
-5885.091189671992
 11
-3500.602928589164
 21
-5885.091189671992
 72
     1
 10
-3500.602928589164
 20
-5885.091189671992
 11
-3500.602928589166
 21
-5940.901661902943
 72
     1
 10
-3500.602928589166
 20
-5940.901661902943
 11
-0.6029285897966474
 21
-5940.901661902943
 72
     1
 10
-0.6029285897968748
 20
-5940.901661902943
 11
-0.6064638473617379
 21
-5885.091189671992
 97
        4
330
DF
330
E0
330
E1
330
E2
 75
     0
 76
     1
 98
        1
 10
0.0
 20
0.0
  0
MTEXT
  5
304
330
BA
100
AcDbEntity
  8
图框文字
 62
     7
100
AcDbMText
 10
-1300.825599039141
 20
-11109.9365215494
 30
0.0
 40
141.3080533365472
 41
0.0
 46
0.0
 71
     1
 72
     1
  1
PROJECT NAME
  7
0e113b756c7cbd20a20592cb0b51655f_SimSun
 73
     1
 44
0.8
  0
MTEXT
  5
305
330
BA
100
AcDbEntity
  8
图框文字
 62
     7
100
AcDbMText
 10
-3409.048568953769
 20
-11113.03370591407
 30
0.0
 40
188.4107377820579
 41
0.0
 46
0.0
 71
     1
 72
     1
  1
项目名称：
  7
1e150f8d9abff80a802f8b29d9676000_SimSun
 73
     1
 44
0.8
  0
MTEXT
  5
306
330
BA
100
AcDbEntity
  8
图框文字
 62
     7
100
AcDbMText
 10
-1396.849120175654
 20
-13032.46715792485
 30
0.0
 40
141.3080533365472
 41
0.0
 46
0.0
 71
     1
 72
     1
  1
DRAWING TITLE
  7
0e113b756c7cbd20a20592cb0b51655f_SimSun
 73
     1
 44
0.8
  0
MTEXT
  5
307
330
BA
100
AcDbEntity
  8
图框文字
 62
     7
100
AcDbMText
 10
-3433.34401838256
 20
-13055.37843532068
 30
0.0
 40
188.4107377820579
 41
0.0
 46
0.0
 71
     1
 72
     1
  1
图纸名称：
  7
1e150f8d9abff80a802f8b29d9676000_SimSun
 73
     1
 44
0.8
  0
MTEXT
  5
308
330
BA
100
AcDbEntity
  8
图框文字
 62
     7
100
AcDbMText
 10
-3401.962416469316
 20
-17821.88499867294
 30
0.0
 40
168.7951474554873
 41
0.0
 46
0.0
 71
     1
 72
     1
  1
审核
  7
b411453e04fa315575d897f6d9934d12_SimSun
 73
     1
 44
0.8
  0
MTEXT
  5
309
330
BA
100
AcDbEntity
  8
图框文字
 62
     7
100
AcDbMText
 10
-3387.949996282099
 20
-18071.28077187097
 30
0.0
 40
100.701650470561
 41
0.0
 46
0.0
 71
     1
 72
     1
  1
APPR.
  7
2d1e2366a3f214301024c2bbb94502e4_SimSun
 73
     1
 44
0.8
  0
MTEXT
  5
30A
330
BA
100
AcDbEntity
  8
图框文字
 62
     7
100
AcDbMText
 10
-3396.284321412639
 20
-17092.48275848351
 30
0.0
 40
168.7951474554873
 41
0.0
 46
0.0
 71
     1
 72
     1
  1
制图
  7
b411453e04fa315575d897f6d9934d12_SimSun
 73
     1
 44
0.8
  0
MTEXT
  5
30B
330
BA
100
AcDbEntity
  8
图框文字
 62
     7
100
AcDbMText
 10
-3389.643746227982
 20
-17364.98349552765
 30
0.0
 40
100.701650470561
 41
0.0
 46
0.0
 71
     1
 72
     1
  1
DRAWN
  7
2d1e2366a3f214301024c2bbb94502e4_SimSun
 73
     1
 44
0.8
  0
MTEXT
  5
30C
330
BA
100
AcDbEntity
  8
图框文字
 62
     7
100
AcDbMText
 10
-3400.06971811709
 20
-16367.77109745799
 30
0.0
 40
168.7951474554873
 41
0.0
 46
0.0
 71
     1
 72
     1
  1
设计
  7
b411453e04fa315575d897f6d9934d12_SimSun
 73
     1
 44
0.8
  0
MTEXT
  5
30D
330
BA
100
AcDbEntity
  8
图框文字
 62
     7
100
AcDbMText
 10
-3391.337496173865
 20
-16649.40345751109
 30
0.0
 40
100.701650470561
 41
0.0
 46
0.0
 71
     1
 72
     1
  1
CHIEF DESIGNED
  7
2d1e2366a3f214301024c2bbb94502e4_SimSun
 73
     1
 44
0.8
  0
MTEXT
  5
30E
330
BA
100
AcDbEntity
  8
图框文字
 62
     7
100
AcDbMText
 10
-3397.230670588569
 20
-15653.71269405583
 30
0.0
 40
168.7951474554873
 41
0.0
 46
0.0
 71
     1
 72
     1
  1
项目负责
  7
b411453e04fa315575d897f6d9934d12_SimSun
 73
     1
 44
0.8
  0
MTEXT
  5
30F
330
BA
100
AcDbEntity
  8
图框文字
 62
     7
100
AcDbMText
 10
-3390.208329543094
 20
-15924.44360679418
 30
0.0
 40
100.701650470561
 41
0.0
 46
0.0
 71
     1
 72
     1
  1
PROJECT CHIEF
  7
2d1e2366a3f214301024c2bbb94502e4_SimSun
 73
     1
 44
0.8
  0
MTEXT
  5
310
330
BA
100
AcDbEntity
  8
图框文字
 62
     7
100
AcDbMText
 10
-3389.643746227982
 20
-20241.01228429443
 30
0.0
 40
100.701650470561
 41
0.0
 46
0.0
 71
     1
 72
     1
  1
DRAWING NO.
  7
2d1e2366a3f214301024c2bbb94502e4_SimSun
 73
     1
 44
0.8
  0
MTEXT
  5
311
330
BA
100
AcDbEntity
  8
图框文字
 62
     7
100
AcDbMText
 10
-3418.996701639347
 20
-19938.23613430886
 30
0.0
 40
168.7951474554873
 41
0.0
 46
0.0
 71
     1
 72
     1
  1
图号
  7
b411453e04fa315575d897f6d9934d12_SimSun
 73
     1
 44
0.8
  0
MTEXT
  5
312
330
BA
100
AcDbEntity
  8
图框文字
 62
     7
100
AcDbMText
 10
-3330.646932571019
 20
-24352.68430662284
 30
0.0
 40
188.4107377820579
 41
0.0
 46
0.0
 71
     1
 72
     1
  1
次数
  7
1e150f8d9abff80a802f8b29d9676000_SimSun
 73
     1
 44
0.8
  0
MTEXT
  5
313
330
BA
100
AcDbEntity
  8
图框文字
 62
     7
100
AcDbMText
 10
-2277.157199821028
 20
-24349.51533495822
 30
0.0
 40
188.4107377820579
 41
0.0
 46
0.0
 71
     1
 72
     1
  1
日期
  7
1e150f8d9abff80a802f8b29d9676000_SimSun
 73
     1
 44
0.8
  0
MTEXT
  5
314
330
BA
100
AcDbEntity
  8
图框文字
 62
     7
100
AcDbMText
 10
-1181.355930918911
 20
-24352.68430662284
 30
0.0
 40
188.4107377820579
 41
0.0
 46
0.0
 71
     1
 72
     1
  1
内容
  7
1e150f8d9abff80a802f8b29d9676000_SimSun
 73
     1
 44
0.8
  0
MTEXT
  5
315
330
BA
100
AcDbEntity
  8
图框文字
 62
     7
100
AcDbMText
 10
-3305.683619569397
 20
-23583.23462219133
 30
0.0
 40
188.4107377820579
 41
0.0
 46
0.0
 71
     1
 72
     1
  1
修改
  7
1e150f8d9abff80a802f8b29d9676000_SimSun
 73
     1
 44
0.8
  0
MTEXT
  5
316
330
BA
100
AcDbEntity
  8
图框文字
 62
     7
100
AcDbMText
 10
-3302.514647904772
 20
-23877.56568866649
 30
0.0
 40
188.4107377820579
 41
0.0
 46
0.0
 71
     1
 72
     1
  1
CHANGE
  7
1e150f8d9abff80a802f8b29d9676000_SimSun
 73
     1
 44
0.8
  0
MTEXT
  5
317
330
BA
100
AcDbEntity
  8
图框文字
 62
     7
100
AcDbMText
 10
-3299.832293622309
 20
-24635.77346833304
 30
0.0
 40
188.4107377820579
 41
0.0
 46
0.0
 71
     1
 72
     1
  1
TIME
  7
1e150f8d9abff80a802f8b29d9676000_SimSun
 73
     1
 44
0.8
  0
MTEXT
  5
318
330
BA
100
AcDbEntity
  8
图框文字
 62
     7
100
AcDbMText
 10
-2225.397329298823
 20
-24635.77346833304
 30
0.0
 40
188.4107377820579
 41
0.0
 46
0.0
 71
     1
 72
     1
  1
DATE
  7
1e150f8d9abff80a802f8b29d9676000_SimSun
 73
     1
 44
0.8
  0
MTEXT
  5
319
330
BA
100
AcDbEntity
  8
图框文字
 62
     7
100
AcDbMText
 10
-1146.497242608038
 20
-24635.77346833304
 30
0.0
 40
188.4107377820579
 41
0.0
 46
0.0
 71
     1
 72
     1
  1
CONTENT
  7
1e150f8d9abff80a802f8b29d9676000_SimSun
 73
     1
 44
0.8
  0
MTEXT
  5
31A
330
BA
100
AcDbEntity
  8
图框文字
 62
     7
100
AcDbMText
 10
-3422.782098343799
 20
-18508.7866137969
 30
0.0
 40
168.7951474554873
 41
0.0
 46
0.0
 71
     1
 72
     1
  1
比例
  7
b411453e04fa315575d897f6d9934d12_SimSun
 73
     1
 44
0.8
  0
MTEXT
  5
31B
330
BA
100
AcDbEntity
  8
图框文字
 62
     7
100
AcDbMText
 10
-3393.031246119748
 20
-18809.4289873179
 30
0.0
 40
100.701650470561
 41
0.0
 46
0.0
 71
     1
 72
     1
  1
SCALE
  7
2d1e2366a3f214301024c2bbb94502e4_SimSun
 73
     1
 44
0.8
  0
MTEXT
  5
31C
330
BA
100
AcDbEntity
  8
图框文字
 62
     7
100
AcDbMText
 10
-3437.923685161605
 20
-19224.19854561346
 30
0.0
 40
168.7951474554873
 41
0.0
 46
0.0
 71
     1
 72
     1
  1
日期
  7
b411453e04fa315575d897f6d9934d12_SimSun
 73
     1
 44
0.8
  0
MTEXT
  5
31D
330
BA
100
AcDbEntity
  8
图框文字
 62
     7
100
AcDbMText
 10
-3389.643746227982
 20
-19524.84091913446
 30
0.0
 40
100.701650470561
 41
0.0
 46
0.0
 71
     1
 72
     1
  1
DATE
  7
2d1e2366a3f214301024c2bbb94502e4_SimSun
 73
     1
 44
0.8
  0
MTEXT
  5
31E
330
BA
100
AcDbEntity
  8
图框文字
 62
     7
100
AcDbMText
 10
-3395.337972236526
 20
-20674.04851925187
 30
0.0
 40
168.7951474554873
 41
0.0
 46
0.0
 71
     1
 72
     1
  1
序号
  7
b411453e04fa315575d897f6d9934d12_SimSun
 73
     1
 44
0.8
  0
MTEXT
  5
31F
330
BA
100
AcDbEntity
  8
图框文字
 62
     7
100
AcDbMText
 10
-3419.509873045739
 20
-20947.48538710978
 30
0.0
 40
100.701650470561
 41
0.0
 46
0.0
 71
     1
 72
     1
  1
Number.
  7
2d1e2366a3f214301024c2bbb94502e4_SimSun
 73
     1
 44
0.8
  0
MTEXT
  5
320
330
BA
100
AcDbEntity
  8
图框文字
 62
     7
100
AcDbMText
 10
-3394.687318735652
 20
-26918.07937950384
 30
0.0
 40
119.8977422249463
 41
0.0
 46
0.0
 71
     1
 72
     1
  1
备注:
  7
e7311fcd6f339991f75d87c2bb3e43e7_SimSun
 73
     1
 44
0.8
  0
MTEXT
  5
321
330
BA
100
AcDbEntity
  8
图框文字
 62
     7
100
AcDbMText
 10
-3387.293051518194
 20
-27137.08499036263
 30
0.0
 40
119.8977422249463
 41
0.0
 46
0.0
 71
     1
 72
     1
  1
Notes
  7
e7311fcd6f339991f75d87c2bb3e43e7_SimSun
 73
     1
 44
0.8
  0
MTEXT
  5
322
330
BA
100
AcDbEntity
  8
图框文字
 62
     7
100
AcDbMText
 10
-3404.295911964755
 20
-27506.12890876189
 30
0.0
 40
112.8449338587731
 41
0.0
 46
0.0
 71
     1
 72
     1
  1
1.本设计图纸版权归本公司所有，未经本公司
  7
31c75dbd597bbf9dbb9d78976e414cb7_SimSun
 73
     1
 44
0.8
  0
MTEXT
  5
323
330
BA
100
AcDbEntity
  8
图框文字
 62
     7
100
AcDbMText
 10
-3395.438607918174
 20
-27847.08015727527
 30
0.0
 40
112.8449338587731
 41
0.0
 46
0.0
 71
     1
 72
     1
  1
书面同意，不得复印。
  7
31c75dbd597bbf9dbb9d78976e414cb7_SimSun
 73
     1
 44
0.8
  0
MTEXT
  5
324
330
BA
100
AcDbEntity
  8
图框文字
 62
     7
100
AcDbMText
 10
-3394.173278768663
 20
-28188.03140578864
 30
0.0
 40
112.8449338587731
 41
0.0
 46
0.0
 71
     1
 72
     1
  1
2.本图纸应与说明，工地状况，建筑结构设计
  7
31c75dbd597bbf9dbb9d78976e414cb7_SimSun
 73
     1
 44
0.8
  0
MTEXT
  5
325
330
BA
100
AcDbEntity
  8
图框文字
 62
     7
100
AcDbMText
 10
-3407.459234838534
 20
-28528.98265430238
 30
0.0
 40
112.8449338587731
 41
0.0
 46
0.0
 71
     1
 72
     1
  1
图及有关图纸协调使用，发现任何差异请立即
  7
31c75dbd597bbf9dbb9d78976e414cb7_SimSun
 73
     1
 44
0.8
  0
MTEXT
  5
326
330
BA
100
AcDbEntity
  8
图框文字
 62
     7
100
AcDbMText
 10
-3391.64262046964
 20
-28866.77057994234
 30
0.0
 40
112.8449338587731
 41
0.0
 46
0.0
 71
     1
 72
     1
  1
通知设计者。
  7
31c75dbd597bbf9dbb9d78976e414cb7_SimSun
 73
     1
 44
0.8
  0
MTEXT
  5
327
330
BA
100
AcDbEntity
  8
图框文字
 62
     7
100
AcDbMText
 10
-3395.438607918174
 20
-29210.88515132949
 30
0.0
 40
112.8449338587731
 41
0.0
 46
0.0
 71
     1
 72
     1
  1
3.切勿量度图纸，应以图中所注尺寸为准，最
  7
31c75dbd597bbf9dbb9d78976e414cb7_SimSun
 73
     1
 44
0.8
  0
MTEXT
  5
328
330
BA
100
AcDbEntity
  8
图框文字
 62
     7
100
AcDbMText
 10
-3396.07127249293
 20
-29551.8363998436
 30
0.0
 40
112.8449338587731
 41
0.0
 46
0.0
 71
     1
 72
     1
  1
终尺寸需在现场校对准确。
  7
31c75dbd597bbf9dbb9d78976e414cb7_SimSun
 73
     1
 44
0.8
  0
MTEXT
  5
329
330
BA
100
AcDbEntity
  8
图框文字
 62
     7
100
AcDbMText
 10
-3391.64262046964
 20
-29892.78764835697
 30
0.0
 40
112.8449338587731
 41
0.0
 46
0.0
 71
     1
 72
     1
  1
4.除特别注明外，图中所有尺寸均为毫米单位。
  7
31c75dbd597bbf9dbb9d78976e414cb7_SimSun
 73
     1
 44
0.8
  0
MTEXT
  5
32A
330
BA
100
AcDbEntity
  8
图框文字
 62
     7
100
AcDbMText
 10
-3395.438607918174
 20
-30233.10623229631
 30
0.0
 40
112.8449338587731
 41
0.0
 46
0.0
 71
     1
 72
     1
  1
5.未签出图专用章，图纸无效。
  7
31c75dbd597bbf9dbb9d78976e414cb7_SimSun
 73
     1
 44
0.8
  0
MTEXT
  5
32B
330
BA
100
AcDbEntity
  8
00图框
 62
     7
100
AcDbMText
 10
-2700.35135675501
 20
-5446.117366635017
 30
0.0
 40
171.9297275852734
 41
0.0
 46
0.0
 71
     1
 72
     1
  1
施工图所见即所得
  7
8c1861f19ccae897a1b159ab4070abdc_SimSun
 73
     1
 44
0.8
  0
MTEXT
  5
32C
330
BA
100
AcDbEntity
  8
图框文字
 62
     7
100
AcDbMText
 10
-3400.069718117054
 20
-14940.6846615209
 30
0.0
 40
168.7951474554873
 41
0.0
 46
0.0
 71
     1
 72
     1
  1
设计负责
  7
b411453e04fa315575d897f6d9934d12_SimSun
 73
     1
 44
0.8
  0
MTEXT
  5
32D
330
BA
100
AcDbEntity
  8
图框文字
 62
     7
100
AcDbMText
 10
-3389.643746227945
 20
-15217.58527569344
 30
0.0
 40
100.701650470561
 41
0.0
 46
0.0
 71
     1
 72
     1
  1
DESIGNER CHIEF
  7
2d1e2366a3f214301024c2bbb94502e4_SimSun
 73
     1
 44
0.8
  0
POLYLINE
  5
32E
330
BA
100
AcDbEntity
  8
00图框
  6
Continuous
 62
     7
 48
2.0
100
AcDb2dPolyline
 66
     1
 10
0.0
 20
0.0
 30
0.0
 70
   128
  0
VERTEX
  5
32F
330
32E
100
AcDbEntity
  8
00图框
  6
Continuous
 62
     7
 48
2.0
100
AcDbVertex
100
AcDb2dVertex
 10
-39567.26959525841
 20
-30715.28476515273
 30
0.0
  0
VERTEX
  5
330
330
32E
100
AcDbEntity
  8
00图框
  6
Continuous
 62
     7
 48
2.0
100
AcDbVertex
100
AcDb2dVertex
 10
-0.6029285897966474
 20
-30715.28476515273
 30
0.0
  0
VERTEX
  5
331
330
32E
100
AcDbEntity
  8
00图框
  6
Continuous
 62
     7
 48
2.0
100
AcDbVertex
100
AcDb2dVertex
 10
-0.6029285897966474
 20
-2146.597896466163
 30
0.0
  0
VERTEX
  5
332
330
32E
100
AcDbEntity
  8
00图框
  6
Continuous
 62
     7
 48
2.0
100
AcDbVertex
100
AcDb2dVertex
 10
-39567.26959525841
 20
-2146.597896466163
 30
0.0
  0
VERTEX
  5
333
330
32E
100
AcDbEntity
  8
00图框
  6
Continuous
 62
     7
 48
2.0
100
AcDbVertex
100
AcDb2dVertex
 10
-39567.26959525841
 20
-30715.28476515273
 30
0.0
  0
SEQEND
  5
D7F
330
32E
100
AcDbEntity
  8
00图框
  6
Continuous
 62
     7
 48
2.0
  0
POLYLINE
  5
334
330
BA
100
AcDbEntity
  8
00图框
  6
Continuous
 62
     7
 48
2.0
100
AcDb2dPolyline
 66
     1
 10
0.0
 20
0.0
 30
0.0
 70
   128
  0
VERTEX
  5
335
330
334
100
AcDbEntity
  8
00图框
  6
Continuous
 62
     7
 48
2.0
100
AcDbVertex
100
AcDb2dVertex
 10
-41434.94636293472
 20
-1580.941330809263
 30
0.0
  0
VERTEX
  5
336
330
334
100
AcDbEntity
  8
00图框
  6
Continuous
 62
     7
 48
2.0
100
AcDbVertex
100
AcDb2dVertex
 10
565.0536370652844
 20
-1580.941330809263
 30
0.0
  0
VERTEX
  5
337
330
334
100
AcDbEntity
  8
00图框
  6
Continuous
 62
     7
 48
2.0
100
AcDbVertex
100
AcDb2dVertex
 10
565.0536370652844
 20
-31280.94133080927
 30
0.0
  0
VERTEX
  5
338
330
334
100
AcDbEntity
  8
00图框
  6
Continuous
 62
     7
 48
2.0
100
AcDbVertex
100
AcDb2dVertex
 10
-41434.94636293472
 20
-31280.94133080927
 30
0.0
  0
VERTEX
  5
339
330
334
100
AcDbEntity
  8
00图框
  6
Continuous
 62
     7
 48
2.0
100
AcDbVertex
100
AcDb2dVertex
 10
-41434.94636293472
 20
-1580.941330809263
 30
0.0
  0
SEQEND
  5
D7E
330
334
100
AcDbEntity
  8
00图框
  6
Continuous
 62
     7
 48
2.0
  0
LINE
  5
33A
330
BA
100
AcDbEntity
  8
00图框
  6
Continuous
 62
     7
 48
2.0
100
AcDbLine
 10
-2068.784746772684
 20
-23354.31629332444
 30
0.0
 11
-2068.784746772684
 21
-14763.40720241852
 31
0.0
  0
LINE
  5
33B
330
BA
100
AcDbEntity
  8
00图框
  6
Continuous
 62
     7
 48
2.0
100
AcDbLine
 10
-3500.60292858961
 20
-14763.40720241852
 30
0.0
 11
-0.6029285896092915
 21
-14763.40720241852
 31
0.0
  0
LINE
  5
33C
330
BA
100
AcDbEntity
  8
00图框
  6
Continuous
 62
     7
 48
2.0
100
AcDbLine
 10
-3500.60292858961
 20
-15479.31629332771
 30
0.0
 11
-0.6029285896092915
 21
-15479.31629332771
 31
0.0
  0
LINE
  5
33D
330
BA
100
AcDbEntity
  8
00图框
  6
Continuous
 62
     7
 48
2.0
100
AcDbLine
 10
-3500.60292858961
 20
-16195.22538423618
 30
0.0
 11
-0.6029285896092915
 21
-16195.22538423618
 31
0.0
  0
LINE
  5
33E
330
BA
100
AcDbEntity
  8
00图框
  6
Continuous
 62
     7
 48
2.0
100
AcDbLine
 10
-3500.60292858961
 20
-16911.13447514537
 30
0.0
 11
-0.6029285896092915
 21
-16911.13447514537
 31
0.0
  0
LINE
  5
33F
330
BA
100
AcDbEntity
  8
00图框
  6
Continuous
 62
     7
 48
2.0
100
AcDbLine
 10
-3500.60292858961
 20
-17627.04356605419
 30
0.0
 11
-0.6029285896092915
 21
-17627.04356605419
 31
0.0
  0
LINE
  5
340
330
BA
100
AcDbEntity
  8
00图框
  6
Continuous
 62
     7
 48
2.0
100
AcDbLine
 10
-3500.60292858961
 20
-18342.95265696338
 30
0.0
 11
-0.6029285896092915
 21
-18342.95265696338
 31
0.0
  0
LINE
  5
341
330
BA
100
AcDbEntity
  8
00图框
  6
Continuous
 62
     7
 48
2.0
100
AcDbLine
 10
-3500.60292858961
 20
-19058.86174787112
 30
0.0
 11
-0.6029285896092915
 21
-19058.86174787112
 31
0.0
  0
LINE
  5
342
330
BA
100
AcDbEntity
  8
00图框
  6
Continuous
 62
     7
 48
2.0
100
AcDbLine
 10
-3500.60292858961
 20
-21206.58902059796
 30
0.0
 11
-0.6029285896092915
 21
-21206.58902059796
 31
0.0
  0
LINE
  5
343
330
BA
100
AcDbEntity
  8
0
  6
Continuous
 62
     7
 48
2.0
100
AcDbLine
 10
-3500.602928589164
 20
-5885.091189671992
 30
0.0
 11
-0.6064638473617379
 21
-5885.091189671992
 31
0.0
  0
LINE
  5
344
330
BA
100
AcDbEntity
  8
0
  6
Continuous
 62
     7
 48
2.0
100
AcDbLine
 10
-0.6064638473617379
 20
-5885.091189671992
 30
0.0
 11
-0.6029285897966474
 21
-5940.901661902943
 31
0.0
  0
LINE
  5
345
330
BA
100
AcDbEntity
  8
0
  6
Continuous
 62
     7
 48
2.0
100
AcDbLine
 10
-0.6029285897966474
 20
-5940.901661902943
 30
0.0
 11
-3500.602928589168
 21
-5940.901661902943
 31
0.0
  0
LINE
  5
346
330
BA
100
AcDbEntity
  8
0
  6
Continuous
 62
     7
 48
2.0
100
AcDbLine
 10
-3500.602928589168
 20
-5940.901661902943
 30
0.0
 11
-3500.602928589164
 21
-5885.091189671992
 31
0.0
  0
LINE
  5
347
330
BA
100
AcDbEntity
  8
0
  6
Continuous
 62
     7
 48
2.0
100
AcDbLine
 10
-3500.602928589289
 20
-10827.5820866823
 30
0.0
 11
-0.602928589796647
 21
-10827.5820866823
 31
0.0
  0
LINE
  5
348
330
BA
100
AcDbEntity
  8
0
  6
Continuous
 62
     7
 48
2.0
100
AcDbLine
 10
-0.602928589796647
 20
-10827.5820866823
 30
0.0
 11
-0.6029285897966465
 21
-10867.35481395509
 31
0.0
  0
LINE
  5
349
330
BA
100
AcDbEntity
  8
0
  6
Continuous
 62
     7
 48
2.0
100
AcDbLine
 10
-0.6029285897966465
 20
-10867.35481395509
 30
0.0
 11
-3500.602928589289
 21
-10867.35481395509
 31
0.0
  0
LINE
  5
34A
330
BA
100
AcDbEntity
  8
0
  6
Continuous
 62
     7
 48
2.0
100
AcDbLine
 10
-3500.602928589289
 20
-10867.35481395509
 30
0.0
 11
-3500.602928589289
 21
-10827.5820866823
 31
0.0
  0
LINE
  5
34B
330
BA
100
AcDbEntity
  8
00图框
  6
Continuous
 62
     7
 48
2.0
100
AcDbLine
 10
-3500.60292858961
 20
-10867.35481395509
 30
0.0
 11
-0.6029285896092915
 21
-10867.35481395509
 31
0.0
  0
LINE
  5
34C
330
BA
100
AcDbEntity
  8
00图框
  6
Continuous
 62
     7
 48
2.0
100
AcDbLine
 10
-2546.057474044209
 20
-26536.13447514137
 30
0.0
 11
-2546.057474044209
 21
-24149.77083877813
 31
0.0
  0
LINE
  5
34D
330
BA
100
AcDbEntity
  8
00图框
  6
Continuous
 62
     7
 48
2.0
100
AcDbLine
 10
-3500.602928589797
 20
-30715.28476515273
 30
0.0
 11
-3500.602928589069
 21
-2146.597896465799
 31
0.0
  0
LINE
  5
34E
330
BA
100
AcDbEntity
  8
00图框
  6
Continuous
 62
     7
 48
2.0
100
AcDbLine
 10
-3500.602928589797
 20
-2146.597896466163
 30
0.0
 11
-0.6029285897966474
 21
-2146.597896466163
 31
0.0
  0
LINE
  5
34F
330
BA
100
AcDbEntity
  8
00图框
  6
Continuous
 62
     7
 48
2.0
100
AcDbLine
 10
-1432.421110409631
 20
-26536.13447514137
 30
0.0
 11
-1432.421110409631
 21
-24149.77083877813
 31
0.0
  0
LINE
  5
350
330
BA
100
AcDbEntity
  8
00图框
  6
Continuous
 62
     7
 48
2.0
100
AcDbLine
 10
-3500.602928589796
 20
-26536.13447514137
 30
0.0
 11
-0.6029285897952832
 21
-26536.13447514137
 31
0.0
  0
LINE
  5
351
330
BA
100
AcDbEntity
  8
00图框
  6
Continuous
 62
     7
 48
2.0
100
AcDbLine
 10
-3500.602928589796
 20
-24945.22538423218
 30
0.0
 11
-0.6029285897952832
 21
-24945.22538423218
 31
0.0
  0
LINE
  5
352
330
BA
100
AcDbEntity
  8
00图框
  6
Continuous
 62
     7
 48
2.0
100
AcDbLine
 10
-3500.602928589796
 20
-25342.95265695975
 30
0.0
 11
-0.6029285897952832
 21
-25342.95265695975
 31
0.0
  0
LINE
  5
353
330
BA
100
AcDbEntity
  8
00图框
  6
Continuous
 62
     7
 48
2.0
100
AcDbLine
 10
-3500.602928589796
 20
-25740.67992968695
 30
0.0
 11
-0.6029285897952832
 21
-25740.67992968695
 31
0.0
  0
LINE
  5
354
330
BA
100
AcDbEntity
  8
00图框
  6
Continuous
 62
     7
 48
2.0
100
AcDbLine
 10
-3500.602928589796
 20
-26138.4072024138
 30
0.0
 11
-0.6029285897952832
 21
-26138.4072024138
 31
0.0
  0
LINE
  5
355
330
BA
100
AcDbEntity
  8
00图框
  6
Continuous
 62
     7
 48
2.0
100
AcDbLine
 10
-3500.602928589796
 20
-24149.77083877813
 30
0.0
 11
-0.6029285897952832
 21
-24149.77083877813
 31
0.0
  0
LINE
  5
356
330
BA
100
AcDbEntity
  8
00图框
  6
Continuous
 62
     7
 48
2.0
100
AcDbLine
 10
-3500.60292858961
 20
-22638.40720241525
 30
0.0
 11
-0.6029285896092915
 21
-22638.40720241525
 31
0.0
  0
LINE
  5
357
330
BA
100
AcDbEntity
  8
00图框
  6
Continuous
 62
     7
 48
2.0
100
AcDbLine
 10
-3500.602928589796
 20
-23354.31629332444
 30
0.0
 11
-0.6029285897952832
 21
-23354.31629332444
 31
0.0
  0
LINE
  5
358
330
BA
100
AcDbEntity
  8
00图框
  6
Continuous
 62
     7
 48
2.0
100
AcDbLine
 10
-3500.60292858961
 20
-21922.49811150642
 30
0.0
 11
-0.6029285896092915
 21
-21922.49811150642
 31
0.0
  0
LINE
  5
359
330
BA
100
AcDbEntity
  8
00图框
  6
Continuous
 62
     7
 48
2.0
100
AcDbLine
 10
-3500.60292858961
 20
-20490.67992968913
 30
0.0
 11
-0.6029285896092915
 21
-20490.67992968913
 31
0.0
  0
LINE
  5
35A
330
BA
100
AcDbEntity
  8
00图框
  6
Continuous
 62
     7
 48
2.0
100
AcDbLine
 10
-3500.60292858961
 20
-19774.77083878031
 30
0.0
 11
-0.6029285896092915
 21
-19774.77083878031
 31
0.0
  0
LINE
  5
35B
330
BA
100
AcDbEntity
  8
00图框
  6
Continuous
 62
     7
 48
2.0
100
AcDbLine
 10
-3500.60292858961
 20
-12774.77083878322
 30
0.0
 11
-0.6029285896092915
 21
-12774.77083878322
 31
0.0
  0
LINE
  5
35C
330
BA
100
AcDbEntity
  8
00图框
  6
Continuous
 62
     7
 48
2.0
100
AcDbLine
 10
-2324.732133099791
 20
-3508.819017662524
 30
0.0
 11
-2324.732133099791
 21
-3072.388709765432
 31
0.0
  0
LINE
  5
35D
330
BA
100
AcDbEntity
  8
00图框
  6
Continuous
 62
     7
 48
2.0
100
AcDbLine
 10
-2324.732133099791
 20
-3072.388709765432
 30
0.0
 11
-1720.444014472974
 21
-2690.893685379477
 31
0.0
  0
LINE
  5
35E
330
BA
100
AcDbEntity
  8
00图框
  6
Continuous
 62
     7
 48
2.0
100
AcDbLine
 10
-1720.444014472974
 20
-2690.893685379477
 30
0.0
 11
-1113.103935651043
 21
-3063.232829180088
 31
0.0
  0
LINE
  5
35F
330
BA
100
AcDbEntity
  8
00图框
  6
Continuous
 62
     7
 48
2.0
100
AcDbLine
 10
-1113.103935651043
 20
-3063.232829180088
 30
0.0
 11
-1113.103935651043
 21
-3505.767057467408
 31
0.0
  0
ARC
  5
360
330
BA
100
AcDbEntity
  8
00图框
  6
Continuous
 62
     7
 48
2.0
100
AcDbCircle
 10
-1719.157513168952
 20
-3412.21995636797
 30
0.0
 40
613.2307876706625
100
AcDbArc
 50
189.0632562402784
 51
351.2253868748857
  0
LINE
  5
361
330
BA
100
AcDbEntity
  8
00图框
  6
Continuous
 62
     7
 48
2.0
100
AcDbLine
 10
-2187.393924320978
 20
-3484.403336101838
 30
0.0
 11
-2187.393924320978
 21
-3166.999475813087
 31
0.0
  0
LINE
  5
362
330
BA
100
AcDbEntity
  8
00图框
  6
Continuous
 62
     7
 48
2.0
100
AcDbLine
 10
-2187.393924320978
 20
-3166.999475813087
 30
0.0
 11
-1729.59989505832
 21
-2883.167177669888
 31
0.0
  0
LINE
  5
363
330
BA
100
AcDbEntity
  8
00图框
  6
Continuous
 62
     7
 48
2.0
100
AcDbLine
 10
-1729.59989505832
 20
-2883.167177669888
 30
0.0
 11
-1268.753905600062
 21
-3157.843595227726
 31
0.0
  0
LINE
  5
364
330
BA
100
AcDbEntity
  8
00图框
  6
Continuous
 62
     7
 48
2.0
100
AcDbLine
 10
-1268.753905600062
 20
-3157.843595227726
 30
0.0
 11
-1268.753905600062
 21
-3478.299415711596
 31
0.0
  0
ARC
  5
365
330
BA
100
AcDbEntity
  8
00图框
  6
Continuous
 62
     7
 48
2.0
100
AcDbCircle
 10
-1728.519042844551
 20
-3414.359629401883
 30
0.0
 40
464.1899155502438
100
AcDbArc
 50
188.6787678747889
 51
352.0826266279219
  0
ARC
  5
366
330
BA
100
AcDbEntity
  8
00图框
  6
Continuous
 62
     7
 48
2.0
100
AcDbCircle
 10
-1720.035416113778
 20
-3401.488505130799
 30
0.0
 40
266.9218883167208
100
AcDbArc
 50
189.9870987145636
 51
353.3238743637066
  0
ARC
  5
367
330
BA
100
AcDbEntity
  8
00图框
  6
Continuous
 62
     7
 48
2.0
100
AcDbCircle
 10
-1716.331527569151
 20
-3396.752767564825
 30
0.0
 40
127.3924480903001
100
AcDbArc
 50
187.8755205229171
 51
356.2645407831505
  0
ARC
  5
368
330
BA
100
AcDbEntity
  8
00图框
  6
Continuous
 62
     7
 48
2.0
100
AcDbCircle
 10
-1909.157819257869
 20
-3445.879998619767
 30
0.0
 40
73.77923616589942
100
AcDbArc
 50
25.42170083662571
 51
181.4755292666833
  0
ARC
  5
369
330
BA
100
AcDbEntity
  8
00图框
  6
Continuous
 62
     7
 48
2.0
100
AcDbCircle
 10
-1527.584857891363
 20
-3445.76433283462
 30
0.0
 40
73.85856899399663
100
AcDbArc
 50
10.33015539224124
 51
146.5495830194041
  0
LINE
  5
36A
330
BA
100
AcDbEntity
  8
00图框
  6
Continuous
 62
     7
 48
2.0
100
AcDbLine
 10
-3084.186285592655
 20
-4457.584541264456
 30
0.0
 11
-2699.756684096317
 21
-4457.584541264456
 31
0.0
  0
LINE
  5
36B
330
BA
100
AcDbEntity
  8
00图框
  6
Continuous
 62
     7
 48
2.0
100
AcDbLine
 10
-3080.004513210184
 20
-4519.973650636904
 30
0.0
 11
-3006.64008544386
 21
-4519.973650636904
 31
0.0
  0
LINE
  5
36C
330
BA
100
AcDbEntity
  8
00图框
  6
Continuous
 62
     7
 48
2.0
100
AcDbLine
 10
-2985.177066644106
 20
-4540.232517745475
 30
0.0
 11
-2985.177066644106
 21
-4596.332762919723
 31
0.0
  0
LINE
  5
36D
330
BA
100
AcDbEntity
  8
00图框
  6
Continuous
 62
     7
 48
2.0
100
AcDbLine
 10
-2931.748261716595
 20
-4540.232517745475
 30
0.0
 11
-2931.748261716595
 21
-4596.332762919723
 31
0.0
  0
LINE
  5
36E
330
BA
100
AcDbEntity
  8
00图框
  6
Continuous
 62
     7
 48
2.0
100
AcDbLine
 10
-2859.619375063862
 20
-4540.232517745475
 30
0.0
 11
-2859.619375063862
 21
-4596.332762919723
 31
0.0
  0
LINE
  5
36F
330
BA
100
AcDbEntity
  8
00图框
  6
Continuous
 62
     7
 48
2.0
100
AcDbLine
 10
-2802.851269828061
 20
-4540.232517745475
 30
0.0
 11
-2802.851269828061
 21
-4596.332762919723
 31
0.0
  0
LINE
  5
370
330
BA
100
AcDbEntity
  8
00图框
  6
Continuous
 62
     7
 48
2.0
100
AcDbLine
 10
-2776.12818518327
 20
-4519.973650636904
 30
0.0
 11
-2702.763757416951
 21
-4519.973650636904
 31
0.0
  0
LINE
  5
371
330
BA
100
AcDbEntity
  8
00图框
  6
Continuous
 62
     7
 48
2.0
100
AcDbLine
 10
-3083.005208467101
 20
-4620.723012369143
 30
0.0
 11
-3016.41288172492
 21
-4620.723012369143
 31
0.0
  0
LINE
  5
372
330
BA
100
AcDbEntity
  8
00图框
  6
Continuous
 62
     7
 48
2.0
100
AcDbLine
 10
-2779.38934586396
 20
-4620.723012369143
 30
0.0
 11
-2712.797019122251
 21
-4620.723012369143
 31
0.0
  0
LINE
  5
373
330
BA
100
AcDbEntity
  8
00图框
  6
Continuous
 62
     7
 48
2.0
100
AcDbLine
 10
-3130.409915639395
 20
-4676.028504070241
 30
0.0
 11
-3130.409915639395
 21
-5127.501905709954
 31
0.0
  0
LINE
  5
374
330
BA
100
AcDbEntity
  8
00图框
  6
Continuous
 62
     7
 48
2.0
100
AcDbLine
 10
-2668.778362462275
 20
-4676.028504070241
 30
0.0
 11
-2668.778362462275
 21
-5167.285132115022
 31
0.0
  0
LINE
  5
375
330
BA
100
AcDbEntity
  8
00图框
  6
Continuous
 62
     7
 48
2.0
100
AcDbLine
 10
-3045.758652831735
 20
-4688.44402261528
 30
0.0
 11
-3045.758652831735
 21
-4861.132598742422
 31
0.0
  0
LINE
  5
376
330
BA
100
AcDbEntity
  8
00图框
  6
Continuous
 62
     7
 48
2.0
100
AcDbLine
 10
-3045.758652831735
 20
-4936.754393517107
 30
0.0
 11
-3045.758652831735
 21
-5013.50487179596
 31
0.0
  0
LINE
  5
377
330
BA
100
AcDbEntity
  8
00图框
  6
Continuous
 62
     7
 48
2.0
100
AcDbLine
 10
-3045.758652831735
 20
-5079.396688721981
 30
0.0
 11
-3045.758652831735
 21
-5145.560841775671
 31
0.0
  0
LINE
  5
378
330
BA
100
AcDbEntity
  8
00图框
  6
Continuous
 62
     7
 48
2.0
100
AcDbLine
 10
-2733.409601615858
 20
-4688.44402261528
 30
0.0
 11
-2733.409601615858
 21
-4861.132598742422
 31
0.0
  0
LINE
  5
379
330
BA
100
AcDbEntity
  8
00图框
  6
Continuous
 62
     7
 48
2.0
100
AcDbLine
 10
-2733.409601615858
 20
-4936.754393517107
 30
0.0
 11
-2733.409601615858
 21
-5013.50487179596
 31
0.0
  0
LINE
  5
37A
330
BA
100
AcDbEntity
  8
00图框
  6
Continuous
 62
     7
 48
2.0
100
AcDbLine
 10
-2733.409601615858
 20
-5079.396688721981
 30
0.0
 11
-2733.409601615858
 21
-5145.560841775671
 31
0.0
  0
LINE
  5
37B
330
BA
100
AcDbEntity
  8
00图框
  6
Continuous
 62
     7
 48
2.0
100
AcDbLine
 10
-3027.247779479896
 20
-5066.466768253846
 30
0.0
 11
-2745.619539754997
 21
-5066.466768253846
 31
0.0
  0
LINE
  5
37C
330
BA
100
AcDbEntity
  8
00图框
  6
Continuous
 62
     7
 48
2.0
100
AcDbLine
 10
-3012.271017598529
 20
-5175.59092819343
 30
0.0
 11
-2756.200947606011
 21
-5175.59092819343
 31
0.0
  0
LINE
  5
37D
330
BA
100
AcDbEntity
  8
00图框
  6
Continuous
 62
     7
 48
2.0
100
AcDbLine
 10
-3023.557852639866
 20
-5023.924082330209
 30
0.0
 11
-2755.495520415689
 21
-5023.924082330209
 31
0.0
  0
LINE
  5
37E
330
BA
100
AcDbEntity
  8
00图框
  6
Continuous
 62
     7
 48
2.0
100
AcDbLine
 10
-2977.259255301548
 20
-4686.338373389822
 30
0.0
 11
-2977.259255301548
 21
-4821.780393881597
 31
0.0
  0
LINE
  5
37F
330
BA
100
AcDbEntity
  8
00图框
  6
Continuous
 62
     7
 48
2.0
100
AcDbLine
 10
-2800.197030595548
 20
-4686.338373389822
 30
0.0
 11
-2800.197030595548
 21
-4821.780393881597
 31
0.0
  0
LINE
  5
380
330
BA
100
AcDbEntity
  8
00图框
  6
Continuous
 62
     7
 48
2.0
100
AcDbLine
 10
-2904.600254725079
 20
-4620.733644713944
 30
0.0
 11
-2875.677739932361
 21
-4620.733644713944
 31
0.0
  0
LINE
  5
381
330
BA
100
AcDbEntity
  8
00图框
  6
Continuous
 62
     7
 48
2.0
100
AcDbLine
 10
-2904.600254725079
 20
-4677.167819918976
 30
0.0
 11
-2875.677739932361
 21
-4677.167819918976
 31
0.0
  0
LINE
  5
382
330
BA
100
AcDbEntity
  8
00图框
  6
Continuous
 62
     7
 48
2.0
100
AcDbLine
 10
-2922.588648071375
 20
-4699.177148248965
 30
0.0
 11
-2922.588648071375
 21
-4844.495149401679
 31
0.0
  0
LINE
  5
383
330
BA
100
AcDbEntity
  8
00图框
  6
Continuous
 62
     7
 48
2.0
100
AcDbLine
 10
-2852.751356255241
 20
-4699.177148248965
 30
0.0
 11
-2852.751356255241
 21
-4844.495149401679
 31
0.0
  0
ARC
  5
384
330
BA
100
AcDbEntity
  8
00图框
  6
Continuous
 62
     7
 48
2.0
100
AcDbCircle
 10
-3081.831867034257
 20
-4488.761432092604
 30
0.0
 40
31.26566500912955
100
AcDbArc
 50
94.31866925681246
 51
273.3506199692796
  0
ARC
  5
385
330
BA
100
AcDbEntity
  8
00图框
  6
Continuous
 62
     7
 48
2.0
100
AcDbCircle
 10
-2702.111102655211
 20
-4488.761432092604
 30
0.0
 40
31.26566500912881
100
AcDbArc
 50
266.6493800307203
 51
85.68133074318743
  0
ARC
  5
386
330
BA
100
AcDbEntity
  8
00图框
  6
Continuous
 62
     7
 48
2.0
100
AcDbCircle
 10
-3004.8163083942
 20
-4539.540276600776
 30
0.0
 40
19.65143797105684
100
AcDbArc
 50
357.9812824228954
 51
95.32507160768813
  0
ARC
  5
387
330
BA
100
AcDbEntity
  8
00图框
  6
Continuous
 62
     7
 48
2.0
100
AcDbCircle
 10
-2777.471777742099
 20
-4545.95573217338
 30
0.0
 40
26.01679845647139
100
AcDbArc
 50
87.03974171916683
 51
167.2920534203675
  0
LINE
  5
388
330
BA
100
AcDbEntity
  8
00图框
  6
Continuous
 62
     7
 48
2.0
100
AcDbLine
 10
-2904.600254725079
 20
-4519.27028920183
 30
0.0
 11
-2875.677739932361
 21
-4519.27028920183
 31
0.0
  0
ARC
  5
389
330
BA
100
AcDbEntity
  8
00图框
  6
Continuous
 62
     7
 48
2.0
100
AcDbCircle
 10
-2905.518494353564
 20
-4546.141777485328
 30
0.0
 40
26.88717252856276
100
AcDbArc
 50
88.04287759758876
 51
167.303894967895
  0
ARC
  5
38A
330
BA
100
AcDbEntity
  8
00图框
  6
Continuous
 62
     7
 48
2.0
100
AcDbCircle
 10
-2877.0158624452
 20
-4536.927339007835
 30
0.0
 40
17.70768137571522
100
AcDbArc
 50
349.2425220132163
 51
85.66617856310343
  0
ARC
  5
38B
330
BA
100
AcDbEntity
  8
00图框
  6
Continuous
 62
     7
 48
2.0
100
AcDbCircle
 10
-2908.272943770672
 20
-4597.517169389098
 30
0.0
 40
23.50517754317338
100
AcDbArc
 50
177.1116898752223
 51
278.9893118193189
  0
ARC
  5
38C
330
BA
100
AcDbEntity
  8
00图框
  6
Continuous
 62
     7
 48
2.0
100
AcDbCircle
 10
-2885.968840066321
 20
-4596.476517322772
 30
0.0
 40
26.34985713881576
100
AcDbArc
 50
292.9891123533066
 51
0.3125846713787387
  0
ARC
  5
38D
330
BA
100
AcDbEntity
  8
00图框
  6
Continuous
 62
     7
 48
2.0
100
AcDbCircle
 10
-3015.941395811409
 20
-4589.130348227964
 30
0.0
 40
31.59618215079052
100
AcDbArc
 50
269.1449867115208
 51
346.8234693382707
  0
ARC
  5
38E
330
BA
100
AcDbEntity
  8
00图框
  6
Continuous
 62
     7
 48
2.0
100
AcDbCircle
 10
-2778.542448621221
 20
-4596.428758548876
 30
0.0
 40
24.30901074971371
100
AcDbArc
 50
179.7737399210989
 51
268.0034786506394
  0
ARC
  5
38F
330
BA
100
AcDbEntity
  8
00图框
  6
Continuous
 62
     7
 48
2.0
100
AcDbCircle
 10
-3065.022071831756
 20
-4684.106178409392
 30
0.0
 40
65.88489159533688
100
AcDbArc
 50
105.8397540803467
 51
172.9576566294506
  0
ARC
  5
390
330
BA
100
AcDbEntity
  8
00图框
  6
Continuous
 62
     7
 48
2.0
100
AcDbCircle
 10
-2724.596420008294
 20
-4675.284746779549
 30
0.0
 40
55.82301248693067
100
AcDbArc
 50
359.2365977270297
 51
77.79725488727954
  0
ARC
  5
391
330
BA
100
AcDbEntity
  8
00图框
  6
Continuous
 62
     7
 48
2.0
100
AcDbCircle
 10
-3010.708257846588
 20
-4713.438845445242
 30
0.0
 40
43.04963829007783
100
AcDbArc
 50
39.0144845073053
 51
144.5069139112613
  0
ARC
  5
392
330
BA
100
AcDbEntity
  8
00图框
  6
Continuous
 62
     7
 48
2.0
100
AcDbCircle
 10
-3043.503412144866
 20
-4785.764544350637
 30
0.0
 40
75.40178866158821
100
AcDbArc
 50
268.2860479972557
 51
331.4678078736002
  0
ARC
  5
393
330
BA
100
AcDbEntity
  8
00图框
  6
Continuous
 62
     7
 48
2.0
100
AcDbCircle
 10
-2768.233000385696
 20
-4732.738227395104
 30
0.0
 40
56.34399416946591
100
AcDbArc
 50
51.82613427232034
 51
124.5622619840827
  0
ARC
  5
394
330
BA
100
AcDbEntity
  8
00图框
  6
Continuous
 62
     7
 48
2.0
100
AcDbCircle
 10
-2743.134613300794
 20
-4801.28665542983
 30
0.0
 40
60.63095565198163
100
AcDbArc
 50
199.7555474069342
 51
279.229929054341
  0
ARC
  5
395
330
BA
100
AcDbEntity
  8
00图框
  6
Continuous
 62
     7
 48
2.0
100
AcDbCircle
 10
-2899.627385287151
 20
-4699.587874655407
 30
0.0
 40
22.96493598570792
100
AcDbArc
 50
102.5059992559356
 51
178.975214021979
  0
ARC
  5
396
330
BA
100
AcDbEntity
  8
00图框
  6
Continuous
 62
     7
 48
2.0
100
AcDbCircle
 10
-2874.729117938701
 20
-4699.125161005538
 30
0.0
 40
21.97782316976118
100
AcDbArc
 50
359.8644700894121
 51
92.47380856645141
  0
ARC
  5
397
330
BA
100
AcDbEntity
  8
00图框
  6
Continuous
 62
     7
 48
2.0
100
AcDbCircle
 10
-3042.946652514575
 20
-4812.160320408846
 30
0.0
 40
124.6258014999124
100
AcDbArc
 50
268.7070941780374
 51
344.9622539264499
  0
ARC
  5
398
330
BA
100
AcDbEntity
  8
00图框
  6
Continuous
 62
     7
 48
2.0
100
AcDbCircle
 10
-2751.147332300481
 20
-4836.382236253848
 30
0.0
 40
101.9274106585143
100
AcDbArc
 50
184.5652872158905
 51
280.0218174148113
  0
ARC
  5
399
330
BA
100
AcDbEntity
  8
00图框
  6
Continuous
 62
     7
 48
2.0
100
AcDbCircle
 10
-3025.33548188427
 20
-4998.849922811658
 30
0.0
 40
25.13709293625692
100
AcDbArc
 50
215.661891260537
 51
274.0551919329487
  0
ARC
  5
39A
330
BA
100
AcDbEntity
  8
00图框
  6
Continuous
 62
     7
 48
2.0
100
AcDbCircle
 10
-2756.85356748548
 20
-4992.427684889273
 30
0.0
 40
31.52566166774709
100
AcDbArc
 50
272.468923618278
 51
318.0430235741464
  0
ARC
  5
39B
330
BA
100
AcDbEntity
  8
00图框
  6
Continuous
 62
     7
 48
2.0
100
AcDbCircle
 10
-3027.757394824303
 20
-5085.45251633257
 30
0.0
 40
18.99258639327298
100
AcDbArc
 50
88.46243620242363
 51
161.4064760906354
  0
ARC
  5
39C
330
BA
100
AcDbEntity
  8
00图框
  6
Continuous
 62
     7
 48
2.0
100
AcDbCircle
 10
-2745.590620121371
 20
-5078.669442646414
 30
0.0
 40
12.20270866145664
100
AcDbArc
 50
356.5833129581844
 51
90.1357874360997
  0
ARC
  5
39D
330
BA
100
AcDbEntity
  8
00图框
  6
Continuous
 62
     7
 48
2.0
100
AcDbCircle
 10
-3014.12346982935
 20
-5143.969984980924
 30
0.0
 40
31.67515791478049
100
AcDbArc
 50
182.8788410178926
 51
273.3527312125322
  0
ARC
  5
39E
330
BA
100
AcDbEntity
  8
00图框
  6
Continuous
 62
     7
 48
2.0
100
AcDbCircle
 10
-2763.788805755272
 20
-5146.168326497957
 30
0.0
 40
30.38527738610275
100
AcDbArc
 50
284.4610347554363
 51
1.145575517267639
  0
LINE
  5
39F
330
BA
100
AcDbEntity
  8
00图框
  6
Continuous
 62
     7
 48
2.0
100
AcDbLine
 10
-3049.113594273145
 20
-5227.655330409219
 30
0.0
 11
-2715.464559426475
 21
-5227.655330409219
 31
0.0
  0
ARC
  5
3A0
330
BA
100
AcDbEntity
  8
00图框
  6
Continuous
 62
     7
 48
2.0
100
AcDbCircle
 10
-3016.956349402152
 20
-5118.481171667598
 30
0.0
 40
113.8116221421114
100
AcDbArc
 50
184.546044351446
 51
253.5876643612827
  0
ARC
  5
3A1
330
BA
100
AcDbEntity
  8
00图框
  6
Continuous
 62
     7
 48
2.0
100
AcDbCircle
 10
-2731.343621139091
 20
-5167.138485666668
 30
0.0
 40
62.56543053837854
100
AcDbArc
 50
284.702448966164
 51
359.865704907786
  0
LINE
  5
3A2
330
BA
100
AcDbEntity
  8
00图框
  6
Continuous
 62
     7
 48
2.0
100
AcDbLine
 10
-2541.43002508738
 20
-4532.967016657394
 30
0.0
 11
-2427.241523908615
 21
-4532.967016657394
 31
0.0
  0
LINE
  5
3A3
330
BA
100
AcDbEntity
  8
00图框
  6
Continuous
 62
     7
 48
2.0
100
AcDbLine
 10
-2427.241523908615
 20
-4532.967016657394
 30
0.0
 11
-2427.241523908615
 21
-4438.637385248229
 31
0.0
  0
LINE
  5
3A4
330
BA
100
AcDbEntity
  8
00图框
  6
Continuous
 62
     7
 48
2.0
100
AcDbLine
 10
-2427.241523908615
 20
-4438.637385248229
 30
0.0
 11
-2377.594349482404
 21
-4438.637385248229
 31
0.0
  0
LINE
  5
3A5
330
BA
100
AcDbEntity
  8
00图框
  6
Continuous
 62
     7
 48
2.0
100
AcDbLine
 10
-2377.594349482404
 20
-4438.637385248229
 30
0.0
 11
-2377.594349482404
 21
-4532.967016657394
 31
0.0
  0
LINE
  5
3A6
330
BA
100
AcDbEntity
  8
00图框
  6
Continuous
 62
     7
 48
2.0
100
AcDbLine
 10
-2377.594349482404
 20
-4532.967016657394
 30
0.0
 11
-2238.582261090287
 21
-4532.967016657394
 31
0.0
  0
LINE
  5
3A7
330
BA
100
AcDbEntity
  8
00图框
  6
Continuous
 62
     7
 48
2.0
100
AcDbLine
 10
-2217.964981083578
 20
-4545.29922584316
 30
0.0
 11
-2217.964981083578
 21
-4579.687791465388
 31
0.0
  0
LINE
  5
3A8
330
BA
100
AcDbEntity
  8
00图框
  6
Continuous
 62
     7
 48
2.0
100
AcDbLine
 10
-2541.962441386222
 20
-4596.420627385827
 30
0.0
 11
-2427.241523908615
 21
-4596.420627385827
 31
0.0
  0
LINE
  5
3A9
330
BA
100
AcDbEntity
  8
00图框
  6
Continuous
 62
     7
 48
2.0
100
AcDbLine
 10
-2427.241523908615
 20
-4596.420627385827
 30
0.0
 11
-2427.241523908615
 21
-4722.142461147778
 31
0.0
  0
LINE
  5
3AA
330
BA
100
AcDbEntity
  8
00图框
  6
Continuous
 62
     7
 48
2.0
100
AcDbLine
 10
-2377.594349482404
 20
-4594.350634175919
 30
0.0
 11
-2237.327379109975
 21
-4594.350634175919
 31
0.0
  0
LINE
  5
3AB
330
BA
100
AcDbEntity
  8
00图框
  6
Continuous
 62
     7
 48
2.0
100
AcDbLine
 10
-2377.594349482404
 20
-4594.350634175919
 30
0.0
 11
-2377.594349482404
 21
-4722.787874415267
 31
0.0
  0
LINE
  5
3AC
330
BA
100
AcDbEntity
  8
00图框
  6
Continuous
 62
     7
 48
2.0
100
AcDbLine
 10
-2591.530180333002
 20
-4740.794904579492
 30
0.0
 11
-2441.148888996852
 21
-4740.794904579492
 31
0.0
  0
LINE
  5
3AD
330
BA
100
AcDbEntity
  8
00图框
  6
Continuous
 62
     7
 48
2.0
100
AcDbLine
 10
-2362.408470357736
 20
-4740.794904579492
 30
0.0
 11
-2240.425362793706
 21
-4740.794904579492
 31
0.0
  0
LINE
  5
3AE
330
BA
100
AcDbEntity
  8
00图框
  6
Continuous
 62
     7
 48
2.0
100
AcDbLine
 10
-2590.884767065285
 20
-4817.59908341615
 30
0.0
 11
-2232.034990315699
 21
-4817.59908341615
 31
0.0
  0
LINE
  5
3AF
330
BA
100
AcDbEntity
  8
00图框
  6
Continuous
 62
     7
 48
2.0
100
AcDbLine
 10
-2610.942225533434
 20
-4760.008361082345
 30
0.0
 11
-2610.942225533434
 21
-4802.704931088329
 31
0.0
  0
LINE
  5
3B0
330
BA
100
AcDbEntity
  8
00图框
  6
Continuous
 62
     7
 48
2.0
100
AcDbLine
 10
-2215.75071710439
 20
-4760.50483282676
 30
0.0
 11
-2215.75071710439
 21
-4802.208459344394
 31
0.0
  0
LINE
  5
3B1
330
BA
100
AcDbEntity
  8
00图框
  6
Continuous
 62
     7
 48
2.0
100
AcDbLine
 10
-2558.012379934282
 20
-4873.73961178519
 30
0.0
 11
-2295.14201020056
 21
-4873.73961178519
 31
0.0
  0
LINE
  5
3B2
330
BA
100
AcDbEntity
  8
00图框
  6
Continuous
 62
     7
 48
2.0
100
AcDbLine
 10
-2536.197411491886
 20
-4952.273498178933
 30
0.0
 11
-2314.77548179832
 21
-4952.273498178933
 31
0.0
  0
LINE
  5
3B3
330
BA
100
AcDbEntity
  8
00图框
  6
Continuous
 62
     7
 48
2.0
100
AcDbLine
 10
-2548.195644135631
 20
-4984.995950842771
 30
0.0
 11
-2548.195644135631
 21
-5118.067258343215
 31
0.0
  0
LINE
  5
3B4
330
BA
100
AcDbEntity
  8
00图框
  6
Continuous
 62
     7
 48
2.0
100
AcDbLine
 10
-2279.871532290101
 20
-4980.632957154234
 30
0.0
 11
-2279.871532290101
 21
-5123.521000453808
 31
0.0
  0
LINE
  5
3B5
330
BA
100
AcDbEntity
  8
00图框
  6
Continuous
 62
     7
 48
2.0
100
AcDbLine
 10
-2508.928700938646
 20
-5161.697195228734
 30
0.0
 11
-2323.501469175376
 21
-5161.697195228734
 31
0.0
  0
LINE
  5
3B6
330
BA
100
AcDbEntity
  8
00图框
  6
Continuous
 62
     7
 48
2.0
100
AcDbLine
 10
-2616.912794730011
 20
-4911.91580655987
 30
0.0
 11
-2616.912794730011
 21
-5149.698962585222
 31
0.0
  0
LINE
  5
3B7
330
BA
100
AcDbEntity
  8
00图框
  6
Continuous
 62
     7
 48
2.0
100
AcDbLine
 10
-2220.97111749535
 20
-4941.366013957496
 30
0.0
 11
-2220.97111749535
 21
-5178.058421560771
 31
0.0
  0
LINE
  5
3B8
330
BA
100
AcDbEntity
  8
00图框
  6
Continuous
 62
     7
 48
2.0
100
AcDbLine
 10
-2541.65115360271
 20
-5227.142100556639
 30
0.0
 11
-2260.238060691854
 21
-5227.142100556639
 31
0.0
  0
ARC
  5
3B9
330
BA
100
AcDbEntity
  8
00图框
  6
Continuous
 62
     7
 48
2.0
100
AcDbCircle
 10
-2520.776434141523
 20
-5131.563034926969
 30
0.0
 40
97.83205864768006
100
AcDbArc
 50
190.6831811217825
 51
257.6799079547973
  0
ARC
  5
3BA
330
BA
100
AcDbEntity
  8
00图框
  6
Continuous
 62
     7
 48
2.0
100
AcDbCircle
 10
-2269.188870424564
 20
-5179.732835994109
 30
0.0
 40
48.24681711000635
100
AcDbArc
 50
280.6915238136468
 51
1.988859678123818
  0
ARC
  5
3BB
330
BA
100
AcDbEntity
  8
00图框
  6
Continuous
 62
     7
 48
2.0
100
AcDbCircle
 10
-2327.781699570547
 20
-5112.786013455111
 30
0.0
 40
49.09810663059326
100
AcDbArc
 50
275.0012281726541
 51
347.3706221587362
  0
ARC
  5
3BC
330
BA
100
AcDbEntity
  8
00图框
  6
Continuous
 62
     7
 48
2.0
100
AcDbCircle
 10
-2498.027991298033
 20
-5112.401463671223
 30
0.0
 40
50.48657861690359
100
AcDbArc
 50
186.4435226540623
 51
257.5309023378888
  0
ARC
  5
3BD
330
BA
100
AcDbEntity
  8
00图框
  6
Continuous
 62
     7
 48
2.0
100
AcDbCircle
 10
-2489.906220319463
 20
-4987.807837258602
 30
0.0
 40
58.35720721539034
100
AcDbArc
 50
142.4892050651718
 51
177.2381880784502
  0
ARC
  5
3BE
330
BA
100
AcDbEntity
  8
00图框
  6
Continuous
 62
     7
 48
2.0
100
AcDbCircle
 10
-2317.156415345798
 20
-4990.862960960468
 30
0.0
 40
38.66284369170891
100
AcDbArc
 50
15.3429023652697
 51
86.4693798622137
  0
ARC
  5
3BF
330
BA
100
AcDbEntity
  8
00图框
  6
Continuous
 62
     7
 48
2.0
100
AcDbCircle
 10
-2550.763510990861
 20
-4949.449141241949
 30
0.0
 40
76.05576211909182
100
AcDbArc
 50
95.46915811854868
 51
150.4292721143258
  0
ARC
  5
3C0
330
BA
100
AcDbEntity
  8
00图框
  6
Continuous
 62
     7
 48
2.0
100
AcDbCircle
 10
-2297.889373621165
 20
-4951.240410687577
 30
0.0
 40
77.54947992260031
100
AcDbArc
 50
7.31534630773888
 51
87.96974428045569
  0
LINE
  5
3C1
330
BA
100
AcDbEntity
  8
00图框
  6
Continuous
 62
     7
 48
2.0
100
AcDbLine
 10
-2614.470161847557
 20
-4482.622354040707
 30
0.0
 11
-2614.470161847557
 21
-4544.775280166919
 31
0.0
  0
LINE
  5
3C2
330
BA
100
AcDbEntity
  8
00图框
  6
Continuous
 62
     7
 48
2.0
100
AcDbLine
 10
-2558.001954573819
 20
-4479.590503985719
 30
0.0
 11
-2558.001954573819
 21
-4520.14149847046
 31
0.0
  0
ARC
  5
3C3
330
BA
100
AcDbEntity
  8
00图框
  6
Continuous
 62
     7
 48
2.0
100
AcDbCircle
 10
-2585.822688987456
 20
-4488.805430793546
 30
0.0
 40
29.30713461567986
100
AcDbArc
 50
18.32616892294948
 51
167.8204960992415
  0
ARC
  5
3C4
330
BA
100
AcDbEntity
  8
00图框
  6
Continuous
 62
     7
 48
2.0
100
AcDbCircle
 10
-2543.555561342808
 20
-4518.594330719682
 30
0.0
 40
14.52900565891439
100
AcDbArc
 50
186.1129152658867
 51
278.412338244473
  0
ARC
  5
3C5
330
BA
100
AcDbEntity
  8
00图框
  6
Continuous
 62
     7
 48
2.0
100
AcDbCircle
 10
-2546.521192223031
 20
-4526.099460579157
 30
0.0
 40
70.46877826571006
100
AcDbArc
 50
195.3682963324863
 51
273.7091563014518
  0
ARC
  5
3C6
330
BA
100
AcDbEntity
  8
00图框
  6
Continuous
 62
     7
 48
2.0
100
AcDbCircle
 10
-2238.122920678381
 20
-4555.599414067551
 30
0.0
 40
22.6370582486404
100
AcDbArc
 50
27.06586287909293
 51
91.16269848800465
  0
ARC
  5
3C7
330
BA
100
AcDbEntity
  8
00图框
  6
Continuous
 62
     7
 48
2.0
100
AcDbCircle
 10
-2240.058758830734
 20
-4570.628305905409
 30
0.0
 40
23.87905554561416
100
AcDbArc
 50
276.5680911604921
 51
337.7040693363828
  0
ARC
  5
3C8
330
BA
100
AcDbEntity
  8
00图框
  6
Continuous
 62
     7
 48
2.0
100
AcDbCircle
 10
-2447.747779708997
 20
-4721.363809212575
 30
0.0
 40
20.52103374065564
100
AcDbArc
 50
288.7577270885144
 51
357.8254418121572
  0
ARC
  5
3C9
330
BA
100
AcDbEntity
  8
00图框
  6
Continuous
 62
     7
 48
2.0
100
AcDbCircle
 10
-2354.578661117079
 20
-4718.784913862039
 30
0.0
 40
23.36119868808189
100
AcDbArc
 50
189.8663678757643
 51
250.417550315097
  0
ARC
  5
3CA
330
BA
100
AcDbEntity
  8
00图框
  6
Continuous
 62
     7
 48
2.0
100
AcDbCircle
 10
-2588.798668913105
 20
-4762.967720174109
 30
0.0
 40
22.34043209142098
100
AcDbArc
 50
97.0229913980864
 51
172.3878541066073
  0
ARC
  5
3CB
330
BA
100
AcDbEntity
  8
00图框
  6
Continuous
 62
     7
 48
2.0
100
AcDbCircle
 10
-2588.923359479202
 20
-4794.005289667704
 30
0.0
 40
23.67518158683808
100
AcDbArc
 50
201.5589477629798
 51
265.2477944182147
  0
ARC
  5
3CC
330
BA
100
AcDbEntity
  8
00图框
  6
Continuous
 62
     7
 48
2.0
100
AcDbCircle
 10
-2239.231056551422
 20
-4764.599690495078
 30
0.0
 40
23.83472676334641
100
AcDbArc
 50
9.892617312872714
 51
92.87216947260596
  0
ARC
  5
3CD
330
BA
100
AcDbEntity
  8
00图框
  6
Continuous
 62
     7
 48
2.0
100
AcDbCircle
 10
-2234.155700328059
 20
-4799.045017539244
 30
0.0
 40
18.67487005369523
100
AcDbArc
 50
276.5205496049556
 51
350.2473170935532
  0
LINE
  5
3CE
330
BA
100
AcDbEntity
  8
00图框
  6
Continuous
 62
     7
 48
2.0
100
AcDbLine
 10
-1724.100458809897
 20
-4421.711561561753
 30
0.0
 11
-1724.100458809897
 21
-4460.519242265102
 31
0.0
  0
LINE
  5
3CF
330
BA
100
AcDbEntity
  8
00图框
  6
Continuous
 62
     7
 48
2.0
100
AcDbLine
 10
-1674.378117908443
 20
-4421.711561561753
 30
0.0
 11
-1674.378117908443
 21
-4460.519242265102
 31
0.0
  0
LINE
  5
3D0
330
BA
100
AcDbEntity
  8
00图框
  6
Continuous
 62
     7
 48
2.0
100
AcDbLine
 10
-1750.174369282463
 20
-4476.284862550609
 30
0.0
 11
-2058.816704876097
 21
-4476.284862550609
 31
0.0
  0
LINE
  5
3D1
330
BA
100
AcDbEntity
  8
00图框
  6
Continuous
 62
     7
 48
2.0
100
AcDbLine
 10
-1376.044072502108
 20
-4476.284862550609
 30
0.0
 11
-1658.612497623171
 21
-4476.284862550609
 31
0.0
  0
LINE
  5
3D2
330
BA
100
AcDbEntity
  8
00图框
  6
Continuous
 62
     7
 48
2.0
100
AcDbLine
 10
-2106.113565732889
 20
-4513.879803232106
 30
0.0
 11
-2106.113565732889
 21
-4660.014975880515
 31
0.0
  0
LINE
  5
3D3
330
BA
100
AcDbEntity
  8
00图框
  6
Continuous
 62
     7
 48
2.0
100
AcDbLine
 10
-2034.561904436179
 20
-4574.516804330947
 30
0.0
 11
-2034.561904436179
 21
-4654.557645781582
 31
0.0
  0
LINE
  5
3D4
330
BA
100
AcDbEntity
  8
00图框
  6
Continuous
 62
     7
 48
2.0
100
AcDbLine
 10
-2013.338954051485
 20
-4555.1129639794
 30
0.0
 11
-1386.352362688942
 21
-4555.1129639794
 31
0.0
  0
LINE
  5
3D5
330
BA
100
AcDbEntity
  8
00图框
  6
Continuous
 62
     7
 48
2.0
100
AcDbLine
 10
-1362.09756224902
 20
-4585.431464528816
 30
0.0
 11
-1362.09756224902
 21
-4674.567856144179
 31
0.0
  0
LINE
  5
3D6
330
BA
100
AcDbEntity
  8
00图框
  6
Continuous
 62
     7
 48
2.0
100
AcDbLine
 10
-1274.17391065598
 20
-4676.386966177074
 30
0.0
 11
-1274.17391065598
 21
-4561.176664089139
 31
0.0
  0
LINE
  5
3D7
330
BA
100
AcDbEntity
  8
00图框
  6
Continuous
 62
     7
 48
2.0
100
AcDbLine
 10
-1941.787292754776
 20
-4620.600925166127
 30
0.0
 11
-1447.595733798817
 21
-4620.600925166127
 31
0.0
  0
LINE
  5
3D8
330
BA
100
AcDbEntity
  8
00图框
  6
Continuous
 62
     7
 48
2.0
100
AcDbLine
 10
-1947.244622853705
 20
-4676.386966177074
 30
0.0
 11
-1853.257271150702
 21
-4676.386966177074
 31
0.0
  0
LINE
  5
3D9
330
BA
100
AcDbEntity
  8
00图框
  6
Continuous
 62
     7
 48
2.0
100
AcDbLine
 10
-1653.155167523739
 20
-4676.386966177074
 30
0.0
 11
-1446.989363787783
 21
-4676.386966177074
 31
0.0
  0
ARC
  5
3DA
330
BA
100
AcDbEntity
  8
00图框
  6
Continuous
 62
     7
 48
2.0
100
AcDbCircle
 10
-1699.239288358922
 20
-4438.69920048441
 30
0.0
 40
30.1107567546047
100
AcDbArc
 50
34.34479726228997
 51
145.65520273771
  0
ARC
  5
3DB
330
BA
100
AcDbEntity
  8
00图框
  6
Continuous
 62
     7
 48
2.0
100
AcDbCircle
 10
-1749.613959405506
 20
-4447.767765851804
 30
0.0
 40
28.52260267515071
100
AcDbArc
 50
268.8741845416338
 51
333.4444244749336
  0
ARC
  5
3DC
330
BA
100
AcDbEntity
  8
00图框
  6
Continuous
 62
     7
 48
2.0
100
AcDbCircle
 10
-1654.958780415104
 20
-4456.865525057289
 30
0.0
 40
19.76006877830903
100
AcDbArc
 50
190.6555397210774
 51
259.3444602787117
  0
ARC
  5
3DD
330
BA
100
AcDbEntity
  8
00图框
  6
Continuous
 62
     7
 48
2.0
100
AcDbCircle
 10
-2052.241635393023
 20
-4533.105445682819
 30
0.0
 40
57.19973956388863
100
AcDbArc
 50
96.60070021479066
 51
160.3596962814985
  0
ARC
  5
3DE
330
BA
100
AcDbEntity
  8
00图框
  6
Continuous
 62
     7
 48
2.0
100
AcDbCircle
 10
-1383.756395150995
 20
-4589.107647606332
 30
0.0
 40
113.0860767219642
100
AcDbArc
 50
14.29939046198097
 51
86.08946735350905
  0
ARC
  5
3DF
330
BA
100
AcDbEntity
  8
00图框
  6
Continuous
 62
     7
 48
2.0
100
AcDbCircle
 10
-2012.712756166202
 20
-4577.106089084314
 30
0.0
 40
22.00203798905945
100
AcDbArc
 50
91.63090989617004
 51
173.2415496808721
  0
ARC
  5
3E0
330
BA
100
AcDbEntity
  8
00图框
  6
Continuous
 62
     7
 48
2.0
100
AcDbCircle
 10
-2070.424700657619
 20
-4656.14609554448
 30
0.0
 40
35.89795712074577
100
AcDbArc
 50
186.187034586152
 51
2.536110703958335
  0
ARC
  5
3E1
330
BA
100
AcDbEntity
  8
00图框
  6
Continuous
 62
     7
 48
2.0
100
AcDbCircle
 10
-1393.188276891865
 20
-4585.442865792273
 30
0.0
 40
31.09071673310498
100
AcDbArc
 50
0.0210109114368687
 51
77.29860559670422
  0
ARC
  5
3E2
330
BA
100
AcDbEntity
  8
00图框
  6
Continuous
 62
     7
 48
2.0
100
AcDbCircle
 10
-1317.716160402195
 20
-4655.197902057083
 30
0.0
 40
48.42420831831556
100
AcDbArc
 50
203.5785280249592
 51
334.0509503377144
  0
ARC
  5
3E3
330
BA
100
AcDbEntity
  8
00图框
  6
Continuous
 62
     7
 48
2.0
100
AcDbCircle
 10
-1930.180912799294
 20
-4649.896287030753
 30
0.0
 40
31.51073281369449
100
AcDbArc
 50
111.6127229436201
 51
237.2127891279709
  0
ARC
  5
3E4
330
BA
100
AcDbEntity
  8
00图框
  6
Continuous
 62
     7
 48
2.0
100
AcDbCircle
 10
-1457.680818575211
 20
-4648.60686164773
 30
0.0
 40
29.76644777511766
100
AcDbArc
 50
291.0497260928132
 51
70.19578528136117
  0
ARC
  5
3E5
330
BA
100
AcDbEntity
  8
00图框
  6
Continuous
 62
     7
 48
2.0
100
AcDbCircle
 10
-2094.477611624541
 20
-4481.946095045907
 30
0.0
 40
309.8298000915037
100
AcDbArc
 50
273.9523484273709
 51
321.1286981761328
  0
LINE
  5
3E6
330
BA
100
AcDbEntity
  8
00图框
  6
Continuous
 62
     7
 48
2.0
100
AcDbLine
 10
-1766.526198522825
 20
-4701.978437785843
 30
0.0
 11
-1730.522979120209
 21
-4701.978437785843
 31
0.0
  0
ARC
  5
3E7
330
BA
100
AcDbEntity
  8
00图框
  6
Continuous
 62
     7
 48
2.0
100
AcDbCircle
 10
-2097.088443032176
 20
-4432.110124969388
 30
0.0
 40
426.7321217782173
100
AcDbArc
 50
272.3025826965123
 51
320.7720810751519
  0
ARC
  5
3E8
330
BA
100
AcDbEntity
  8
00图框
  6
Continuous
 62
     7
 48
2.0
100
AcDbCircle
 10
-2050.54512022262
 20
-4827.39633936814
 30
0.0
 40
42.7968551553201
100
AcDbArc
 50
121.8391754693848
 51
226.612172725228
  0
ARC
  5
3E9
330
BA
100
AcDbEntity
  8
00图框
  6
Continuous
 62
     7
 48
2.0
100
AcDbCircle
 10
-1788.135847039527
 20
-4782.652279855209
 30
0.0
 40
99.13380525395753
100
AcDbArc
 50
15.36732697165704
 51
54.46763904224549
  0
ARC
  5
3EA
330
BA
100
AcDbEntity
  8
00图框
  6
Continuous
 62
     7
 48
2.0
100
AcDbCircle
 10
-2132.819333464181
 20
-4404.175477697782
 30
0.0
 40
563.8165668014408
100
AcDbArc
 50
275.8574634831261
 51
321.3411934817955
  0
ARC
  5
3EB
330
BA
100
AcDbEntity
  8
00图框
  6
Continuous
 62
     7
 48
2.0
100
AcDbCircle
 10
-2072.795337259331
 20
-4545.793031978763
 30
0.0
 40
494.6435753168785
100
AcDbArc
 50
269.6551746625434
 51
321.4288673144289
  0
ARC
  5
3EC
330
BA
100
AcDbEntity
  8
00图框
  6
Continuous
 62
     7
 48
2.0
100
AcDbCircle
 10
-2050.339944961902
 20
-5002.902577409726
 30
0.0
 40
45.33137124374525
100
AcDbArc
 50
123.3781771950177
 51
235.8728690313316
  0
ARC
  5
3ED
330
BA
100
AcDbEntity
  8
00图框
  6
Continuous
 62
     7
 48
2.0
100
AcDbCircle
 10
-2024.130887084537
 20
-4918.470834781117
 30
0.0
 40
344.1209196445313
100
AcDbArc
 50
352.3038109620887
 51
10.7648720374161
  0
ARC
  5
3EE
330
BA
100
AcDbEntity
  8
00图框
  6
Continuous
 62
     7
 48
2.0
100
AcDbCircle
 10
-2025.753335150151
 20
-4880.945846108598
 30
0.0
 40
425.0573254011511
100
AcDbArc
 50
357.8846477670139
 51
28.76707982046498
  0
ARC
  5
3EF
330
BA
100
AcDbEntity
  8
00图框
  6
Continuous
 62
     7
 48
2.0
100
AcDbCircle
 10
-1070.577397989445
 20
-5424.702252719093
 30
0.0
 40
748.4568125534161
100
AcDbArc
 50
114.3081913158951
 51
135.126738625637
  0
LINE
  5
3F0
330
BA
100
AcDbEntity
  8
00图框
  6
Continuous
 62
     7
 48
2.0
100
AcDbLine
 10
-1378.6756433002
 20
-4742.600301765823
 30
0.0
 11
-1322.616356802633
 21
-4742.600301765823
 31
0.0
  0
ARC
  5
3F1
330
BA
100
AcDbEntity
  8
00图框
  6
Continuous
 62
     7
 48
2.0
100
AcDbCircle
 10
-1344.23666226522
 20
-4783.454089511855
 30
0.0
 40
46.22195994868855
100
AcDbArc
 50
317.3969815657219
 51
62.11167985047736
  0
ARC
  5
3F2
330
BA
100
AcDbEntity
  8
00图框
  6
Continuous
 62
     7
 48
2.0
100
AcDbCircle
 10
-1260.908880716649
 20
-5157.328915748743
 30
0.0
 40
346.1163823039013
100
AcDbArc
 50
98.18985968960098
 51
123.838332956806
  0
ARC
  5
3F3
330
BA
100
AcDbEntity
  8
00图框
  6
Continuous
 62
     7
 48
2.0
100
AcDbCircle
 10
-1128.901722979771
 20
-4885.023674984602
 30
0.0
 40
325.0973159468942
100
AcDbArc
 50
177.3231071045583
 51
238.521699166841
  0
ARC
  5
3F4
330
BA
100
AcDbEntity
  8
00图框
  6
Continuous
 62
     7
 48
2.0
100
AcDbCircle
 10
-2481.814875223203
 20
-4021.879280632296
 30
0.0
 40
1235.543803194242
100
AcDbArc
 50
295.184920418367
 51
310.2737379894301
  0
LINE
  5
3F5
330
BA
100
AcDbEntity
  8
00图框
  6
Continuous
 62
     7
 48
2.0
100
AcDbLine
 10
-1956.040160541205
 20
-5139.971154769873
 30
0.0
 11
-2065.946240958205
 21
-5139.971154769873
 31
0.0
  0
LINE
  5
3F6
330
BA
100
AcDbEntity
  8
00图框
  6
Continuous
 62
     7
 48
2.0
100
AcDbLine
 10
-2070.941971886059
 20
-5230.726933295896
 30
0.0
 11
-1962.701135111831
 21
-5230.726933295896
 31
0.0
  0
ARC
  5
3F7
330
BA
100
AcDbEntity
  8
00图框
  6
Continuous
 62
     7
 48
2.0
100
AcDbCircle
 10
-2276.267759883348
 20
-4374.685718314462
 30
0.0
 40
911.6636385846843
100
AcDbArc
 50
290.1177074388802
 51
311.0181666888164
  0
ARC
  5
3F8
330
BA
100
AcDbEntity
  8
00图框
  6
Continuous
 62
     7
 48
2.0
100
AcDbCircle
 10
-2045.901378021357
 20
-5186.589928164988
 30
0.0
 40
50.74550781137366
100
AcDbArc
 50
113.2664501265953
 51
240.4321170468431
  0
ARC
  5
3F9
330
BA
100
AcDbEntity
  8
00图框
  6
Continuous
 62
     7
 48
2.0
100
AcDbCircle
 10
-1825.019068511362
 20
-5071.221180321625
 30
0.0
 40
147.3307375011859
100
AcDbArc
 50
311.4030907089448
 51
3.379042171642161
  0
ARC
  5
3FA
330
BA
100
AcDbEntity
  8
00图框
  6
Continuous
 62
     7
 48
2.0
100
AcDbCircle
 10
-1694.164394394014
 20
-5198.441467177197
 30
0.0
 40
37.36264842962233
100
AcDbArc
 50
153.4314488822074
 51
282.6998533154391
  0
ARC
  5
3FB
330
BA
100
AcDbEntity
  8
00图框
  6
Continuous
 62
     7
 48
2.0
100
AcDbCircle
 10
-1727.060074176798
 20
-5108.461994405994
 30
0.0
 40
132.9437941995719
100
AcDbArc
 50
288.0125670253739
 51
343.6601836254151
  0
LINE
  5
3FC
330
BA
100
AcDbEntity
  8
00图框
  6
Continuous
 62
     7
 48
2.0
100
AcDbLine
 10
-1599.485877511141
 20
-5145.863555351783
 30
0.0
 11
-1599.485877511141
 21
-4988.946365945326
 31
0.0
  0
ARC
  5
3FD
330
BA
100
AcDbEntity
  8
00图框
  6
Continuous
 62
     7
 48
2.0
100
AcDbCircle
 10
-906.0445708502477
 20
-5684.416616438891
 30
0.0
 40
982.1098284327494
100
AcDbArc
 50
129.2259821162882
 51
134.9163014843292
  0
ARC
  5
3FE
330
BA
100
AcDbEntity
  8
00图框
  6
Continuous
 62
     7
 48
2.0
100
AcDbCircle
 10
-870.746055006982
 20
-4799.528402123305
 30
0.0
 40
667.9926270463737
100
AcDbArc
 50
190.7056953075788
 51
220.3029042311597
  0
ARC
  5
3FF
330
BA
100
AcDbEntity
  8
00图框
  6
Continuous
 62
     7
 48
2.0
100
AcDbCircle
 10
-1357.325025099001
 20
-5175.887616288121
 30
0.0
 40
60.22312311063951
100
AcDbArc
 50
247.6959737419579
 51
13.05990697088964
  0
LINE
  5
400
330
BA
100
AcDbEntity
  8
00图框
  6
Continuous
 62
     7
 48
2.0
100
AcDbLine
 10
-467.0536558721274
 20
-4466.285191166607
 30
0.0
 11
-1088.189534591221
 21
-4466.285191166607
 31
0.0
  0
LINE
  5
401
330
BA
100
AcDbEntity
  8
00图框
  6
Continuous
 62
     7
 48
2.0
100
AcDbLine
 10
-1153.134036655663
 20
-4495.42695491351
 30
0.0
 11
-1153.134036655663
 21
-4796.836054238273
 31
0.0
  0
LINE
  5
402
330
BA
100
AcDbEntity
  8
00图框
  6
Continuous
 62
     7
 48
2.0
100
AcDbLine
 10
-1074.867585449963
 20
-4571.195540655281
 30
0.0
 11
-1074.867585449963
 21
-4776.853130526158
 31
0.0
  0
LINE
  5
403
330
BA
100
AcDbEntity
  8
00图框
  6
Continuous
 62
     7
 48
2.0
100
AcDbLine
 10
-1045.725821703301
 20
-4543.719020551142
 30
0.0
 11
-471.2167649785928
 21
-4543.719020551142
 31
0.0
  0
LINE
  5
404
330
BA
100
AcDbEntity
  8
00图框
  6
Continuous
 62
     7
 48
2.0
100
AcDbLine
 10
-780.9520825172237
 20
-4651.959857325371
 30
0.0
 11
-780.9520825172237
 21
-4785.179348739794
 31
0.0
  0
LINE
  5
405
330
BA
100
AcDbEntity
  8
00图框
  6
Continuous
 62
     7
 48
2.0
100
AcDbLine
 10
-1046.558443524212
 20
-4799.333919702432
 30
0.0
 11
-812.5917117280562
 21
-4799.333919702432
 31
0.0
  0
LINE
  5
406
330
BA
100
AcDbEntity
  8
00图框
  6
Continuous
 62
     7
 48
2.0
100
AcDbLine
 10
-1059.880392665938
 20
-4888.424454585687
 30
0.0
 11
-809.2612244424972
 21
-4888.424454585687
 31
0.0
  0
LINE
  5
407
330
BA
100
AcDbEntity
  8
00图框
  6
Continuous
 62
     7
 48
2.0
100
AcDbLine
 10
-666.8828929937672
 20
-4800.166541523826
 30
0.0
 11
-378.7957428102608
 21
-4800.166541523826
 31
0.0
  0
LINE
  5
408
330
BA
100
AcDbEntity
  8
00图框
  6
Continuous
 62
     7
 48
2.0
100
AcDbLine
 10
-672.7112457430003
 20
-4888.424454585687
 30
0.0
 11
-377.963120988877
 21
-4888.424454585687
 31
0.0
  0
LINE
  5
409
330
BA
100
AcDbEntity
  8
00图框
  6
Continuous
 62
     7
 48
2.0
100
AcDbLine
 10
-354.5856621587756
 20
-4820.021369571075
 30
0.0
 11
-354.5856621587756
 21
-4867.41676555488
 31
0.0
  0
LINE
  5
40A
330
BA
100
AcDbEntity
  8
00图框
  6
Continuous
 62
     7
 48
2.0
100
AcDbLine
 10
-695.9606089077568
 20
-4652.216048655103
 30
0.0
 11
-695.9606089077568
 21
-4786.076018393374
 31
0.0
  0
LINE
  5
40B
330
BA
100
AcDbEntity
  8
00图框
  6
Continuous
 62
     7
 48
2.0
100
AcDbLine
 10
-757.9463819404693
 20
-4620.151511343595
 30
0.0
 11
-710.1568454492801
 21
-4620.151511343595
 31
0.0
  0
LINE
  5
40C
330
BA
100
AcDbEntity
  8
00图框
  6
Continuous
 62
     7
 48
2.0
100
AcDbLine
 10
-776.7173235928699
 20
-4914.328132362576
 30
0.0
 11
-776.7173235928699
 21
-5109.674021215104
 31
0.0
  0
LINE
  5
40D
330
BA
100
AcDbEntity
  8
00图框
  6
Continuous
 62
     7
 48
2.0
100
AcDbLine
 10
-697.2980114033935
 20
-4913.687654038245
 30
0.0
 11
-697.2980114033935
 21
-5102.628759650127
 31
0.0
  0
LINE
  5
40E
330
BA
100
AcDbEntity
  8
00图框
  6
Continuous
 62
     7
 48
2.0
100
AcDbLine
 10
-838.1584092246428
 20
-5178.756013253465
 30
0.0
 11
-838.1584092246428
 21
-5248.696246245754
 31
0.0
  0
LINE
  5
40F
330
BA
100
AcDbEntity
  8
00图框
  6
Continuous
 62
     7
 48
2.0
100
AcDbLine
 10
-1100.946665606033
 20
-4952.667164843441
 30
0.0
 11
-1041.382181463545
 21
-4952.667164843441
 31
0.0
  0
ARC
  5
410
330
BA
100
AcDbEntity
  8
00图框
  6
Continuous
 62
     7
 48
2.0
100
AcDbCircle
 10
-1089.562609857771
 20
-4550.162807604213
 30
0.0
 40
83.88885429510556
100
AcDbArc
 50
89.06215275537183
 51
139.2711069306714
  0
ARC
  5
411
330
BA
100
AcDbEntity
  8
00图框
  6
Continuous
 62
     7
 48
2.0
100
AcDbCircle
 10
-483.0104621556097
 20
-4416.873701116023
 30
0.0
 40
51.92412749164563
100
AcDbArc
 50
287.897196239648
 51
5.261452548710533
  0
ARC
  5
412
330
BA
100
AcDbEntity
  8
00图框
  6
Continuous
 62
     7
 48
2.0
100
AcDbCircle
 10
-484.9903616093875
 20
-4413.610465511539
 30
0.0
 40
130.8355764256618
100
AcDbArc
 50
276.0429584505696
 51
0.6561271974179489
  0
ARC
  5
413
330
BA
100
AcDbEntity
  8
00图框
  6
Continuous
 62
     7
 48
2.0
100
AcDbCircle
 10
-392.734237372437
 20
-4470.096676857064
 30
0.0
 40
69.64128826307514
100
AcDbArc
 50
56.3684124533928
 51
123.6315875466072
  0
ARC
  5
414
330
BA
100
AcDbEntity
  8
00图框
  6
Continuous
 62
     7
 48
2.0
100
AcDbCircle
 10
-1034.592420405647
 20
-4584.71939911759
 30
0.0
 40
42.48509935297522
100
AcDbArc
 50
105.191989683195
 51
161.4386416810516
  0
ARC
  5
415
330
BA
100
AcDbEntity
  8
00图框
  6
Continuous
 62
     7
 48
2.0
100
AcDbCircle
 10
-1044.347924467999
 20
-4767.485633979086
 30
0.0
 40
31.92490717316026
100
AcDbArc
 50
197.0629873094542
 51
266.0295942571461
  0
ARC
  5
416
330
BA
100
AcDbEntity
  8
00图框
  6
Continuous
 62
     7
 48
2.0
100
AcDbCircle
 10
-1042.369545847222
 20
-4777.326446165914
 30
0.0
 40
112.4695391257318
100
AcDbArc
 50
189.9893840673187
 51
261.0429443921676
  0
ARC
  5
417
330
BA
100
AcDbEntity
  8
00图框
  6
Continuous
 62
     7
 48
2.0
100
AcDbCircle
 10
-1425.409470270551
 20
-4975.224401376962
 30
0.0
 40
325.2459692770632
100
AcDbArc
 50
325.9002077232801
 51
3.976906497184848
  0
ARC
  5
418
330
BA
100
AcDbEntity
  8
00图框
  6
Continuous
 62
     7
 48
2.0
100
AcDbCircle
 10
-1323.87333475702
 20
-5016.847354424625
 30
0.0
 40
289.6900903098763
100
AcDbArc
 50
323.8128579007333
 51
12.79995645339198
  0
ARC
  5
419
330
BA
100
AcDbEntity
  8
00图框
  6
Continuous
 62
     7
 48
2.0
100
AcDbCircle
 10
-1121.411036363814
 20
-5169.102697306593
 30
0.0
 40
36.54238965647476
100
AcDbArc
 50
161.6014391616907
 51
329.0656832254589
  0
ARC
  5
41A
330
BA
100
AcDbEntity
  8
00图框
  6
Continuous
 62
     7
 48
2.0
100
AcDbCircle
 10
-817.0596586409633
 20
-4931.61694954425
 30
0.0
 40
43.89085550175863
100
AcDbArc
 50
23.19768463699467
 51
79.76546794215531
  0
ARC
  5
41B
330
BA
100
AcDbEntity
  8
00图框
  6
Continuous
 62
     7
 48
2.0
100
AcDbCircle
 10
-668.1343400146202
 20
-4917.474633131012
 30
0.0
 40
29.40851814613323
100
AcDbArc
 50
98.9534504961257
 51
172.6013920329
  0
ARC
  5
41C
330
BA
100
AcDbEntity
  8
00图框
  6
Continuous
 62
     7
 48
2.0
100
AcDbCircle
 10
-852.7716593008977
 20
-5103.89542932258
 30
0.0
 40
76.27354786713393
100
AcDbArc
 50
281.0455901348633
 51
355.655027366844
  0
ARC
  5
41D
330
BA
100
AcDbEntity
  8
00图框
  6
Continuous
 62
     7
 48
2.0
100
AcDbCircle
 10
-834.1422549781712
 20
-5111.616020254763
 30
0.0
 40
137.1390456897841
100
AcDbArc
 50
268.3218375849314
 51
3.75751043809432
  0
ARC
  5
41E
330
BA
100
AcDbEntity
  8
00图框
  6
Continuous
 62
     7
 48
2.0
100
AcDbCircle
 10
-376.7739727485649
 20
-4866.236624921718
 30
0.0
 40
22.21967278638813
100
AcDbArc
 50
266.932189684079
 51
356.955449835483
  0
ARC
  5
41F
330
BA
100
AcDbEntity
  8
00图框
  6
Continuous
 62
     7
 48
2.0
100
AcDbCircle
 10
-381.2678796131987
 20
-4827.868707014164
 30
0.0
 40
27.81225329289607
100
AcDbArc
 50
16.38880201177521
 51
84.90044239955321
  0
ARC
  5
420
330
BA
100
AcDbEntity
  8
00图框
  6
Continuous
 62
     7
 48
2.0
100
AcDbCircle
 10
-695.2839098888628
 20
-5181.662008887539
 30
0.0
 40
257.0670185721977
100
AcDbArc
 50
351.6278739865965
 51
42.57758395142485
  0
ARC
  5
421
330
BA
100
AcDbEntity
  8
00图框
  6
Continuous
 62
     7
 48
2.0
100
AcDbCircle
 10
-731.2827946416423
 20
-5192.396316024936
 30
0.0
 40
383.8448054192596
100
AcDbArc
 50
356.0857706757543
 51
38.6706039747035
  0
ARC
  5
422
330
BA
100
AcDbEntity
  8
00图框
  6
Continuous
 62
     7
 48
2.0
100
AcDbCircle
 10
-426.1245533689533
 20
-5037.669340008476
 30
0.0
 40
85.29109357738135
100
AcDbArc
 50
93.67775866132696
 51
159.452512809375
  0
ARC
  5
423
330
BA
100
AcDbEntity
  8
00图框
  6
Continuous
 62
     7
 48
2.0
100
AcDbCircle
 10
-395.0677867018844
 20
-5139.337088240373
 30
0.0
 40
92.01367025386183
100
AcDbArc
 50
240.0849805730904
 51
300.5245432476465
  0
ARC
  5
424
330
BA
100
AcDbEntity
  8
00图框
  6
Continuous
 62
     7
 48
2.0
100
AcDbCircle
 10
-736.8499998952918
 20
-4659.633401280811
 30
0.0
 40
44.76468438832634
100
AcDbArc
 50
118.1169541463343
 51
170.1296325792647
  0
ARC
  5
425
330
BA
100
AcDbEntity
  8
00图框
  6
Continuous
 62
     7
 48
2.0
100
AcDbCircle
 10
-743.864683383523
 20
-4654.250187786203
 30
0.0
 40
47.94724260396993
100
AcDbArc
 50
2.431476146668044
 51
45.3302507028099
  0
ARC
  5
426
330
BA
100
AcDbEntity
  8
00图框
  6
Continuous
 62
     7
 48
2.0
100
AcDbCircle
 10
-817.153715198235
 20
-4746.697276168919
 30
0.0
 40
52.8339674655528
100
AcDbArc
 50
274.9534314557541
 51
313.2510375465623
  0
ARC
  5
427
330
BA
100
AcDbEntity
  8
00图框
  6
Continuous
 62
     7
 48
2.0
100
AcDbCircle
 10
-666.5076850339019
 20
-4762.34407120344
 30
0.0
 40
37.8243313509659
100
AcDbArc
 50
218.8604294902994
 51
269.4316307960268
  0
LINE
  5
428
330
BA
100
AcDbEntity
  8
00图框
  6
Continuous
 62
   251
 48
2.0
100
AcDbLine
 10
-0.6029285897968748
 20
-10827.5820866823
 30
0.0
 11
-3500.60292858929
 21
-10827.5820866823
 31
0.0
  0
LINE
  5
429
330
BA
100
AcDbEntity
  8
00图框
  6
Continuous
 62
   251
 48
2.0
100
AcDbLine
 10
-3500.60292858929
 20
-10827.5820866823
 30
0.0
 11
-3500.602928589291
 21
-10867.35481395509
 31
0.0
  0
LINE
  5
42A
330
BA
100
AcDbEntity
  8
00图框
  6
Continuous
 62
   251
 48
2.0
100
AcDbLine
 10
-3500.602928589291
 20
-10867.35481395509
 30
0.0
 11
-0.6029285897966474
 21
-10867.35481395509
 31
0.0
  0
LINE
  5
42B
330
BA
100
AcDbEntity
  8
00图框
  6
Continuous
 62
   251
 48
2.0
100
AcDbLine
 10
-0.6029285897966474
 20
-10867.35481395509
 30
0.0
 11
-0.6029285897968748
 21
-10827.5820866823
 31
0.0
  0
LINE
  5
42C
330
BA
100
AcDbEntity
  8
00图框
  6
Continuous
 62
   251
 48
2.0
100
AcDbLine
 10
-0.6064638473617379
 20
-5885.091189671992
 30
0.0
 11
-3500.602928589164
 21
-5885.091189671992
 31
0.0
  0
LINE
  5
42D
330
BA
100
AcDbEntity
  8
00图框
  6
Continuous
 62
   251
 48
2.0
100
AcDbLine
 10
-3500.602928589164
 20
-5885.091189671992
 30
0.0
 11
-3500.602928589166
 21
-5940.901661902943
 31
0.0
  0
LINE
  5
42E
330
BA
100
AcDbEntity
  8
00图框
  6
Continuous
 62
   251
 48
2.0
100
AcDbLine
 10
-3500.602928589166
 20
-5940.901661902943
 30
0.0
 11
-0.6029285897968748
 21
-5940.901661902943
 31
0.0
  0
LINE
  5
42F
330
BA
100
AcDbEntity
  8
00图框
  6
Continuous
 62
   251
 48
2.0
100
AcDbLine
 10
-0.6029285897968748
 20
-5940.901661902943
 30
0.0
 11
-0.6064638473617379
 21
-5885.091189671992
 31
0.0
  0
ENDBLK
  5
DB5
330
BA
100
AcDbEntity
  8
0
100
AcDbBlockEnd
  0
BLOCK
  5
DB2
330
BB
100
AcDbEntity
  8
0
100
AcDbBlockBegin
  2
WINDOW_9e0786a6b8918f7c342819c580b3edcd_699746a6b8464565a727d0ed89f50dfb
 70
     0
 10
0.0
 20
0.0
 30
0.0
  3
WINDOW_9e0786a6b8918f7c342819c580b3edcd_699746a6b8464565a727d0ed89f50dfb
  1

  0
LINE
  5
432
330
BB
100
AcDbEntity
  8
DS-门窗
  6
Continuous
 62
    60
 48
2.0
100
AcDbLine
 10
-1135.85063671875
 20
2353.6199
 30
0.0
 11
-1821.19536328125
 21
2353.6199
 31
0.0
  0
LINE
  5
433
330
BB
100
AcDbEntity
  8
DS-门窗
  6
Continuous
 62
    60
 48
2.0
100
AcDbLine
 10
-1821.19536328125
 20
2353.6199
 30
0.0
 11
-1821.19536328125
 21
2113.6199
 31
0.0
  0
LINE
  5
434
330
BB
100
AcDbEntity
  8
DS-门窗
  6
Continuous
 62
    60
 48
2.0
100
AcDbLine
 10
-1821.19536328125
 20
2113.6199
 30
0.0
 11
-1135.85063671875
 21
2113.6199
 31
0.0
  0
LINE
  5
435
330
BB
100
AcDbEntity
  8
DS-门窗
  6
Continuous
 62
    60
 48
2.0
100
AcDbLine
 10
-1135.85063671875
 20
2113.6199
 30
0.0
 11
-1135.85063671875
 21
2353.6199
 31
0.0
  0
LINE
  5
436
330
BB
100
AcDbEntity
  8
DS-门窗
  6
Continuous
 62
    60
 48
2.0
100
AcDbLine
 10
-1135.85063671875
 20
2273.6199
 30
0.0
 11
-1821.19536328125
 21
2273.6199
 31
0.0
  0
LINE
  5
437
330
BB
100
AcDbEntity
  8
DS-门窗
  6
Continuous
 62
    60
 48
2.0
100
AcDbLine
 10
-1135.85063671875
 20
2193.6199
 30
0.0
 11
-1821.19536328125
 21
2193.6199
 31
0.0
  0
ENDBLK
  5
DB3
330
BB
100
AcDbEntity
  8
0
100
AcDbBlockEnd
  0
BLOCK
  5
DB0
330
BC
100
AcDbEntity
  8
0
100
AcDbBlockBegin
  2
WINDOW_eede3d4e8a822b652b7783998cd47e11_e8eea54a83b44914b88237e5be9b18fd
 70
     0
 10
0.0
 20
0.0
 30
0.0
  3
WINDOW_eede3d4e8a822b652b7783998cd47e11_e8eea54a83b44914b88237e5be9b18fd
  1

  0
LINE
  5
43A
330
BC
100
AcDbEntity
  8
DS-门窗
  6
Continuous
 62
    60
 48
2.0
100
AcDbLine
 10
-1101.97973671875
 20
4712.8677
 30
0.0
 11
-1787.32446328125
 21
4712.8677
 31
0.0
  0
LINE
  5
43B
330
BC
100
AcDbEntity
  8
DS-门窗
  6
Continuous
 62
    60
 48
2.0
100
AcDbLine
 10
-1787.32446328125
 20
4712.8677
 30
0.0
 11
-1787.32446328125
 21
4472.8677
 31
0.0
  0
LINE
  5
43C
330
BC
100
AcDbEntity
  8
DS-门窗
  6
Continuous
 62
    60
 48
2.0
100
AcDbLine
 10
-1787.32446328125
 20
4472.8677
 30
0.0
 11
-1101.97973671875
 21
4472.8677
 31
0.0
  0
LINE
  5
43D
330
BC
100
AcDbEntity
  8
DS-门窗
  6
Continuous
 62
    60
 48
2.0
100
AcDbLine
 10
-1101.97973671875
 20
4472.8677
 30
0.0
 11
-1101.97973671875
 21
4712.8677
 31
0.0
  0
LINE
  5
43E
330
BC
100
AcDbEntity
  8
DS-门窗
  6
Continuous
 62
    60
 48
2.0
100
AcDbLine
 10
-1101.97973671875
 20
4632.8677
 30
0.0
 11
-1787.32446328125
 21
4632.8677
 31
0.0
  0
LINE
  5
43F
330
BC
100
AcDbEntity
  8
DS-门窗
  6
Continuous
 62
    60
 48
2.0
100
AcDbLine
 10
-1101.97973671875
 20
4552.8677
 30
0.0
 11
-1787.32446328125
 21
4552.8677
 31
0.0
  0
ENDBLK
  5
DB1
330
BC
100
AcDbEntity
  8
0
100
AcDbBlockEnd
  0
BLOCK
  5
DAE
330
BD
100
AcDbEntity
  8
0
100
AcDbBlockBegin
  2
WINDOW_6417d363eb4f494f6d503de66802a4f9_18dd0f80aa014cfe96322e16fa3c71d5
 70
     0
 10
0.0
 20
0.0
 30
0.0
  3
WINDOW_6417d363eb4f494f6d503de66802a4f9_18dd0f80aa014cfe96322e16fa3c71d5
  1

  0
LINE
  5
442
330
BD
100
AcDbEntity
  8
DS-门窗
  6
Continuous
 62
    60
 48
2.0
100
AcDbLine
 10
-5155.940694824219
 20
3753.8364
 30
0.0
 11
-6394.441305175781
 21
3753.8364
 31
0.0
  0
LINE
  5
443
330
BD
100
AcDbEntity
  8
DS-门窗
  6
Continuous
 62
    60
 48
2.0
100
AcDbLine
 10
-6394.441305175781
 20
3753.8364
 30
0.0
 11
-6394.44130517578
 21
3513.8364
 31
0.0
  0
LINE
  5
444
330
BD
100
AcDbEntity
  8
DS-门窗
  6
Continuous
 62
    60
 48
2.0
100
AcDbLine
 10
-6394.44130517578
 20
3513.8364
 30
0.0
 11
-5155.940694824218
 21
3513.8364
 31
0.0
  0
LINE
  5
445
330
BD
100
AcDbEntity
  8
DS-门窗
  6
Continuous
 62
    60
 48
2.0
100
AcDbLine
 10
-5155.940694824218
 20
3513.8364
 30
0.0
 11
-5155.940694824219
 21
3753.8364
 31
0.0
  0
LINE
  5
446
330
BD
100
AcDbEntity
  8
DS-门窗
  6
Continuous
 62
    60
 48
2.0
100
AcDbLine
 10
-5155.940694824219
 20
3673.8364
 30
0.0
 11
-6394.441305175781
 21
3673.8364
 31
0.0
  0
LINE
  5
447
330
BD
100
AcDbEntity
  8
DS-门窗
  6
Continuous
 62
    60
 48
2.0
100
AcDbLine
 10
-5155.940694824219
 20
3593.8364
 30
0.0
 11
-6394.441305175781
 21
3593.8364
 31
0.0
  0
ENDBLK
  5
DAF
330
BD
100
AcDbEntity
  8
0
100
AcDbBlockEnd
  0
BLOCK
  5
DAC
330
BE
100
AcDbEntity
  8
0
100
AcDbBlockBegin
  2
WINDOW_36da3f5ccc369a2875893b4bf0e6b57e_f8f34f1c91b94fdc904ccb70ce58f8c9
 70
     0
 10
0.0
 20
0.0
 30
0.0
  3
WINDOW_36da3f5ccc369a2875893b4bf0e6b57e_f8f34f1c91b94fdc904ccb70ce58f8c9
  1

  0
LINE
  5
44A
330
BE
100
AcDbEntity
  8
DS-门窗
  6
Continuous
 62
    60
 48
2.0
100
AcDbLine
 10
-2745.033894824219
 20
3753.836400000001
 30
0.0
 11
-3983.534505175781
 21
3753.836400000001
 31
0.0
  0
LINE
  5
44B
330
BE
100
AcDbEntity
  8
DS-门窗
  6
Continuous
 62
    60
 48
2.0
100
AcDbLine
 10
-3983.534505175781
 20
3753.836400000001
 30
0.0
 11
-3983.534505175781
 21
3513.836400000001
 31
0.0
  0
LINE
  5
44C
330
BE
100
AcDbEntity
  8
DS-门窗
  6
Continuous
 62
    60
 48
2.0
100
AcDbLine
 10
-3983.534505175781
 20
3513.836400000001
 30
0.0
 11
-2745.033894824219
 21
3513.836400000001
 31
0.0
  0
LINE
  5
44D
330
BE
100
AcDbEntity
  8
DS-门窗
  6
Continuous
 62
    60
 48
2.0
100
AcDbLine
 10
-2745.033894824219
 20
3513.836400000001
 30
0.0
 11
-2745.033894824219
 21
3753.836400000001
 31
0.0
  0
LINE
  5
44E
330
BE
100
AcDbEntity
  8
DS-门窗
  6
Continuous
 62
    60
 48
2.0
100
AcDbLine
 10
-2745.033894824219
 20
3673.836400000001
 30
0.0
 11
-3983.534505175781
 21
3673.836400000001
 31
0.0
  0
LINE
  5
44F
330
BE
100
AcDbEntity
  8
DS-门窗
  6
Continuous
 62
    60
 48
2.0
100
AcDbLine
 10
-2745.033894824219
 20
3593.836400000001
 30
0.0
 11
-3983.534505175781
 21
3593.836400000001
 31
0.0
  0
ENDBLK
  5
DAD
330
BE
100
AcDbEntity
  8
0
100
AcDbBlockEnd
  0
BLOCK
  5
DAA
330
BF
100
AcDbEntity
  8
0
100
AcDbBlockBegin
  2
WINDOW_707d98e14a61741e5bc26cd956e82e5f_e1ac6724f8ff4288a9cb535b9c8ccb21
 70
     0
 10
0.0
 20
0.0
 30
0.0
  3
WINDOW_707d98e14a61741e5bc26cd956e82e5f_e1ac6724f8ff4288a9cb535b9c8ccb21
  1

  0
LINE
  5
452
330
BF
100
AcDbEntity
  8
DS-门窗
  6
Continuous
 62
    60
 48
2.0
100
AcDbLine
 10
1307.522765175782
 20
4712.8677
 30
0.0
 11
69.02215482421866
 21
4712.8677
 31
0.0
  0
LINE
  5
453
330
BF
100
AcDbEntity
  8
DS-门窗
  6
Continuous
 62
    60
 48
2.0
100
AcDbLine
 10
69.02215482421866
 20
4712.8677
 30
0.0
 11
69.02215482421889
 21
4472.8677
 31
0.0
  0
LINE
  5
454
330
BF
100
AcDbEntity
  8
DS-门窗
  6
Continuous
 62
    60
 48
2.0
100
AcDbLine
 10
69.02215482421889
 20
4472.8677
 30
0.0
 11
1307.522765175782
 21
4472.8677
 31
0.0
  0
LINE
  5
455
330
BF
100
AcDbEntity
  8
DS-门窗
  6
Continuous
 62
    60
 48
2.0
100
AcDbLine
 10
1307.522765175782
 20
4472.8677
 30
0.0
 11
1307.522765175782
 21
4712.8677
 31
0.0
  0
LINE
  5
456
330
BF
100
AcDbEntity
  8
DS-门窗
  6
Continuous
 62
    60
 48
2.0
100
AcDbLine
 10
1307.522765175782
 20
4632.8677
 30
0.0
 11
69.02215482421866
 21
4632.8677
 31
0.0
  0
LINE
  5
457
330
BF
100
AcDbEntity
  8
DS-门窗
  6
Continuous
 62
    60
 48
2.0
100
AcDbLine
 10
1307.522765175782
 20
4552.8677
 30
0.0
 11
69.02215482421866
 21
4552.8677
 31
0.0
  0
ENDBLK
  5
DAB
330
BF
100
AcDbEntity
  8
0
100
AcDbBlockEnd
  0
BLOCK
  5
DA8
330
C0
100
AcDbEntity
  8
0
100
AcDbBlockBegin
  2
WINDOW_12fede53e8cd83acec45c77d195fecce_aa54e5c732234c7ba73444be8ba03245
 70
     0
 10
0.0
 20
0.0
 30
0.0
  3
WINDOW_12fede53e8cd83acec45c77d195fecce_aa54e5c732234c7ba73444be8ba03245
  1

  0
LINE
  5
45A
330
C0
100
AcDbEntity
  8
DS-门窗
  6
Continuous
 62
    60
 48
2.0
100
AcDbLine
 10
-6332.102802734375
 20
-5000.679
 30
0.0
 11
-4209.982197265625
 21
-5000.679
 31
0.0
  0
LINE
  5
45B
330
C0
100
AcDbEntity
  8
DS-门窗
  6
Continuous
 62
    60
 48
2.0
100
AcDbLine
 10
-4209.982197265625
 20
-5000.679
 30
0.0
 11
-4209.982197265625
 21
-4760.679
 31
0.0
  0
LINE
  5
45C
330
C0
100
AcDbEntity
  8
DS-门窗
  6
Continuous
 62
    60
 48
2.0
100
AcDbLine
 10
-4209.982197265625
 20
-4760.679
 30
0.0
 11
-6332.102802734375
 21
-4760.679
 31
0.0
  0
LINE
  5
45D
330
C0
100
AcDbEntity
  8
DS-门窗
  6
Continuous
 62
    60
 48
2.0
100
AcDbLine
 10
-6332.102802734375
 20
-4760.679
 30
0.0
 11
-6332.102802734375
 21
-5000.679
 31
0.0
  0
LINE
  5
45E
330
C0
100
AcDbEntity
  8
DS-门窗
  6
Continuous
 62
    60
 48
2.0
100
AcDbLine
 10
-6332.102802734375
 20
-4920.679
 30
0.0
 11
-4209.982197265625
 21
-4920.679
 31
0.0
  0
LINE
  5
45F
330
C0
100
AcDbEntity
  8
DS-门窗
  6
Continuous
 62
    60
 48
2.0
100
AcDbLine
 10
-6332.102802734375
 20
-4840.679
 30
0.0
 11
-4209.982197265625
 21
-4840.679
 31
0.0
  0
ENDBLK
  5
DA9
330
C0
100
AcDbEntity
  8
0
100
AcDbBlockEnd
  0
BLOCK
  5
DA6
330
C1
100
AcDbEntity
  8
0
100
AcDbBlockBegin
  2
WINDOW_e1413c120b53c1950df82a14400b80ab_b535bfacd8ef4951a2f85ba55b7bd963
 70
     0
 10
0.0
 20
0.0
 30
0.0
  3
WINDOW_e1413c120b53c1950df82a14400b80ab_b535bfacd8ef4951a2f85ba55b7bd963
  1

  0
LINE
  5
462
330
C1
100
AcDbEntity
  8
DS-门窗
  6
Continuous
 62
    60
 48
2.0
100
AcDbLine
 10
-3232.091302734375
 20
-5000.679
 30
0.0
 11
-1109.970697265625
 21
-5000.679
 31
0.0
  0
LINE
  5
463
330
C1
100
AcDbEntity
  8
DS-门窗
  6
Continuous
 62
    60
 48
2.0
100
AcDbLine
 10
-1109.970697265625
 20
-5000.679
 30
0.0
 11
-1109.970697265625
 21
-4760.679
 31
0.0
  0
LINE
  5
464
330
C1
100
AcDbEntity
  8
DS-门窗
  6
Continuous
 62
    60
 48
2.0
100
AcDbLine
 10
-1109.970697265625
 20
-4760.679
 30
0.0
 11
-3232.091302734375
 21
-4760.679
 31
0.0
  0
LINE
  5
465
330
C1
100
AcDbEntity
  8
DS-门窗
  6
Continuous
 62
    60
 48
2.0
100
AcDbLine
 10
-3232.091302734375
 20
-4760.679
 30
0.0
 11
-3232.091302734375
 21
-5000.679
 31
0.0
  0
LINE
  5
466
330
C1
100
AcDbEntity
  8
DS-门窗
  6
Continuous
 62
    60
 48
2.0
100
AcDbLine
 10
-3232.091302734375
 20
-4920.679
 30
0.0
 11
-1109.970697265625
 21
-4920.679
 31
0.0
  0
LINE
  5
467
330
C1
100
AcDbEntity
  8
DS-门窗
  6
Continuous
 62
    60
 48
2.0
100
AcDbLine
 10
-3232.091302734375
 20
-4840.679
 30
0.0
 11
-1109.970697265625
 21
-4840.679
 31
0.0
  0
ENDBLK
  5
DA7
330
C1
100
AcDbEntity
  8
0
100
AcDbBlockEnd
  0
BLOCK
  5
DA4
330
C2
100
AcDbEntity
  8
0
100
AcDbBlockBegin
  2
WINDOW_b5916d4dfa8b0edaa0befcce3b6c83dc_eb61b46063364af6ac31788c12228f36
 70
     0
 10
0.0
 20
0.0
 30
0.0
  3
WINDOW_b5916d4dfa8b0edaa0befcce3b6c83dc_eb61b46063364af6ac31788c12228f36
  1

  0
LINE
  5
46A
330
C2
100
AcDbEntity
  8
DS-门窗
  6
Continuous
 62
    60
 48
2.0
100
AcDbLine
 10
4866.605697265625
 20
-4060.3608
 30
0.0
 11
6988.726302734375
 21
-4060.3608
 31
0.0
  0
LINE
  5
46B
330
C2
100
AcDbEntity
  8
DS-门窗
  6
Continuous
 62
    60
 48
2.0
100
AcDbLine
 10
6988.726302734375
 20
-4060.3608
 30
0.0
 11
6988.726302734375
 21
-3820.3608
 31
0.0
  0
LINE
  5
46C
330
C2
100
AcDbEntity
  8
DS-门窗
  6
Continuous
 62
    60
 48
2.0
100
AcDbLine
 10
6988.726302734375
 20
-3820.3608
 30
0.0
 11
4866.605697265625
 21
-3820.3608
 31
0.0
  0
LINE
  5
46D
330
C2
100
AcDbEntity
  8
DS-门窗
  6
Continuous
 62
    60
 48
2.0
100
AcDbLine
 10
4866.605697265625
 20
-3820.3608
 30
0.0
 11
4866.605697265625
 21
-4060.3608
 31
0.0
  0
LINE
  5
46E
330
C2
100
AcDbEntity
  8
DS-门窗
  6
Continuous
 62
    60
 48
2.0
100
AcDbLine
 10
4866.605697265625
 20
-3980.3608
 30
0.0
 11
6988.726302734375
 21
-3980.3608
 31
0.0
  0
LINE
  5
46F
330
C2
100
AcDbEntity
  8
DS-门窗
  6
Continuous
 62
    60
 48
2.0
100
AcDbLine
 10
4866.605697265625
 20
-3900.3608
 30
0.0
 11
6988.726302734375
 21
-3900.3608
 31
0.0
  0
ENDBLK
  5
DA5
330
C2
100
AcDbEntity
  8
0
100
AcDbBlockEnd
  0
BLOCK
  5
DA2
330
C3
100
AcDbEntity
  8
0
100
AcDbBlockBegin
  2
WINDOW_f08b9616612e8105601e8a974d0bf1fd_cf8b4997c4b54220b2e9c22817cf59b9
 70
     0
 10
0.0
 20
0.0
 30
0.0
  3
WINDOW_f08b9616612e8105601e8a974d0bf1fd_cf8b4997c4b54220b2e9c22817cf59b9
  1

  0
LINE
  5
472
330
C3
100
AcDbEntity
  8
DS-门窗
  6
Continuous
 62
    60
 48
2.0
100
AcDbLine
 10
-356.2249843750001
 20
-5000.679
 30
0.0
 11
4097.442984375001
 21
-5000.679
 31
0.0
  0
LINE
  5
473
330
C3
100
AcDbEntity
  8
DS-门窗
  6
Continuous
 62
    60
 48
2.0
100
AcDbLine
 10
4097.442984375001
 20
-5000.679
 30
0.0
 11
4097.442984375001
 21
-4760.679
 31
0.0
  0
LINE
  5
474
330
C3
100
AcDbEntity
  8
DS-门窗
  6
Continuous
 62
    60
 48
2.0
100
AcDbLine
 10
4097.442984375001
 20
-4760.679
 30
0.0
 11
-356.2249843750001
 21
-4760.679
 31
0.0
  0
LINE
  5
475
330
C3
100
AcDbEntity
  8
DS-门窗
  6
Continuous
 62
    60
 48
2.0
100
AcDbLine
 10
-356.2249843750001
 20
-4760.679
 30
0.0
 11
-356.2249843750001
 21
-5000.679
 31
0.0
  0
LINE
  5
476
330
C3
100
AcDbEntity
  8
DS-门窗
  6
Continuous
 62
    60
 48
2.0
100
AcDbLine
 10
-356.2249843750001
 20
-4920.679
 30
0.0
 11
4097.442984375001
 21
-4920.679
 31
0.0
  0
LINE
  5
477
330
C3
100
AcDbEntity
  8
DS-门窗
  6
Continuous
 62
    60
 48
2.0
100
AcDbLine
 10
-356.2249843750001
 20
-4840.679
 30
0.0
 11
4097.442984375001
 21
-4840.679
 31
0.0
  0
ENDBLK
  5
DA3
330
C3
100
AcDbEntity
  8
0
100
AcDbBlockEnd
  0
BLOCK
  5
DA0
330
C4
100
AcDbEntity
  8
0
100
AcDbBlockBegin
  2
MARKER_c6b51796a87baf1cdf6253e1326f1f04_edf9c1d490264593862ef3d9d4f7c441
 70
     0
 10
0.0
 20
0.0
 30
0.0
  3
MARKER_c6b51796a87baf1cdf6253e1326f1f04_edf9c1d490264593862ef3d9d4f7c441
  1

  0
LINE
  5
E3
102
{ACAD_REACTORS
330
47A
102
}
330
C4
100
AcDbEntity
  8
0
 60
     1
100
AcDbLine
 10
3171.7625
 20
1891.300505825991
 30
0.0
 11
3071.7625
 21
1941.300505825991
 31
0.0
  0
LINE
  5
E4
102
{ACAD_REACTORS
330
47A
102
}
330
C4
100
AcDbEntity
  8
0
 60
     1
100
AcDbLine
 10
3071.7625
 20
1941.300505825991
 30
0.0
 11
3106.7625
 21
1941.300505825991
 31
0.0
  0
LINE
  5
E5
102
{ACAD_REACTORS
330
47A
102
}
330
C4
100
AcDbEntity
  8
0
 60
     1
100
AcDbLine
 10
3106.7625
 20
1941.300505825991
 30
0.0
 11
3106.7625
 21
1991.300505825991
 31
0.0
  0
LINE
  5
E6
102
{ACAD_REACTORS
330
47A
102
}
330
C4
100
AcDbEntity
  8
0
 60
     1
100
AcDbLine
 10
3106.7625
 20
1991.300505825991
 30
0.0
 11
3236.7625
 21
1991.300505825991
 31
0.0
  0
LINE
  5
E7
102
{ACAD_REACTORS
330
47A
102
}
330
C4
100
AcDbEntity
  8
0
 60
     1
100
AcDbLine
 10
3236.7625
 20
1991.300505825991
 30
0.0
 11
3236.7625
 21
1941.300505825991
 31
0.0
  0
LINE
  5
E8
102
{ACAD_REACTORS
330
47A
102
}
330
C4
100
AcDbEntity
  8
0
 60
     1
100
AcDbLine
 10
3236.7625
 20
1941.300505825991
 30
0.0
 11
3271.7625
 21
1941.300505825991
 31
0.0
  0
LINE
  5
E9
102
{ACAD_REACTORS
330
47A
102
}
330
C4
100
AcDbEntity
  8
0
 60
     1
100
AcDbLine
 10
3271.7625
 20
1941.300505825991
 30
0.0
 11
3171.7625
 21
1891.300505825991
 31
0.0
  0
LINE
  5
EA
102
{ACAD_REACTORS
330
47B
102
}
330
C4
100
AcDbEntity
  8
0
 60
     1
100
AcDbLine
 10
3106.7625
 20
2016.300505825991
 30
0.0
 11
3106.7625
 21
2066.300505825992
 31
0.0
  0
LINE
  5
EB
102
{ACAD_REACTORS
330
47B
102
}
330
C4
100
AcDbEntity
  8
0
 60
     1
100
AcDbLine
 10
3106.7625
 20
2066.300505825992
 30
0.0
 11
3236.7625
 21
2066.300505825992
 31
0.0
  0
LINE
  5
EC
102
{ACAD_REACTORS
330
47B
102
}
330
C4
100
AcDbEntity
  8
0
 60
     1
100
AcDbLine
 10
3236.7625
 20
2066.300505825992
 30
0.0
 11
3236.7625
 21
2016.300505825991
 31
0.0
  0
LINE
  5
ED
102
{ACAD_REACTORS
330
47B
102
}
330
C4
100
AcDbEntity
  8
0
 60
     1
100
AcDbLine
 10
3236.7625
 20
2016.300505825991
 30
0.0
 11
3106.7625
 21
2016.300505825991
 31
0.0
  0
LINE
  5
EE
102
{ACAD_REACTORS
330
47C
102
}
330
C4
100
AcDbEntity
  8
0
 60
     1
100
AcDbLine
 10
3106.7625
 20
2091.300505825992
 30
0.0
 11
3106.7625
 21
2141.300505825992
 31
0.0
  0
LINE
  5
EF
102
{ACAD_REACTORS
330
47C
102
}
330
C4
100
AcDbEntity
  8
0
 60
     1
100
AcDbLine
 10
3106.7625
 20
2141.300505825992
 30
0.0
 11
3236.7625
 21
2141.300505825992
 31
0.0
  0
LINE
  5
F0
102
{ACAD_REACTORS
330
47C
102
}
330
C4
100
AcDbEntity
  8
0
 60
     1
100
AcDbLine
 10
3236.7625
 20
2141.300505825992
 30
0.0
 11
3236.7625
 21
2091.300505825992
 31
0.0
  0
LINE
  5
F1
102
{ACAD_REACTORS
330
47C
102
}
330
C4
100
AcDbEntity
  8
0
 60
     1
100
AcDbLine
 10
3236.7625
 20
2091.300505825992
 30
0.0
 11
3106.7625
 21
2091.300505825992
 31
0.0
  0
HATCH
  5
47A
330
C4
100
AcDbEntity
  8
SH-符号标注
 62
     1
100
AcDbHatch
 10
0.0
 20
0.0
 30
0.0
210
0.0
220
0.0
230
1.0
  2
SOLID
 70
     1
 71
     1
 91
        1
 92
        0
 93
        7
 72
     1
 10
3171.7625
 20
1891.300505825991
 11
3071.7625
 21
1941.300505825991
 72
     1
 10
3071.7625
 20
1941.300505825991
 11
3106.7625
 21
1941.300505825991
 72
     1
 10
3106.7625
 20
1941.300505825991
 11
3106.7625
 21
1991.300505825991
 72
     1
 10
3106.7625
 20
1991.300505825991
 11
3236.7625
 21
1991.300505825991
 72
     1
 10
3236.7625
 20
1991.300505825991
 11
3236.7625
 21
1941.300505825991
 72
     1
 10
3236.7625
 20
1941.300505825991
 11
3271.7625
 21
1941.300505825991
 72
     1
 10
3271.7625
 20
1941.300505825991
 11
3171.7625
 21
1891.300505825991
 97
        7
330
E3
330
E4
330
E5
330
E6
330
E7
330
E8
330
E9
 75
     0
 76
     1
 98
        1
 10
0.0
 20
0.0
  0
HATCH
  5
47B
330
C4
100
AcDbEntity
  8
SH-符号标注
 62
     1
100
AcDbHatch
 10
0.0
 20
0.0
 30
0.0
210
0.0
220
0.0
230
1.0
  2
SOLID
 70
     1
 71
     1
 91
        1
 92
        0
 93
        4
 72
     1
 10
3106.7625
 20
2016.300505825991
 11
3106.7625
 21
2066.300505825992
 72
     1
 10
3106.7625
 20
2066.300505825992
 11
3236.7625
 21
2066.300505825992
 72
     1
 10
3236.7625
 20
2066.300505825992
 11
3236.7625
 21
2016.300505825991
 72
     1
 10
3236.7625
 20
2016.300505825991
 11
3106.7625
 21
2016.300505825991
 97
        4
330
EA
330
EB
330
EC
330
ED
 75
     0
 76
     1
 98
        1
 10
0.0
 20
0.0
  0
HATCH
  5
47C
330
C4
100
AcDbEntity
  8
SH-符号标注
 62
     1
100
AcDbHatch
 10
0.0
 20
0.0
 30
0.0
210
0.0
220
0.0
230
1.0
  2
SOLID
 70
     1
 71
     1
 91
        1
 92
        0
 93
        4
 72
     1
 10
3106.7625
 20
2091.300505825992
 11
3106.7625
 21
2141.300505825992
 72
     1
 10
3106.7625
 20
2141.300505825992
 11
3236.7625
 21
2141.300505825992
 72
     1
 10
3236.7625
 20
2141.300505825992
 11
3236.7625
 21
2091.300505825992
 72
     1
 10
3236.7625
 20
2091.300505825992
 11
3106.7625
 21
2091.300505825992
 97
        4
330
EE
330
EF
330
F0
330
F1
 75
     0
 76
     1
 98
        1
 10
0.0
 20
0.0
  0
LINE
  5
47D
330
C4
100
AcDbEntity
  8
SH-符号标注
  6
Continuous
 62
     1
100
AcDbLine
 10
3171.7625
 20
1891.300505825991
 30
0.0
 11
3071.7625
 21
1941.300505825991
 31
0.0
  0
LINE
  5
47E
330
C4
100
AcDbEntity
  8
SH-符号标注
  6
Continuous
 62
     1
100
AcDbLine
 10
3071.7625
 20
1941.300505825991
 30
0.0
 11
3106.7625
 21
1941.300505825991
 31
0.0
  0
LINE
  5
47F
330
C4
100
AcDbEntity
  8
SH-符号标注
  6
Continuous
 62
     1
100
AcDbLine
 10
3106.7625
 20
1941.300505825991
 30
0.0
 11
3106.7625
 21
1991.300505825991
 31
0.0
  0
LINE
  5
480
330
C4
100
AcDbEntity
  8
SH-符号标注
  6
Continuous
 62
     1
100
AcDbLine
 10
3106.7625
 20
1991.300505825991
 30
0.0
 11
3236.7625
 21
1991.300505825991
 31
0.0
  0
LINE
  5
481
330
C4
100
AcDbEntity
  8
SH-符号标注
  6
Continuous
 62
     1
100
AcDbLine
 10
3236.7625
 20
1991.300505825991
 30
0.0
 11
3236.7625
 21
1941.300505825991
 31
0.0
  0
LINE
  5
482
330
C4
100
AcDbEntity
  8
SH-符号标注
  6
Continuous
 62
     1
100
AcDbLine
 10
3236.7625
 20
1941.300505825991
 30
0.0
 11
3271.7625
 21
1941.300505825991
 31
0.0
  0
LINE
  5
483
330
C4
100
AcDbEntity
  8
SH-符号标注
  6
Continuous
 62
     1
100
AcDbLine
 10
3271.7625
 20
1941.300505825991
 30
0.0
 11
3171.7625
 21
1891.300505825991
 31
0.0
  0
LINE
  5
484
330
C4
100
AcDbEntity
  8
SH-符号标注
  6
Continuous
 62
     1
100
AcDbLine
 10
3106.7625
 20
2016.300505825991
 30
0.0
 11
3106.7625
 21
2066.300505825992
 31
0.0
  0
LINE
  5
485
330
C4
100
AcDbEntity
  8
SH-符号标注
  6
Continuous
 62
     1
100
AcDbLine
 10
3106.7625
 20
2066.300505825992
 30
0.0
 11
3236.7625
 21
2066.300505825992
 31
0.0
  0
LINE
  5
486
330
C4
100
AcDbEntity
  8
SH-符号标注
  6
Continuous
 62
     1
100
AcDbLine
 10
3236.7625
 20
2066.300505825992
 30
0.0
 11
3236.7625
 21
2016.300505825991
 31
0.0
  0
LINE
  5
487
330
C4
100
AcDbEntity
  8
SH-符号标注
  6
Continuous
 62
     1
100
AcDbLine
 10
3236.7625
 20
2016.300505825991
 30
0.0
 11
3106.7625
 21
2016.300505825991
 31
0.0
  0
LINE
  5
488
330
C4
100
AcDbEntity
  8
SH-符号标注
  6
Continuous
 62
     1
100
AcDbLine
 10
3106.7625
 20
2091.300505825992
 30
0.0
 11
3106.7625
 21
2141.300505825992
 31
0.0
  0
LINE
  5
489
330
C4
100
AcDbEntity
  8
SH-符号标注
  6
Continuous
 62
     1
100
AcDbLine
 10
3106.7625
 20
2141.300505825992
 30
0.0
 11
3236.7625
 21
2141.300505825992
 31
0.0
  0
LINE
  5
48A
330
C4
100
AcDbEntity
  8
SH-符号标注
  6
Continuous
 62
     1
100
AcDbLine
 10
3236.7625
 20
2141.300505825992
 30
0.0
 11
3236.7625
 21
2091.300505825992
 31
0.0
  0
LINE
  5
48B
330
C4
100
AcDbEntity
  8
SH-符号标注
  6
Continuous
 62
     1
100
AcDbLine
 10
3236.7625
 20
2091.300505825992
 30
0.0
 11
3106.7625
 21
2091.300505825992
 31
0.0
  0
ENDBLK
  5
DA1
330
C4
100
AcDbEntity
  8
0
100
AcDbBlockEnd
  0
BLOCK
  5
D9E
330
C5
100
AcDbEntity
  8
0
100
AcDbBlockBegin
  2
WINDOW_d2bf44923f063b99043b6629e2dc5596_65d58f8b3c4644a4b537f87e552f670e
 70
     0
 10
0.0
 20
0.0
 30
0.0
  3
WINDOW_d2bf44923f063b99043b6629e2dc5596_65d58f8b3c4644a4b537f87e552f670e
  1

  0
LINE
  5
48E
330
C5
100
AcDbEntity
  8
DS-门窗
  6
Continuous
 62
    60
 48
2.0
100
AcDbLine
 10
-1135.85063671875
 20
2353.6199
 30
0.0
 11
-1821.19536328125
 21
2353.6199
 31
0.0
  0
LINE
  5
48F
330
C5
100
AcDbEntity
  8
DS-门窗
  6
Continuous
 62
    60
 48
2.0
100
AcDbLine
 10
-1821.19536328125
 20
2353.6199
 30
0.0
 11
-1821.19536328125
 21
2113.6199
 31
0.0
  0
LINE
  5
490
330
C5
100
AcDbEntity
  8
DS-门窗
  6
Continuous
 62
    60
 48
2.0
100
AcDbLine
 10
-1821.19536328125
 20
2113.6199
 30
0.0
 11
-1135.85063671875
 21
2113.6199
 31
0.0
  0
LINE
  5
491
330
C5
100
AcDbEntity
  8
DS-门窗
  6
Continuous
 62
    60
 48
2.0
100
AcDbLine
 10
-1135.85063671875
 20
2113.6199
 30
0.0
 11
-1135.85063671875
 21
2353.6199
 31
0.0
  0
LINE
  5
492
330
C5
100
AcDbEntity
  8
DS-门窗
  6
Continuous
 62
    60
 48
2.0
100
AcDbLine
 10
-1135.85063671875
 20
2273.6199
 30
0.0
 11
-1821.19536328125
 21
2273.6199
 31
0.0
  0
LINE
  5
493
330
C5
100
AcDbEntity
  8
DS-门窗
  6
Continuous
 62
    60
 48
2.0
100
AcDbLine
 10
-1135.85063671875
 20
2193.6199
 30
0.0
 11
-1821.19536328125
 21
2193.6199
 31
0.0
  0
ENDBLK
  5
D9F
330
C5
100
AcDbEntity
  8
0
100
AcDbBlockEnd
  0
BLOCK
  5
D9C
330
C6
100
AcDbEntity
  8
0
100
AcDbBlockBegin
  2
WINDOW_dda7be86b2d194ed9017f27c36ae2ee6_67aec39b51144958a70b7d2f797984ce
 70
     0
 10
0.0
 20
0.0
 30
0.0
  3
WINDOW_dda7be86b2d194ed9017f27c36ae2ee6_67aec39b51144958a70b7d2f797984ce
  1

  0
LINE
  5
496
330
C6
100
AcDbEntity
  8
DS-门窗
  6
Continuous
 62
    60
 48
2.0
100
AcDbLine
 10
-1101.97973671875
 20
4712.8677
 30
0.0
 11
-1787.32446328125
 21
4712.8677
 31
0.0
  0
LINE
  5
497
330
C6
100
AcDbEntity
  8
DS-门窗
  6
Continuous
 62
    60
 48
2.0
100
AcDbLine
 10
-1787.32446328125
 20
4712.8677
 30
0.0
 11
-1787.32446328125
 21
4472.8677
 31
0.0
  0
LINE
  5
498
330
C6
100
AcDbEntity
  8
DS-门窗
  6
Continuous
 62
    60
 48
2.0
100
AcDbLine
 10
-1787.32446328125
 20
4472.8677
 30
0.0
 11
-1101.97973671875
 21
4472.8677
 31
0.0
  0
LINE
  5
499
330
C6
100
AcDbEntity
  8
DS-门窗
  6
Continuous
 62
    60
 48
2.0
100
AcDbLine
 10
-1101.97973671875
 20
4472.8677
 30
0.0
 11
-1101.97973671875
 21
4712.8677
 31
0.0
  0
LINE
  5
49A
330
C6
100
AcDbEntity
  8
DS-门窗
  6
Continuous
 62
    60
 48
2.0
100
AcDbLine
 10
-1101.97973671875
 20
4632.8677
 30
0.0
 11
-1787.32446328125
 21
4632.8677
 31
0.0
  0
LINE
  5
49B
330
C6
100
AcDbEntity
  8
DS-门窗
  6
Continuous
 62
    60
 48
2.0
100
AcDbLine
 10
-1101.97973671875
 20
4552.8677
 30
0.0
 11
-1787.32446328125
 21
4552.8677
 31
0.0
  0
ENDBLK
  5
D9D
330
C6
100
AcDbEntity
  8
0
100
AcDbBlockEnd
  0
BLOCK
  5
D9A
330
C7
100
AcDbEntity
  8
0
100
AcDbBlockBegin
  2
WINDOW_a62b61572bc37d58dc9e2607d579309c_19cabc8ac68d438292a2dbee5d9ffa78
 70
     0
 10
0.0
 20
0.0
 30
0.0
  3
WINDOW_a62b61572bc37d58dc9e2607d579309c_19cabc8ac68d438292a2dbee5d9ffa78
  1

  0
LINE
  5
49E
330
C7
100
AcDbEntity
  8
DS-门窗
  6
Continuous
 62
    60
 48
2.0
100
AcDbLine
 10
-5155.940694824219
 20
3753.8364
 30
0.0
 11
-6394.441305175781
 21
3753.8364
 31
0.0
  0
LINE
  5
49F
330
C7
100
AcDbEntity
  8
DS-门窗
  6
Continuous
 62
    60
 48
2.0
100
AcDbLine
 10
-6394.441305175781
 20
3753.8364
 30
0.0
 11
-6394.44130517578
 21
3513.8364
 31
0.0
  0
LINE
  5
4A0
330
C7
100
AcDbEntity
  8
DS-门窗
  6
Continuous
 62
    60
 48
2.0
100
AcDbLine
 10
-6394.44130517578
 20
3513.8364
 30
0.0
 11
-5155.940694824218
 21
3513.8364
 31
0.0
  0
LINE
  5
4A1
330
C7
100
AcDbEntity
  8
DS-门窗
  6
Continuous
 62
    60
 48
2.0
100
AcDbLine
 10
-5155.940694824218
 20
3513.8364
 30
0.0
 11
-5155.940694824219
 21
3753.8364
 31
0.0
  0
LINE
  5
4A2
330
C7
100
AcDbEntity
  8
DS-门窗
  6
Continuous
 62
    60
 48
2.0
100
AcDbLine
 10
-5155.940694824219
 20
3673.8364
 30
0.0
 11
-6394.441305175781
 21
3673.8364
 31
0.0
  0
LINE
  5
4A3
330
C7
100
AcDbEntity
  8
DS-门窗
  6
Continuous
 62
    60
 48
2.0
100
AcDbLine
 10
-5155.940694824219
 20
3593.8364
 30
0.0
 11
-6394.441305175781
 21
3593.8364
 31
0.0
  0
ENDBLK
  5
D9B
330
C7
100
AcDbEntity
  8
0
100
AcDbBlockEnd
  0
BLOCK
  5
D98
330
C8
100
AcDbEntity
  8
0
100
AcDbBlockBegin
  2
WINDOW_901e531f2d109fc9228922a418da6d7e_180650a6c23d48fc9906bfc32fea3137
 70
     0
 10
0.0
 20
0.0
 30
0.0
  3
WINDOW_901e531f2d109fc9228922a418da6d7e_180650a6c23d48fc9906bfc32fea3137
  1

  0
LINE
  5
4A6
330
C8
100
AcDbEntity
  8
DS-门窗
  6
Continuous
 62
    60
 48
2.0
100
AcDbLine
 10
-2745.033894824219
 20
3753.836400000001
 30
0.0
 11
-3983.534505175781
 21
3753.836400000001
 31
0.0
  0
LINE
  5
4A7
330
C8
100
AcDbEntity
  8
DS-门窗
  6
Continuous
 62
    60
 48
2.0
100
AcDbLine
 10
-3983.534505175781
 20
3753.836400000001
 30
0.0
 11
-3983.534505175781
 21
3513.836400000001
 31
0.0
  0
LINE
  5
4A8
330
C8
100
AcDbEntity
  8
DS-门窗
  6
Continuous
 62
    60
 48
2.0
100
AcDbLine
 10
-3983.534505175781
 20
3513.836400000001
 30
0.0
 11
-2745.033894824219
 21
3513.836400000001
 31
0.0
  0
LINE
  5
4A9
330
C8
100
AcDbEntity
  8
DS-门窗
  6
Continuous
 62
    60
 48
2.0
100
AcDbLine
 10
-2745.033894824219
 20
3513.836400000001
 30
0.0
 11
-2745.033894824219
 21
3753.836400000001
 31
0.0
  0
LINE
  5
4AA
330
C8
100
AcDbEntity
  8
DS-门窗
  6
Continuous
 62
    60
 48
2.0
100
AcDbLine
 10
-2745.033894824219
 20
3673.836400000001
 30
0.0
 11
-3983.534505175781
 21
3673.836400000001
 31
0.0
  0
LINE
  5
4AB
330
C8
100
AcDbEntity
  8
DS-门窗
  6
Continuous
 62
    60
 48
2.0
100
AcDbLine
 10
-2745.033894824219
 20
3593.836400000001
 30
0.0
 11
-3983.534505175781
 21
3593.836400000001
 31
0.0
  0
ENDBLK
  5
D99
330
C8
100
AcDbEntity
  8
0
100
AcDbBlockEnd
  0
BLOCK
  5
D96
330
C9
100
AcDbEntity
  8
0
100
AcDbBlockBegin
  2
WINDOW_2dabe6a3f66ad981135af9a1e4afb64f_94e704c11bf74612bcbc1eeecc1d5c7c
 70
     0
 10
0.0
 20
0.0
 30
0.0
  3
WINDOW_2dabe6a3f66ad981135af9a1e4afb64f_94e704c11bf74612bcbc1eeecc1d5c7c
  1

  0
LINE
  5
4AE
330
C9
100
AcDbEntity
  8
DS-门窗
  6
Continuous
 62
    60
 48
2.0
100
AcDbLine
 10
1307.522765175782
 20
4712.8677
 30
0.0
 11
69.02215482421866
 21
4712.8677
 31
0.0
  0
LINE
  5
4AF
330
C9
100
AcDbEntity
  8
DS-门窗
  6
Continuous
 62
    60
 48
2.0
100
AcDbLine
 10
69.02215482421866
 20
4712.8677
 30
0.0
 11
69.02215482421889
 21
4472.8677
 31
0.0
  0
LINE
  5
4B0
330
C9
100
AcDbEntity
  8
DS-门窗
  6
Continuous
 62
    60
 48
2.0
100
AcDbLine
 10
69.02215482421889
 20
4472.8677
 30
0.0
 11
1307.522765175782
 21
4472.8677
 31
0.0
  0
LINE
  5
4B1
330
C9
100
AcDbEntity
  8
DS-门窗
  6
Continuous
 62
    60
 48
2.0
100
AcDbLine
 10
1307.522765175782
 20
4472.8677
 30
0.0
 11
1307.522765175782
 21
4712.8677
 31
0.0
  0
LINE
  5
4B2
330
C9
100
AcDbEntity
  8
DS-门窗
  6
Continuous
 62
    60
 48
2.0
100
AcDbLine
 10
1307.522765175782
 20
4632.8677
 30
0.0
 11
69.02215482421866
 21
4632.8677
 31
0.0
  0
LINE
  5
4B3
330
C9
100
AcDbEntity
  8
DS-门窗
  6
Continuous
 62
    60
 48
2.0
100
AcDbLine
 10
1307.522765175782
 20
4552.8677
 30
0.0
 11
69.02215482421866
 21
4552.8677
 31
0.0
  0
ENDBLK
  5
D97
330
C9
100
AcDbEntity
  8
0
100
AcDbBlockEnd
  0
BLOCK
  5
D94
330
CA
100
AcDbEntity
  8
0
100
AcDbBlockBegin
  2
DOOR_fc16af7c67214b6b2f2defd95263af8d_9140ba4ccb784bec9770fdfd2bd67f3c
 70
     0
 10
0.0
 20
0.0
 30
0.0
  3
DOOR_fc16af7c67214b6b2f2defd95263af8d_9140ba4ccb784bec9770fdfd2bd67f3c
  1

  0
LINE
  5
4B6
330
CA
100
AcDbEntity
  8
DS-门窗
  6
Continuous
 62
    60
 48
2.0
100
AcDbLine
 10
1758.719178984375
 20
2353.6199
 30
0.0
 11
-97.78423898437495
 21
2353.6199
 31
0.0
  0
LINE
  5
4B7
330
CA
100
AcDbEntity
  8
DS-门窗
  6
Continuous
 62
    60
 48
2.0
100
AcDbLine
 10
-97.78423898437495
 20
2353.6199
 30
0.0
 11
-97.78423898437495
 21
2113.6199
 31
0.0
  0
LINE
  5
4B8
330
CA
100
AcDbEntity
  8
DS-门窗
  6
Continuous
 62
    60
 48
2.0
100
AcDbLine
 10
-97.78423898437495
 20
2113.6199
 30
0.0
 11
1758.719178984375
 21
2113.6199
 31
0.0
  0
LINE
  5
4B9
330
CA
100
AcDbEntity
  8
DS-门窗
  6
Continuous
 62
    60
 48
2.0
100
AcDbLine
 10
1758.719178984375
 20
2113.6199
 30
0.0
 11
1758.719178984375
 21
2353.6199
 31
0.0
  0
LINE
  5
4BA
330
CA
100
AcDbEntity
  8
DS-门窗
  6
Continuous
 62
    60
 48
2.0
100
AcDbLine
 10
1738.719178984375
 20
2233.6199
 30
0.0
 11
527.7169003385418
 21
2233.6199
 31
0.0
  0
LINE
  5
4BB
330
CA
100
AcDbEntity
  8
DS-门窗
  6
Continuous
 62
    60
 48
2.0
100
AcDbLine
 10
527.7169003385418
 20
2233.6199
 30
0.0
 11
527.7169003385418
 21
2173.6199
 31
0.0
  0
LINE
  5
4BC
330
CA
100
AcDbEntity
  8
DS-门窗
  6
Continuous
 62
    60
 48
2.0
100
AcDbLine
 10
527.7169003385418
 20
2173.6199
 30
0.0
 11
1738.719178984375
 21
2173.6199
 31
0.0
  0
LINE
  5
4BD
330
CA
100
AcDbEntity
  8
DS-门窗
  6
Continuous
 62
    60
 48
2.0
100
AcDbLine
 10
1738.719178984375
 20
2173.6199
 30
0.0
 11
1738.719178984375
 21
2233.6199
 31
0.0
  0
LINE
  5
4BE
330
CA
100
AcDbEntity
  8
DS-门窗
  6
Continuous
 62
    60
 48
2.0
100
AcDbLine
 10
1133.218039661459
 20
2293.6199
 30
0.0
 11
-77.78423898437495
 21
2293.6199
 31
0.0
  0
LINE
  5
4BF
330
CA
100
AcDbEntity
  8
DS-门窗
  6
Continuous
 62
    60
 48
2.0
100
AcDbLine
 10
-77.78423898437495
 20
2293.6199
 30
0.0
 11
-77.78423898437495
 21
2233.6199
 31
0.0
  0
LINE
  5
4C0
330
CA
100
AcDbEntity
  8
DS-门窗
  6
Continuous
 62
    60
 48
2.0
100
AcDbLine
 10
-77.78423898437495
 20
2233.6199
 30
0.0
 11
1133.218039661459
 21
2233.6199
 31
0.0
  0
LINE
  5
4C1
330
CA
100
AcDbEntity
  8
DS-门窗
  6
Continuous
 62
    60
 48
2.0
100
AcDbLine
 10
1133.218039661459
 20
2233.6199
 30
0.0
 11
1133.218039661459
 21
2293.6199
 31
0.0
  0
ENDBLK
  5
D95
330
CA
100
AcDbEntity
  8
0
100
AcDbBlockEnd
  0
BLOCK
  5
D92
330
CB
100
AcDbEntity
  8
0
100
AcDbBlockBegin
  2
LEGEND_53b17ed9e7bc361a9d5f7c8f8c891103_0325671d14544a5e9625c67889f8c782
 70
     0
 10
0.0
 20
0.0
 30
0.0
  3
LEGEND_53b17ed9e7bc361a9d5f7c8f8c891103_0325671d14544a5e9625c67889f8c782
  1

  0
POLYLINE
  5
4C4
330
CB
100
AcDbEntity
  8
DS-门窗
  6
Continuous
 62
    60
 48
2.0
100
AcDb2dPolyline
 66
     1
 10
0.0
 20
0.0
 30
0.0
 70
   128
  0
VERTEX
  5
4C5
330
4C4
100
AcDbEntity
  8
DS-门窗
  6
Continuous
 62
    60
 48
2.0
100
AcDbVertex
100
AcDb2dVertex
 10
0.0
 20
120.0
 30
0.0
  0
VERTEX
  5
4C6
330
4C4
100
AcDbEntity
  8
DS-门窗
  6
Continuous
 62
    60
 48
2.0
100
AcDbVertex
100
AcDb2dVertex
 10
0.0
 20
907.0498657226562
 30
0.0
  0
VERTEX
  5
4C7
330
4C4
100
AcDbEntity
  8
DS-门窗
  6
Continuous
 62
    60
 48
2.0
100
AcDbVertex
100
AcDb2dVertex
 10
60.0
 20
907.0498657226562
 30
0.0
  0
VERTEX
  5
4C8
330
4C4
100
AcDbEntity
  8
DS-门窗
  6
Continuous
 62
    60
 48
2.0
100
AcDbVertex
100
AcDb2dVertex
 10
60.0
 20
120.0
 30
0.0
  0
VERTEX
  5
4C9
330
4C4
100
AcDbEntity
  8
DS-门窗
  6
Continuous
 62
    60
 48
2.0
100
AcDbVertex
100
AcDb2dVertex
 10
0.0
 20
120.0
 30
0.0
  0
SEQEND
  5
D83
330
4C4
100
AcDbEntity
  8
DS-门窗
  6
Continuous
 62
    60
 48
2.0
  0
LINE
  5
4CA
330
CB
100
AcDbEntity
  8
DS-门窗
  6
Continuous
 62
    60
 48
2.0
100
AcDbLine
 10
0.0
 20
240.0
 30
0.0
 11
0.0
 21
0.0
 31
0.0
  0
LINE
  5
4CB
330
CB
100
AcDbEntity
  8
DS-门窗
  6
Continuous
 62
    60
 48
2.0
100
AcDbLine
 10
787.0498657226562
 20
240.0
 30
0.0
 11
787.0498657226562
 21
0.0
 31
0.0
  0
ARC
  5
4CC
330
CB
100
AcDbEntity
  8
DS-门窗
  6
Continuous
 62
    60
 48
2.0
100
AcDbCircle
 10
0.0
 20
120.0
 30
0.0
 40
787.0498657226562
100
AcDbArc
 50
0.0
 51
90.0
  0
ENDBLK
  5
D93
330
CB
100
AcDbEntity
  8
0
100
AcDbBlockEnd
  0
BLOCK
  5
D90
330
CC
100
AcDbEntity
  8
0
100
AcDbBlockBegin
  2
LEGEND_21c7235f9fb190111f4370a596c8782f_f730b179c3a6443a9e8fe988db1792cb
 70
     0
 10
0.0
 20
0.0
 30
0.0
  3
LEGEND_21c7235f9fb190111f4370a596c8782f_f730b179c3a6443a9e8fe988db1792cb
  1

  0
POLYLINE
  5
4CF
330
CC
100
AcDbEntity
  8
DS-门窗
  6
Continuous
 62
    60
 48
2.0
100
AcDb2dPolyline
 66
     1
 10
0.0
 20
0.0
 30
0.0
 70
   128
  0
VERTEX
  5
4D0
330
4CF
100
AcDbEntity
  8
DS-门窗
  6
Continuous
 62
    60
 48
2.0
100
AcDbVertex
100
AcDb2dVertex
 10
0.0
 20
60.0
 30
0.0
  0
VERTEX
  5
4D1
330
4CF
100
AcDbEntity
  8
DS-门窗
  6
Continuous
 62
    60
 48
2.0
100
AcDbVertex
100
AcDb2dVertex
 10
0.0
 20
847.0498657226562
 30
0.0
  0
VERTEX
  5
4D2
330
4CF
100
AcDbEntity
  8
DS-门窗
  6
Continuous
 62
    60
 48
2.0
100
AcDbVertex
100
AcDb2dVertex
 10
60.0
 20
847.0498657226562
 30
0.0
  0
VERTEX
  5
4D3
330
4CF
100
AcDbEntity
  8
DS-门窗
  6
Continuous
 62
    60
 48
2.0
100
AcDbVertex
100
AcDb2dVertex
 10
60.0
 20
60.0
 30
0.0
  0
VERTEX
  5
4D4
330
4CF
100
AcDbEntity
  8
DS-门窗
  6
Continuous
 62
    60
 48
2.0
100
AcDbVertex
100
AcDb2dVertex
 10
0.0
 20
60.0
 30
0.0
  0
SEQEND
  5
D81
330
4CF
100
AcDbEntity
  8
DS-门窗
  6
Continuous
 62
    60
 48
2.0
  0
LINE
  5
4D5
330
CC
100
AcDbEntity
  8
DS-门窗
  6
Continuous
 62
    60
 48
2.0
100
AcDbLine
 10
0.0
 20
120.0
 30
0.0
 11
0.0
 21
0.0
 31
0.0
  0
LINE
  5
4D6
330
CC
100
AcDbEntity
  8
DS-门窗
  6
Continuous
 62
    60
 48
2.0
100
AcDbLine
 10
787.0498657226562
 20
120.0
 30
0.0
 11
787.0498657226562
 21
0.0
 31
0.0
  0
ARC
  5
4D7
330
CC
100
AcDbEntity
  8
DS-门窗
  6
Continuous
 62
    60
 48
2.0
100
AcDbCircle
 10
0.0
 20
60.0
 30
0.0
 40
787.0498657226562
100
AcDbArc
 50
0.0
 51
90.0
  0
ENDBLK
  5
D91
330
CC
100
AcDbEntity
  8
0
100
AcDbBlockEnd
  0
BLOCK
  5
D8E
330
CD
100
AcDbEntity
  8
0
100
AcDbBlockBegin
  2
LEGEND_21a534f452159aa28b1e192e4484f7b2_cff5b63c4e844f9086d936421ee5c833
 70
     0
 10
0.0
 20
0.0
 30
0.0
  3
LEGEND_21a534f452159aa28b1e192e4484f7b2_cff5b63c4e844f9086d936421ee5c833
  1

  0
POLYLINE
  5
4DA
330
CD
100
AcDbEntity
  8
DS-门窗
  6
Continuous
 62
    60
 48
2.0
100
AcDb2dPolyline
 66
     1
 10
0.0
 20
0.0
 30
0.0
 70
   128
  0
VERTEX
  5
4DB
330
4DA
100
AcDbEntity
  8
DS-门窗
  6
Continuous
 62
    60
 48
2.0
100
AcDbVertex
100
AcDb2dVertex
 10
0.0
 20
120.0
 30
0.0
  0
VERTEX
  5
4DC
330
4DA
100
AcDbEntity
  8
DS-门窗
  6
Continuous
 62
    60
 48
2.0
100
AcDbVertex
100
AcDb2dVertex
 10
0.0
 20
1461.566650390625
 30
0.0
  0
VERTEX
  5
4DD
330
4DA
100
AcDbEntity
  8
DS-门窗
  6
Continuous
 62
    60
 48
2.0
100
AcDbVertex
100
AcDb2dVertex
 10
60.0
 20
1461.566650390625
 30
0.0
  0
VERTEX
  5
4DE
330
4DA
100
AcDbEntity
  8
DS-门窗
  6
Continuous
 62
    60
 48
2.0
100
AcDbVertex
100
AcDb2dVertex
 10
60.0
 20
120.0
 30
0.0
  0
VERTEX
  5
4DF
330
4DA
100
AcDbEntity
  8
DS-门窗
  6
Continuous
 62
    60
 48
2.0
100
AcDbVertex
100
AcDb2dVertex
 10
0.0
 20
120.0
 30
0.0
  0
SEQEND
  5
D80
330
4DA
100
AcDbEntity
  8
DS-门窗
  6
Continuous
 62
    60
 48
2.0
  0
LINE
  5
4E0
330
CD
100
AcDbEntity
  8
DS-门窗
  6
Continuous
 62
    60
 48
2.0
100
AcDbLine
 10
0.0
 20
240.0
 30
0.0
 11
0.0
 21
0.0
 31
0.0
  0
LINE
  5
4E1
330
CD
100
AcDbEntity
  8
DS-门窗
  6
Continuous
 62
    60
 48
2.0
100
AcDbLine
 10
1341.566650390625
 20
240.0
 30
0.0
 11
1341.566650390625
 21
0.0
 31
0.0
  0
ARC
  5
4E2
330
CD
100
AcDbEntity
  8
DS-门窗
  6
Continuous
 62
    60
 48
2.0
100
AcDbCircle
 10
0.0
 20
120.0
 30
0.0
 40
1341.566650390625
100
AcDbArc
 50
0.0
 51
90.0
  0
ENDBLK
  5
D8F
330
CD
100
AcDbEntity
  8
0
100
AcDbBlockEnd
  0
BLOCK
  5
D8C
330
CE
100
AcDbEntity
  8
0
100
AcDbBlockBegin
  2
WINDOW_3202ff818c7f97124c0085a78d293b3b_79cb11601bd04043949b6a043a9a0068
 70
     0
 10
0.0
 20
0.0
 30
0.0
  3
WINDOW_3202ff818c7f97124c0085a78d293b3b_79cb11601bd04043949b6a043a9a0068
  1

  0
LINE
  5
4E5
330
CE
100
AcDbEntity
  8
DS-门窗
  6
Continuous
 62
    60
 48
2.0
100
AcDbLine
 10
-6332.102802734375
 20
-5000.679
 30
0.0
 11
-4209.982197265625
 21
-5000.679
 31
0.0
  0
LINE
  5
4E6
330
CE
100
AcDbEntity
  8
DS-门窗
  6
Continuous
 62
    60
 48
2.0
100
AcDbLine
 10
-4209.982197265625
 20
-5000.679
 30
0.0
 11
-4209.982197265625
 21
-4760.679
 31
0.0
  0
LINE
  5
4E7
330
CE
100
AcDbEntity
  8
DS-门窗
  6
Continuous
 62
    60
 48
2.0
100
AcDbLine
 10
-4209.982197265625
 20
-4760.679
 30
0.0
 11
-6332.102802734375
 21
-4760.679
 31
0.0
  0
LINE
  5
4E8
330
CE
100
AcDbEntity
  8
DS-门窗
  6
Continuous
 62
    60
 48
2.0
100
AcDbLine
 10
-6332.102802734375
 20
-4760.679
 30
0.0
 11
-6332.102802734375
 21
-5000.679
 31
0.0
  0
LINE
  5
4E9
330
CE
100
AcDbEntity
  8
DS-门窗
  6
Continuous
 62
    60
 48
2.0
100
AcDbLine
 10
-6332.102802734375
 20
-4920.679
 30
0.0
 11
-4209.982197265625
 21
-4920.679
 31
0.0
  0
LINE
  5
4EA
330
CE
100
AcDbEntity
  8
DS-门窗
  6
Continuous
 62
    60
 48
2.0
100
AcDbLine
 10
-6332.102802734375
 20
-4840.679
 30
0.0
 11
-4209.982197265625
 21
-4840.679
 31
0.0
  0
ENDBLK
  5
D8D
330
CE
100
AcDbEntity
  8
0
100
AcDbBlockEnd
  0
BLOCK
  5
D8A
330
CF
100
AcDbEntity
  8
0
100
AcDbBlockBegin
  2
WINDOW_d8064412710f5d54ebf442824f9995c4_89e8436e68284c518e718759a15fc281
 70
     0
 10
0.0
 20
0.0
 30
0.0
  3
WINDOW_d8064412710f5d54ebf442824f9995c4_89e8436e68284c518e718759a15fc281
  1

  0
LINE
  5
4ED
330
CF
100
AcDbEntity
  8
DS-门窗
  6
Continuous
 62
    60
 48
2.0
100
AcDbLine
 10
-3232.091302734375
 20
-5000.679
 30
0.0
 11
-1109.970697265625
 21
-5000.679
 31
0.0
  0
LINE
  5
4EE
330
CF
100
AcDbEntity
  8
DS-门窗
  6
Continuous
 62
    60
 48
2.0
100
AcDbLine
 10
-1109.970697265625
 20
-5000.679
 30
0.0
 11
-1109.970697265625
 21
-4760.679
 31
0.0
  0
LINE
  5
4EF
330
CF
100
AcDbEntity
  8
DS-门窗
  6
Continuous
 62
    60
 48
2.0
100
AcDbLine
 10
-1109.970697265625
 20
-4760.679
 30
0.0
 11
-3232.091302734375
 21
-4760.679
 31
0.0
  0
LINE
  5
4F0
330
CF
100
AcDbEntity
  8
DS-门窗
  6
Continuous
 62
    60
 48
2.0
100
AcDbLine
 10
-3232.091302734375
 20
-4760.679
 30
0.0
 11
-3232.091302734375
 21
-5000.679
 31
0.0
  0
LINE
  5
4F1
330
CF
100
AcDbEntity
  8
DS-门窗
  6
Continuous
 62
    60
 48
2.0
100
AcDbLine
 10
-3232.091302734375
 20
-4920.679
 30
0.0
 11
-1109.970697265625
 21
-4920.679
 31
0.0
  0
LINE
  5
4F2
330
CF
100
AcDbEntity
  8
DS-门窗
  6
Continuous
 62
    60
 48
2.0
100
AcDbLine
 10
-3232.091302734375
 20
-4840.679
 30
0.0
 11
-1109.970697265625
 21
-4840.679
 31
0.0
  0
ENDBLK
  5
D8B
330
CF
100
AcDbEntity
  8
0
100
AcDbBlockEnd
  0
BLOCK
  5
D88
330
D0
100
AcDbEntity
  8
0
100
AcDbBlockBegin
  2
WINDOW_09a149a149f258ed90e4f6109ce0df87_da908b7f8e10479fb0a179a525980ef4
 70
     0
 10
0.0
 20
0.0
 30
0.0
  3
WINDOW_09a149a149f258ed90e4f6109ce0df87_da908b7f8e10479fb0a179a525980ef4
  1

  0
LINE
  5
4F5
330
D0
100
AcDbEntity
  8
DS-门窗
  6
Continuous
 62
    60
 48
2.0
100
AcDbLine
 10
4866.605697265625
 20
-4060.3608
 30
0.0
 11
6988.726302734375
 21
-4060.3608
 31
0.0
  0
LINE
  5
4F6
330
D0
100
AcDbEntity
  8
DS-门窗
  6
Continuous
 62
    60
 48
2.0
100
AcDbLine
 10
6988.726302734375
 20
-4060.3608
 30
0.0
 11
6988.726302734375
 21
-3820.3608
 31
0.0
  0
LINE
  5
4F7
330
D0
100
AcDbEntity
  8
DS-门窗
  6
Continuous
 62
    60
 48
2.0
100
AcDbLine
 10
6988.726302734375
 20
-3820.3608
 30
0.0
 11
4866.605697265625
 21
-3820.3608
 31
0.0
  0
LINE
  5
4F8
330
D0
100
AcDbEntity
  8
DS-门窗
  6
Continuous
 62
    60
 48
2.0
100
AcDbLine
 10
4866.605697265625
 20
-3820.3608
 30
0.0
 11
4866.605697265625
 21
-4060.3608
 31
0.0
  0
LINE
  5
4F9
330
D0
100
AcDbEntity
  8
DS-门窗
  6
Continuous
 62
    60
 48
2.0
100
AcDbLine
 10
4866.605697265625
 20
-3980.3608
 30
0.0
 11
6988.726302734375
 21
-3980.3608
 31
0.0
  0
LINE
  5
4FA
330
D0
100
AcDbEntity
  8
DS-门窗
  6
Continuous
 62
    60
 48
2.0
100
AcDbLine
 10
4866.605697265625
 20
-3900.3608
 30
0.0
 11
6988.726302734375
 21
-3900.3608
 31
0.0
  0
ENDBLK
  5
D89
330
D0
100
AcDbEntity
  8
0
100
AcDbBlockEnd
  0
BLOCK
  5
D86
330
D1
100
AcDbEntity
  8
0
100
AcDbBlockBegin
  2
WINDOW_658651dc562f569f39af72cd0fd2e788_f94c37ca998d415a808768ba4d2f1fe0
 70
     0
 10
0.0
 20
0.0
 30
0.0
  3
WINDOW_658651dc562f569f39af72cd0fd2e788_f94c37ca998d415a808768ba4d2f1fe0
  1

  0
LINE
  5
4FD
330
D1
100
AcDbEntity
  8
DS-门窗
  6
Continuous
 62
    60
 48
2.0
100
AcDbLine
 10
-356.2249843750001
 20
-5000.679
 30
0.0
 11
4097.442984375001
 21
-5000.679
 31
0.0
  0
LINE
  5
4FE
330
D1
100
AcDbEntity
  8
DS-门窗
  6
Continuous
 62
    60
 48
2.0
100
AcDbLine
 10
4097.442984375001
 20
-5000.679
 30
0.0
 11
4097.442984375001
 21
-4760.679
 31
0.0
  0
LINE
  5
4FF
330
D1
100
AcDbEntity
  8
DS-门窗
  6
Continuous
 62
    60
 48
2.0
100
AcDbLine
 10
4097.442984375001
 20
-4760.679
 30
0.0
 11
-356.2249843750001
 21
-4760.679
 31
0.0
  0
LINE
  5
500
330
D1
100
AcDbEntity
  8
DS-门窗
  6
Continuous
 62
    60
 48
2.0
100
AcDbLine
 10
-356.2249843750001
 20
-4760.679
 30
0.0
 11
-356.2249843750001
 21
-5000.679
 31
0.0
  0
LINE
  5
501
330
D1
100
AcDbEntity
  8
DS-门窗
  6
Continuous
 62
    60
 48
2.0
100
AcDbLine
 10
-356.2249843750001
 20
-4920.679
 30
0.0
 11
4097.442984375001
 21
-4920.679
 31
0.0
  0
LINE
  5
502
330
D1
100
AcDbEntity
  8
DS-门窗
  6
Continuous
 62
    60
 48
2.0
100
AcDbLine
 10
-356.2249843750001
 20
-4840.679
 30
0.0
 11
4097.442984375001
 21
-4840.679
 31
0.0
  0
ENDBLK
  5
D87
330
D1
100
AcDbEntity
  8
0
100
AcDbBlockEnd
  0
BLOCK
  5
D84
330
D2
100
AcDbEntity
  8
0
100
AcDbBlockBegin
  2
MARKER_1e2303cc2eb9ab11209d24ef251579fb_08f0d49fcf1144379322c050ecbc170a
 70
     0
 10
0.0
 20
0.0
 30
0.0
  3
MARKER_1e2303cc2eb9ab11209d24ef251579fb_08f0d49fcf1144379322c050ecbc170a
  1

  0
LINE
  5
F2
102
{ACAD_REACTORS
330
505
102
}
330
D2
100
AcDbEntity
  8
0
 60
     1
100
AcDbLine
 10
3171.7625
 20
1891.300505825991
 30
0.0
 11
3071.7625
 21
1941.300505825991
 31
0.0
  0
LINE
  5
F3
102
{ACAD_REACTORS
330
505
102
}
330
D2
100
AcDbEntity
  8
0
 60
     1
100
AcDbLine
 10
3071.7625
 20
1941.300505825991
 30
0.0
 11
3106.7625
 21
1941.300505825991
 31
0.0
  0
LINE
  5
F4
102
{ACAD_REACTORS
330
505
102
}
330
D2
100
AcDbEntity
  8
0
 60
     1
100
AcDbLine
 10
3106.7625
 20
1941.300505825991
 30
0.0
 11
3106.7625
 21
1991.300505825991
 31
0.0
  0
LINE
  5
F5
102
{ACAD_REACTORS
330
505
102
}
330
D2
100
AcDbEntity
  8
0
 60
     1
100
AcDbLine
 10
3106.7625
 20
1991.300505825991
 30
0.0
 11
3236.7625
 21
1991.300505825991
 31
0.0
  0
LINE
  5
F6
102
{ACAD_REACTORS
330
505
102
}
330
D2
100
AcDbEntity
  8
0
 60
     1
100
AcDbLine
 10
3236.7625
 20
1991.300505825991
 30
0.0
 11
3236.7625
 21
1941.300505825991
 31
0.0
  0
LINE
  5
F7
102
{ACAD_REACTORS
330
505
102
}
330
D2
100
AcDbEntity
  8
0
 60
     1
100
AcDbLine
 10
3236.7625
 20
1941.300505825991
 30
0.0
 11
3271.7625
 21
1941.300505825991
 31
0.0
  0
LINE
  5
F8
102
{ACAD_REACTORS
330
505
102
}
330
D2
100
AcDbEntity
  8
0
 60
     1
100
AcDbLine
 10
3271.7625
 20
1941.300505825991
 30
0.0
 11
3171.7625
 21
1891.300505825991
 31
0.0
  0
LINE
  5
F9
102
{ACAD_REACTORS
330
506
102
}
330
D2
100
AcDbEntity
  8
0
 60
     1
100
AcDbLine
 10
3106.7625
 20
2016.300505825991
 30
0.0
 11
3106.7625
 21
2066.300505825992
 31
0.0
  0
LINE
  5
FA
102
{ACAD_REACTORS
330
506
102
}
330
D2
100
AcDbEntity
  8
0
 60
     1
100
AcDbLine
 10
3106.7625
 20
2066.300505825992
 30
0.0
 11
3236.7625
 21
2066.300505825992
 31
0.0
  0
LINE
  5
FB
102
{ACAD_REACTORS
330
506
102
}
330
D2
100
AcDbEntity
  8
0
 60
     1
100
AcDbLine
 10
3236.7625
 20
2066.300505825992
 30
0.0
 11
3236.7625
 21
2016.300505825991
 31
0.0
  0
LINE
  5
FC
102
{ACAD_REACTORS
330
506
102
}
330
D2
100
AcDbEntity
  8
0
 60
     1
100
AcDbLine
 10
3236.7625
 20
2016.300505825991
 30
0.0
 11
3106.7625
 21
2016.300505825991
 31
0.0
  0
LINE
  5
FD
102
{ACAD_REACTORS
330
507
102
}
330
D2
100
AcDbEntity
  8
0
 60
     1
100
AcDbLine
 10
3106.7625
 20
2091.300505825992
 30
0.0
 11
3106.7625
 21
2141.300505825992
 31
0.0
  0
LINE
  5
FE
102
{ACAD_REACTORS
330
507
102
}
330
D2
100
AcDbEntity
  8
0
 60
     1
100
AcDbLine
 10
3106.7625
 20
2141.300505825992
 30
0.0
 11
3236.7625
 21
2141.300505825992
 31
0.0
  0
LINE
  5
FF
102
{ACAD_REACTORS
330
507
102
}
330
D2
100
AcDbEntity
  8
0
 60
     1
100
AcDbLine
 10
3236.7625
 20
2141.300505825992
 30
0.0
 11
3236.7625
 21
2091.300505825992
 31
0.0
  0
LINE
  5
100
102
{ACAD_REACTORS
330
507
102
}
330
D2
100
AcDbEntity
  8
0
 60
     1
100
AcDbLine
 10
3236.7625
 20
2091.300505825992
 30
0.0
 11
3106.7625
 21
2091.300505825992
 31
0.0
  0
HATCH
  5
505
330
D2
100
AcDbEntity
  8
SH-符号标注
 62
     1
100
AcDbHatch
 10
0.0
 20
0.0
 30
0.0
210
0.0
220
0.0
230
1.0
  2
SOLID
 70
     1
 71
     1
 91
        1
 92
        0
 93
        7
 72
     1
 10
3171.7625
 20
1891.300505825991
 11
3071.7625
 21
1941.300505825991
 72
     1
 10
3071.7625
 20
1941.300505825991
 11
3106.7625
 21
1941.300505825991
 72
     1
 10
3106.7625
 20
1941.300505825991
 11
3106.7625
 21
1991.300505825991
 72
     1
 10
3106.7625
 20
1991.300505825991
 11
3236.7625
 21
1991.300505825991
 72
     1
 10
3236.7625
 20
1991.300505825991
 11
3236.7625
 21
1941.300505825991
 72
     1
 10
3236.7625
 20
1941.300505825991
 11
3271.7625
 21
1941.300505825991
 72
     1
 10
3271.7625
 20
1941.300505825991
 11
3171.7625
 21
1891.300505825991
 97
        7
330
F2
330
F3
330
F4
330
F5
330
F6
330
F7
330
F8
 75
     0
 76
     1
 98
        1
 10
0.0
 20
0.0
  0
HATCH
  5
506
330
D2
100
AcDbEntity
  8
SH-符号标注
 62
     1
100
AcDbHatch
 10
0.0
 20
0.0
 30
0.0
210
0.0
220
0.0
230
1.0
  2
SOLID
 70
     1
 71
     1
 91
        1
 92
        0
 93
        4
 72
     1
 10
3106.7625
 20
2016.300505825991
 11
3106.7625
 21
2066.300505825992
 72
     1
 10
3106.7625
 20
2066.300505825992
 11
3236.7625
 21
2066.300505825992
 72
     1
 10
3236.7625
 20
2066.300505825992
 11
3236.7625
 21
2016.300505825991
 72
     1
 10
3236.7625
 20
2016.300505825991
 11
3106.7625
 21
2016.300505825991
 97
        4
330
F9
330
FA
330
FB
330
FC
 75
     0
 76
     1
 98
        1
 10
0.0
 20
0.0
  0
HATCH
  5
507
330
D2
100
AcDbEntity
  8
SH-符号标注
 62
     1
100
AcDbHatch
 10
0.0
 20
0.0
 30
0.0
210
0.0
220
0.0
230
1.0
  2
SOLID
 70
     1
 71
     1
 91
        1
 92
        0
 93
        4
 72
     1
 10
3106.7625
 20
2091.300505825992
 11
3106.7625
 21
2141.300505825992
 72
     1
 10
3106.7625
 20
2141.300505825992
 11
3236.7625
 21
2141.300505825992
 72
     1
 10
3236.7625
 20
2141.300505825992
 11
3236.7625
 21
2091.300505825992
 72
     1
 10
3236.7625
 20
2091.300505825992
 11
3106.7625
 21
2091.300505825992
 97
        4
330
FD
330
FE
330
FF
330
100
 75
     0
 76
     1
 98
        1
 10
0.0
 20
0.0
  0
LINE
  5
508
330
D2
100
AcDbEntity
  8
SH-符号标注
  6
Continuous
 62
     1
100
AcDbLine
 10
3171.7625
 20
1891.300505825991
 30
0.0
 11
3071.7625
 21
1941.300505825991
 31
0.0
  0
LINE
  5
509
330
D2
100
AcDbEntity
  8
SH-符号标注
  6
Continuous
 62
     1
100
AcDbLine
 10
3071.7625
 20
1941.300505825991
 30
0.0
 11
3106.7625
 21
1941.300505825991
 31
0.0
  0
LINE
  5
50A
330
D2
100
AcDbEntity
  8
SH-符号标注
  6
Continuous
 62
     1
100
AcDbLine
 10
3106.7625
 20
1941.300505825991
 30
0.0
 11
3106.7625
 21
1991.300505825991
 31
0.0
  0
LINE
  5
50B
330
D2
100
AcDbEntity
  8
SH-符号标注
  6
Continuous
 62
     1
100
AcDbLine
 10
3106.7625
 20
1991.300505825991
 30
0.0
 11
3236.7625
 21
1991.300505825991
 31
0.0
  0
LINE
  5
50C
330
D2
100
AcDbEntity
  8
SH-符号标注
  6
Continuous
 62
     1
100
AcDbLine
 10
3236.7625
 20
1991.300505825991
 30
0.0
 11
3236.7625
 21
1941.300505825991
 31
0.0
  0
LINE
  5
50D
330
D2
100
AcDbEntity
  8
SH-符号标注
  6
Continuous
 62
     1
100
AcDbLine
 10
3236.7625
 20
1941.300505825991
 30
0.0
 11
3271.7625
 21
1941.300505825991
 31
0.0
  0
LINE
  5
50E
330
D2
100
AcDbEntity
  8
SH-符号标注
  6
Continuous
 62
     1
100
AcDbLine
 10
3271.7625
 20
1941.300505825991
 30
0.0
 11
3171.7625
 21
1891.300505825991
 31
0.0
  0
LINE
  5
50F
330
D2
100
AcDbEntity
  8
SH-符号标注
  6
Continuous
 62
     1
100
AcDbLine
 10
3106.7625
 20
2016.300505825991
 30
0.0
 11
3106.7625
 21
2066.300505825992
 31
0.0
  0
LINE
  5
510
330
D2
100
AcDbEntity
  8
SH-符号标注
  6
Continuous
 62
     1
100
AcDbLine
 10
3106.7625
 20
2066.300505825992
 30
0.0
 11
3236.7625
 21
2066.300505825992
 31
0.0
  0
LINE
  5
511
330
D2
100
AcDbEntity
  8
SH-符号标注
  6
Continuous
 62
     1
100
AcDbLine
 10
3236.7625
 20
2066.300505825992
 30
0.0
 11
3236.7625
 21
2016.300505825991
 31
0.0
  0
LINE
  5
512
330
D2
100
AcDbEntity
  8
SH-符号标注
  6
Continuous
 62
     1
100
AcDbLine
 10
3236.7625
 20
2016.300505825991
 30
0.0
 11
3106.7625
 21
2016.300505825991
 31
0.0
  0
LINE
  5
513
330
D2
100
AcDbEntity
  8
SH-符号标注
  6
Continuous
 62
     1
100
AcDbLine
 10
3106.7625
 20
2091.300505825992
 30
0.0
 11
3106.7625
 21
2141.300505825992
 31
0.0
  0
LINE
  5
514
330
D2
100
AcDbEntity
  8
SH-符号标注
  6
Continuous
 62
     1
100
AcDbLine
 10
3106.7625
 20
2141.300505825992
 30
0.0
 11
3236.7625
 21
2141.300505825992
 31
0.0
  0
LINE
  5
515
330
D2
100
AcDbEntity
  8
SH-符号标注
  6
Continuous
 62
     1
100
AcDbLine
 10
3236.7625
 20
2141.300505825992
 30
0.0
 11
3236.7625
 21
2091.300505825992
 31
0.0
  0
LINE
  5
516
330
D2
100
AcDbEntity
  8
SH-符号标注
  6
Continuous
 62
     1
100
AcDbLine
 10
3236.7625
 20
2091.300505825992
 30
0.0
 11
3106.7625
 21
2091.300505825992
 31
0.0
  0
ENDBLK
  5
D85
330
D2
100
AcDbEntity
  8
0
100
AcDbBlockEnd
  0
BLOCK
  5
51B
330
51A
100
AcDbEntity
  8
0
100
AcDbBlockBegin
  2
*D29
 70
     1
 10
0.0
 20
0.0
 30
0.0
  3
*D29
  1

  0
LINE
  5
51D
330
51A
100
AcDbEntity
  8
SH-尺寸标注
  6
Continuous
 62
   252
370
     9
100
AcDbLine
 10
31859.64201632279
 20
-18290.25090050829
 30
0.0
 11
31859.64201632279
 21
-18673.58422125046
 31
0.0
  0
LINE
  5
51E
330
51A
100
AcDbEntity
  8
SH-尺寸标注
  6
Continuous
 62
   252
370
     9
100
AcDbLine
 10
32033.33471296535
 20
-18290.25090050829
 30
0.0
 11
32033.33471296535
 21
-18673.58422125046
 31
0.0
  0
LINE
  5
51F
330
51A
100
AcDbEntity
  8
SH-尺寸标注
  6
Continuous
 62
   252
370
     9
100
AcDbLine
 10
31812.02296857546
 20
-18625.96517350312
 30
0.0
 11
32080.95376071269
 21
-18625.96517350312
 31
0.0
  0
INSERT
  5
520
330
51A
100
AcDbEntity
  8
SH-尺寸标注
 62
   252
370
     9
100
AcDbBlockReference
  2
_ArchTick
 10
31859.64201632279
 20
-18625.96517350312
 30
0.0
 41
35.71428581050463
 42
35.71428581050463
 43
35.71428581050463
 50
180.0
  0
INSERT
  5
521
330
51A
100
AcDbEntity
  8
SH-尺寸标注
 62
   252
370
     9
100
AcDbBlockReference
  2
_ArchTick
 10
32033.33471296535
 20
-18625.96517350312
 30
0.0
 41
35.71428581050463
 42
35.71428581050463
 43
35.71428581050463
  0
MTEXT
  5
522
330
51A
100
AcDbEntity
  8
SH-尺寸标注
 62
   134
100
AcDbMText
 10
31946.48836464407
 20
-18510.68958756562
 30
0.0
 40
142.8571432420185
 41
0.0
 46
0.0
 71
     5
 72
     1
  1
\A1;174
 73
     1
 44
1.0
  0
POINT
  5
523
330
51A
100
AcDbEntity
  8
Defpoints
 62
     0
100
AcDbPoint
 10
31859.64201632279
 20
-18290.25090050829
 30
0.0
  0
POINT
  5
524
330
51A
100
AcDbEntity
  8
Defpoints
 62
     0
100
AcDbPoint
 10
32033.33471296535
 20
-18290.25090050829
 30
0.0
  0
POINT
  5
525
330
51A
100
AcDbEntity
  8
Defpoints
 62
     0
100
AcDbPoint
 10
32033.33471296535
 20
-18625.96517350312
 30
0.0
  0
ENDBLK
  5
51C
330
51A
100
AcDbEntity
  8
0
100
AcDbBlockEnd
  0
BLOCK
  5
527
330
526
100
AcDbEntity
  8
0
100
AcDbBlockBegin
  2
*D30
 70
     1
 10
0.0
 20
0.0
 30
0.0
  3
*D30
  1

  0
LINE
  5
529
330
526
100
AcDbEntity
  8
SH-尺寸标注
  6
Continuous
 62
   252
370
     9
100
AcDbLine
 10
29650.10434632061
 20
-18290.25090050829
 30
0.0
 11
29650.10434632061
 21
-18673.58422125046
 31
0.0
  0
LINE
  5
52A
330
526
100
AcDbEntity
  8
SH-尺寸标注
  6
Continuous
 62
   252
370
     9
100
AcDbLine
 10
31859.64201632279
 20
-18290.25090050829
 30
0.0
 11
31859.64201632279
 21
-18673.58422125046
 31
0.0
  0
LINE
  5
52B
330
526
100
AcDbEntity
  8
SH-尺寸标注
  6
Continuous
 62
   252
370
     9
100
AcDbLine
 10
29602.48529857327
 20
-18625.96517350312
 30
0.0
 11
31907.26106407013
 21
-18625.96517350312
 31
0.0
  0
INSERT
  5
52C
330
526
100
AcDbEntity
  8
SH-尺寸标注
 62
   252
370
     9
100
AcDbBlockReference
  2
_ArchTick
 10
29650.10434632061
 20
-18625.96517350312
 30
0.0
 41
35.71428581050463
 42
35.71428581050463
 43
35.71428581050463
 50
180.0
  0
INSERT
  5
52D
330
526
100
AcDbEntity
  8
SH-尺寸标注
 62
   252
370
     9
100
AcDbBlockReference
  2
_ArchTick
 10
31859.64201632279
 20
-18625.96517350312
 30
0.0
 41
35.71428581050463
 42
35.71428581050463
 43
35.71428581050463
  0
MTEXT
  5
52E
330
526
100
AcDbEntity
  8
SH-尺寸标注
 62
   134
100
AcDbMText
 10
30754.8731813217
 20
-18510.68958756562
 30
0.0
 40
142.8571432420185
 41
0.0
 46
0.0
 71
     5
 72
     1
  1
\A1;2210
 73
     1
 44
1.0
  0
POINT
  5
52F
330
526
100
AcDbEntity
  8
Defpoints
 62
     0
100
AcDbPoint
 10
29650.10434632061
 20
-18290.25090050829
 30
0.0
  0
POINT
  5
530
330
526
100
AcDbEntity
  8
Defpoints
 62
     0
100
AcDbPoint
 10
31859.64201632279
 20
-18290.25090050829
 30
0.0
  0
POINT
  5
531
330
526
100
AcDbEntity
  8
Defpoints
 62
     0
100
AcDbPoint
 10
31859.64201632279
 20
-18625.96517350312
 30
0.0
  0
ENDBLK
  5
528
330
526
100
AcDbEntity
  8
0
100
AcDbBlockEnd
  0
BLOCK
  5
533
330
532
100
AcDbEntity
  8
0
100
AcDbBlockBegin
  2
*D31
 70
     1
 10
0.0
 20
0.0
 30
0.0
  3
*D31
  1

  0
LINE
  5
535
330
532
100
AcDbEntity
  8
SH-尺寸标注
  6
Continuous
 62
   252
370
     9
100
AcDbLine
 10
28759.63051632279
 20
-18290.25090050829
 30
0.0
 11
28759.63051632279
 21
-18673.58422125046
 31
0.0
  0
LINE
  5
536
330
532
100
AcDbEntity
  8
SH-尺寸标注
  6
Continuous
 62
   252
370
     9
100
AcDbLine
 10
29410.10434632061
 20
-18290.25090050829
 30
0.0
 11
29410.10434632061
 21
-18673.58422125046
 31
0.0
  0
LINE
  5
537
330
532
100
AcDbEntity
  8
SH-尺寸标注
  6
Continuous
 62
   252
370
     9
100
AcDbLine
 10
28712.01146857545
 20
-18625.96517350312
 30
0.0
 11
29457.72339406795
 21
-18625.96517350312
 31
0.0
  0
INSERT
  5
538
330
532
100
AcDbEntity
  8
SH-尺寸标注
 62
   252
370
     9
100
AcDbBlockReference
  2
_ArchTick
 10
28759.63051632279
 20
-18625.96517350312
 30
0.0
 41
35.71428581050463
 42
35.71428581050463
 43
35.71428581050463
 50
180.0
  0
INSERT
  5
539
330
532
100
AcDbEntity
  8
SH-尺寸标注
 62
   252
370
     9
100
AcDbBlockReference
  2
_ArchTick
 10
29410.10434632061
 20
-18625.96517350312
 30
0.0
 41
35.71428581050463
 42
35.71428581050463
 43
35.71428581050463
  0
MTEXT
  5
53A
330
532
100
AcDbEntity
  8
SH-尺寸标注
 62
   134
100
AcDbMText
 10
29084.8674313217
 20
-18510.68958756562
 30
0.0
 40
142.8571432420185
 41
0.0
 46
0.0
 71
     5
 72
     1
  1
\A1;650
 73
     1
 44
1.0
  0
POINT
  5
53B
330
532
100
AcDbEntity
  8
Defpoints
 62
     0
100
AcDbPoint
 10
28759.63051632279
 20
-18290.25090050829
 30
0.0
  0
POINT
  5
53C
330
532
100
AcDbEntity
  8
Defpoints
 62
     0
100
AcDbPoint
 10
29410.10434632061
 20
-18290.25090050829
 30
0.0
  0
POINT
  5
53D
330
532
100
AcDbEntity
  8
Defpoints
 62
     0
100
AcDbPoint
 10
29410.10434632061
 20
-18625.96517350312
 30
0.0
  0
ENDBLK
  5
534
330
532
100
AcDbEntity
  8
0
100
AcDbBlockEnd
  0
BLOCK
  5
53F
330
53E
100
AcDbEntity
  8
0
100
AcDbBlockBegin
  2
*D32
 70
     1
 10
0.0
 20
0.0
 30
0.0
  3
*D32
  1

  0
LINE
  5
541
330
53E
100
AcDbEntity
  8
SH-尺寸标注
  6
Continuous
 62
   252
370
     9
100
AcDbLine
 10
26637.50989775242
 20
-18290.25090050829
 30
0.0
 11
26637.50989775242
 21
-18673.58422125046
 31
0.0
  0
LINE
  5
542
330
53E
100
AcDbEntity
  8
SH-尺寸标注
  6
Continuous
 62
   252
370
     9
100
AcDbLine
 10
28759.63051632279
 20
-18290.25090050829
 30
0.0
 11
28759.63051632279
 21
-18673.58422125046
 31
0.0
  0
LINE
  5
543
330
53E
100
AcDbEntity
  8
SH-尺寸标注
  6
Continuous
 62
   252
370
     9
100
AcDbLine
 10
26589.89085000508
 20
-18625.96517350312
 30
0.0
 11
28807.24956407013
 21
-18625.96517350312
 31
0.0
  0
INSERT
  5
544
330
53E
100
AcDbEntity
  8
SH-尺寸标注
 62
   252
370
     9
100
AcDbBlockReference
  2
_ArchTick
 10
26637.50989775242
 20
-18625.96517350312
 30
0.0
 41
35.71428581050463
 42
35.71428581050463
 43
35.71428581050463
 50
180.0
  0
INSERT
  5
545
330
53E
100
AcDbEntity
  8
SH-尺寸标注
 62
   252
370
     9
100
AcDbBlockReference
  2
_ArchTick
 10
28759.63051632279
 20
-18625.96517350312
 30
0.0
 41
35.71428581050463
 42
35.71428581050463
 43
35.71428581050463
  0
MTEXT
  5
546
330
53E
100
AcDbEntity
  8
SH-尺寸标注
 62
   134
100
AcDbMText
 10
27698.57020703761
 20
-18510.68958756562
 30
0.0
 40
142.8571432420185
 41
0.0
 46
0.0
 71
     5
 72
     1
  1
\A1;2122
 73
     1
 44
1.0
  0
POINT
  5
547
330
53E
100
AcDbEntity
  8
Defpoints
 62
     0
100
AcDbPoint
 10
26637.50989775242
 20
-18290.25090050829
 30
0.0
  0
POINT
  5
548
330
53E
100
AcDbEntity
  8
Defpoints
 62
     0
100
AcDbPoint
 10
28759.63051632279
 20
-18290.25090050829
 30
0.0
  0
POINT
  5
549
330
53E
100
AcDbEntity
  8
Defpoints
 62
     0
100
AcDbPoint
 10
28759.63051632279
 20
-18625.96517350312
 30
0.0
  0
ENDBLK
  5
540
330
53E
100
AcDbEntity
  8
0
100
AcDbBlockEnd
  0
BLOCK
  5
54B
330
54A
100
AcDbEntity
  8
0
100
AcDbBlockBegin
  2
*D33
 70
     1
 10
0.0
 20
0.0
 30
0.0
  3
*D33
  1

  0
LINE
  5
54D
330
54A
100
AcDbEntity
  8
SH-尺寸标注
  6
Continuous
 62
   252
370
     9
100
AcDbLine
 10
26378.89806185119
 20
-18290.25090050829
 30
0.0
 11
26378.89806185119
 21
-18673.58422125046
 31
0.0
  0
LINE
  5
54E
330
54A
100
AcDbEntity
  8
SH-尺寸标注
  6
Continuous
 62
   252
370
     9
100
AcDbLine
 10
26637.50989775242
 20
-18290.25090050829
 30
0.0
 11
26637.50989775242
 21
-18673.58422125046
 31
0.0
  0
LINE
  5
54F
330
54A
100
AcDbEntity
  8
SH-尺寸标注
  6
Continuous
 62
   252
370
     9
100
AcDbLine
 10
26331.27901410386
 20
-18625.96517350312
 30
0.0
 11
26685.12894549976
 21
-18625.96517350312
 31
0.0
  0
INSERT
  5
550
330
54A
100
AcDbEntity
  8
SH-尺寸标注
 62
   252
370
     9
100
AcDbBlockReference
  2
_ArchTick
 10
26378.89806185119
 20
-18625.96517350312
 30
0.0
 41
35.71428581050463
 42
35.71428581050463
 43
35.71428581050463
 50
180.0
  0
INSERT
  5
551
330
54A
100
AcDbEntity
  8
SH-尺寸标注
 62
   252
370
     9
100
AcDbBlockReference
  2
_ArchTick
 10
26637.50989775242
 20
-18625.96517350312
 30
0.0
 41
35.71428581050463
 42
35.71428581050463
 43
35.71428581050463
  0
MTEXT
  5
552
330
54A
100
AcDbEntity
  8
SH-尺寸标注
 62
   134
100
AcDbMText
 10
26508.2039798018
 20
-18741.24075944062
 30
0.0
 40
142.8571432420185
 41
0.0
 46
0.0
 71
     5
 72
     1
  1
\A1;259
 73
     1
 44
1.0
  0
POINT
  5
553
330
54A
100
AcDbEntity
  8
Defpoints
 62
     0
100
AcDbPoint
 10
26378.89806185119
 20
-18290.25090050829
 30
0.0
  0
POINT
  5
554
330
54A
100
AcDbEntity
  8
Defpoints
 62
     0
100
AcDbPoint
 10
26637.50989775242
 20
-18290.25090050829
 30
0.0
  0
POINT
  5
555
330
54A
100
AcDbEntity
  8
Defpoints
 62
     0
100
AcDbPoint
 10
26637.50989775242
 20
-18625.96517350312
 30
0.0
  0
ENDBLK
  5
54C
330
54A
100
AcDbEntity
  8
0
100
AcDbBlockEnd
  0
BLOCK
  5
557
330
556
100
AcDbEntity
  8
0
100
AcDbBlockBegin
  2
*D34
 70
     1
 10
0.0
 20
0.0
 30
0.0
  3
*D34
  1

  0
LINE
  5
559
330
556
100
AcDbEntity
  8
SH-尺寸标注
  6
Continuous
 62
   252
370
     9
100
AcDbLine
 10
26001.68225002473
 20
-18290.25090050829
 30
0.0
 11
26001.68225002473
 21
-18673.58422125046
 31
0.0
  0
LINE
  5
55A
330
556
100
AcDbEntity
  8
SH-尺寸标注
  6
Continuous
 62
   252
370
     9
100
AcDbLine
 10
26378.89806185119
 20
-18290.25090050829
 30
0.0
 11
26378.89806185119
 21
-18673.58422125046
 31
0.0
  0
LINE
  5
55B
330
556
100
AcDbEntity
  8
SH-尺寸标注
  6
Continuous
 62
   252
370
     9
100
AcDbLine
 10
25954.06320227739
 20
-18625.96517350312
 30
0.0
 11
26426.51710959853
 21
-18625.96517350312
 31
0.0
  0
INSERT
  5
55C
330
556
100
AcDbEntity
  8
SH-尺寸标注
 62
   252
370
     9
100
AcDbBlockReference
  2
_ArchTick
 10
26001.68225002473
 20
-18625.96517350312
 30
0.0
 41
35.71428581050463
 42
35.71428581050463
 43
35.71428581050463
 50
180.0
  0
INSERT
  5
55D
330
556
100
AcDbEntity
  8
SH-尺寸标注
 62
   252
370
     9
100
AcDbBlockReference
  2
_ArchTick
 10
26378.89806185119
 20
-18625.96517350312
 30
0.0
 41
35.71428581050463
 42
35.71428581050463
 43
35.71428581050463
  0
MTEXT
  5
55E
330
556
100
AcDbEntity
  8
SH-尺寸标注
 62
   134
100
AcDbMText
 10
26190.29015593796
 20
-18510.68958756562
 30
0.0
 40
142.8571432420185
 41
0.0
 46
0.0
 71
     5
 72
     1
  1
\A1;377
 73
     1
 44
1.0
  0
POINT
  5
55F
330
556
100
AcDbEntity
  8
Defpoints
 62
     0
100
AcDbPoint
 10
26001.68225002473
 20
-18290.25090050829
 30
0.0
  0
POINT
  5
560
330
556
100
AcDbEntity
  8
Defpoints
 62
     0
100
AcDbPoint
 10
26378.89806185119
 20
-18290.25090050829
 30
0.0
  0
POINT
  5
561
330
556
100
AcDbEntity
  8
Defpoints
 62
     0
100
AcDbPoint
 10
26378.89806185119
 20
-18625.96517350312
 30
0.0
  0
ENDBLK
  5
558
330
556
100
AcDbEntity
  8
0
100
AcDbBlockEnd
  0
BLOCK
  5
563
330
562
100
AcDbEntity
  8
0
100
AcDbBlockBegin
  2
*D35
 70
     1
 10
0.0
 20
0.0
 30
0.0
  3
*D35
  1

  0
LINE
  5
565
330
562
100
AcDbEntity
  8
SH-尺寸标注
  6
Continuous
 62
   252
370
     9
100
AcDbLine
 10
26001.68225002473
 20
-18954.52648644579
 30
0.0
 11
26001.68225002473
 21
-19337.85980718796
 31
0.0
  0
LINE
  5
566
330
562
100
AcDbEntity
  8
SH-尺寸标注
  6
Continuous
 62
   252
370
     9
100
AcDbLine
 10
39944.07411044876
 20
-18954.52648644579
 30
0.0
 11
39944.07411044876
 21
-19337.85980718796
 31
0.0
  0
LINE
  5
567
330
562
100
AcDbEntity
  8
SH-尺寸标注
  6
Continuous
 62
   252
370
     9
100
AcDbLine
 10
25954.06320227739
 20
-19290.24075944062
 30
0.0
 11
39991.69315819611
 21
-19290.24075944062
 31
0.0
  0
INSERT
  5
568
330
562
100
AcDbEntity
  8
SH-尺寸标注
 62
   252
370
     9
100
AcDbBlockReference
  2
_ArchTick
 10
26001.68225002473
 20
-19290.24075944062
 30
0.0
 41
35.71428581050463
 42
35.71428581050463
 43
35.71428581050463
 50
180.0
  0
INSERT
  5
569
330
562
100
AcDbEntity
  8
SH-尺寸标注
 62
   252
370
     9
100
AcDbBlockReference
  2
_ArchTick
 10
39944.07411044876
 20
-19290.24075944062
 30
0.0
 41
35.71428581050463
 42
35.71428581050463
 43
35.71428581050463
  0
MTEXT
  5
56A
330
562
100
AcDbEntity
  8
SH-尺寸标注
 62
   134
100
AcDbMText
 10
32972.87818023675
 20
-19174.96517350312
 30
0.0
 40
142.8571432420185
 41
0.0
 46
0.0
 71
     5
 72
     1
  1
\A1;13942
 73
     1
 44
1.0
  0
POINT
  5
56B
330
562
100
AcDbEntity
  8
Defpoints
 62
     0
100
AcDbPoint
 10
26001.68225002473
 20
-18954.52648644579
 30
0.0
  0
POINT
  5
56C
330
562
100
AcDbEntity
  8
Defpoints
 62
     0
100
AcDbPoint
 10
39944.07411044876
 20
-18954.52648644579
 30
0.0
  0
POINT
  5
56D
330
562
100
AcDbEntity
  8
Defpoints
 62
     0
100
AcDbPoint
 10
39944.07411044876
 20
-19290.24075944062
 30
0.0
  0
ENDBLK
  5
564
330
562
100
AcDbEntity
  8
0
100
AcDbBlockEnd
  0
BLOCK
  5
56F
330
56E
100
AcDbEntity
  8
0
100
AcDbBlockBegin
  2
*D36
 70
     1
 10
0.0
 20
0.0
 30
0.0
  3
*D36
  1

  0
LINE
  5
571
330
56E
100
AcDbEntity
  8
SH-尺寸标注
  6
Continuous
 62
   252
370
     9
100
AcDbLine
 10
26001.68225002473
 20
-7386.665937462803
 30
0.0
 11
26001.68225002473
 21
-7003.332616720639
 31
0.0
  0
LINE
  5
572
330
56E
100
AcDbEntity
  8
SH-尺寸标注
  6
Continuous
 62
   252
370
     9
100
AcDbLine
 10
39944.07411044876
 20
-7386.665937462803
 30
0.0
 11
39944.07411044876
 21
-7003.332616720639
 31
0.0
  0
LINE
  5
573
330
56E
100
AcDbEntity
  8
SH-尺寸标注
  6
Continuous
 62
   252
370
     9
100
AcDbLine
 10
25954.06320227739
 20
-7050.951664467978
 30
0.0
 11
39991.69315819611
 21
-7050.951664467978
 31
0.0
  0
INSERT
  5
574
330
56E
100
AcDbEntity
  8
SH-尺寸标注
 62
   252
370
     9
100
AcDbBlockReference
  2
_ArchTick
 10
26001.68225002473
 20
-7050.951664467978
 30
0.0
 41
35.71428581050463
 42
35.71428581050463
 43
35.71428581050463
 50
180.0
  0
INSERT
  5
575
330
56E
100
AcDbEntity
  8
SH-尺寸标注
 62
   252
370
     9
100
AcDbBlockReference
  2
_ArchTick
 10
39944.07411044876
 20
-7050.951664467978
 30
0.0
 41
35.71428581050463
 42
35.71428581050463
 43
35.71428581050463
  0
MTEXT
  5
576
330
56E
100
AcDbEntity
  8
SH-尺寸标注
 62
   134
100
AcDbMText
 10
32972.87818023675
 20
-6935.676078530478
 30
0.0
 40
142.8571432420185
 41
0.0
 46
0.0
 71
     5
 72
     1
  1
\A1;13942
 73
     1
 44
1.0
  0
POINT
  5
577
330
56E
100
AcDbEntity
  8
Defpoints
 62
     0
100
AcDbPoint
 10
26001.68225002473
 20
-7386.665937462803
 30
0.0
  0
POINT
  5
578
330
56E
100
AcDbEntity
  8
Defpoints
 62
     0
100
AcDbPoint
 10
39944.07411044876
 20
-7386.665937462803
 30
0.0
  0
POINT
  5
579
330
56E
100
AcDbEntity
  8
Defpoints
 62
     0
100
AcDbPoint
 10
39944.07411044876
 20
-7050.951664467978
 30
0.0
  0
ENDBLK
  5
570
330
56E
100
AcDbEntity
  8
0
100
AcDbBlockEnd
  0
BLOCK
  5
57B
330
57A
100
AcDbEntity
  8
0
100
AcDbBlockBegin
  2
*D37
 70
     1
 10
0.0
 20
0.0
 30
0.0
  3
*D37
  1

  0
LINE
  5
57D
330
57A
100
AcDbEntity
  8
SH-尺寸标注
  6
Continuous
 62
   252
370
     9
100
AcDbLine
 10
25022.04096926863
 20
-17634.5485914111
 30
0.0
 11
24638.70764852647
 21
-17634.5485914111
 31
0.0
  0
LINE
  5
57E
330
57A
100
AcDbEntity
  8
SH-尺寸标注
  6
Continuous
 62
   252
370
     9
100
AcDbLine
 10
25022.04096926863
 20
-8401.002009744456
 30
0.0
 11
24638.70764852647
 21
-8401.002009744456
 31
0.0
  0
LINE
  5
57F
330
57A
100
AcDbEntity
  8
SH-尺寸标注
  6
Continuous
 62
   252
370
     9
100
AcDbLine
 10
24686.32669627381
 20
-17682.16763915844
 30
0.0
 11
24686.32669627381
 21
-8353.382961997117
 31
0.0
  0
INSERT
  5
580
330
57A
100
AcDbEntity
  8
SH-尺寸标注
 62
   252
370
     9
100
AcDbBlockReference
  2
_ArchTick
 10
24686.32669627381
 20
-17634.5485914111
 30
0.0
 41
35.71428581050463
 42
35.71428581050463
 43
35.71428581050463
 50
270.0
  0
INSERT
  5
581
330
57A
100
AcDbEntity
  8
SH-尺寸标注
 62
   252
370
     9
100
AcDbBlockReference
  2
_ArchTick
 10
24686.32669627381
 20
-8401.002009744456
 30
0.0
 41
35.71428581050463
 42
35.71428581050463
 43
35.71428581050463
 50
90.0
  0
MTEXT
  5
582
330
57A
100
AcDbEntity
  8
SH-尺寸标注
 62
   134
100
AcDbMText
 10
24571.0511103363
 20
-13017.77530057778
 30
0.0
 40
142.8571432420185
 41
0.0
 46
0.0
 71
     5
 72
     1
  1
\A1;9234
 11
0.0
 21
1.0
 31
0.0
 73
     1
 44
1.0
  0
POINT
  5
583
330
57A
100
AcDbEntity
  8
Defpoints
 62
     0
100
AcDbPoint
 10
25022.04096926863
 20
-17634.5485914111
 30
0.0
  0
POINT
  5
584
330
57A
100
AcDbEntity
  8
Defpoints
 62
     0
100
AcDbPoint
 10
25022.04096926863
 20
-8401.002009744456
 30
0.0
  0
POINT
  5
585
330
57A
100
AcDbEntity
  8
Defpoints
 62
     0
100
AcDbPoint
 10
24686.32669627381
 20
-8401.002009744456
 30
0.0
  0
ENDBLK
  5
57C
330
57A
100
AcDbEntity
  8
0
100
AcDbBlockEnd
  0
BLOCK
  5
587
330
586
100
AcDbEntity
  8
0
100
AcDbBlockBegin
  2
*D38
 70
     1
 10
0.0
 20
0.0
 30
0.0
  3
*D38
  1

  0
LINE
  5
589
330
586
100
AcDbEntity
  8
SH-尺寸标注
  6
Continuous
 62
   252
370
     9
100
AcDbLine
 10
41059.07567627153
 20
-17634.5485914111
 30
0.0
 11
41442.40899701369
 21
-17634.5485914111
 31
0.0
  0
LINE
  5
58A
330
586
100
AcDbEntity
  8
SH-尺寸标注
  6
Continuous
 62
   252
370
     9
100
AcDbLine
 10
41059.07567627153
 20
-8401.002009744456
 30
0.0
 11
41442.40899701369
 21
-8401.002009744456
 31
0.0
  0
LINE
  5
58B
330
586
100
AcDbEntity
  8
SH-尺寸标注
  6
Continuous
 62
   252
370
     9
100
AcDbLine
 10
41394.78994926635
 20
-17682.16763915844
 30
0.0
 11
41394.78994926635
 21
-8353.382961997117
 31
0.0
  0
INSERT
  5
58C
330
586
100
AcDbEntity
  8
SH-尺寸标注
 62
   252
370
     9
100
AcDbBlockReference
  2
_ArchTick
 10
41394.78994926635
 20
-17634.5485914111
 30
0.0
 41
35.71428581050463
 42
35.71428581050463
 43
35.71428581050463
 50
270.0
  0
INSERT
  5
58D
330
586
100
AcDbEntity
  8
SH-尺寸标注
 62
   252
370
     9
100
AcDbBlockReference
  2
_ArchTick
 10
41394.78994926635
 20
-8401.002009744456
 30
0.0
 41
35.71428581050463
 42
35.71428581050463
 43
35.71428581050463
 50
90.0
  0
MTEXT
  5
58E
330
586
100
AcDbEntity
  8
SH-尺寸标注
 62
   134
100
AcDbMText
 10
41279.51436332886
 20
-13017.77530057778
 30
0.0
 40
142.8571432420185
 41
0.0
 46
0.0
 71
     5
 72
     1
  1
\A1;9234
 11
0.0
 21
1.0
 31
0.0
 73
     1
 44
1.0
  0
POINT
  5
58F
330
586
100
AcDbEntity
  8
Defpoints
 62
     0
100
AcDbPoint
 10
41059.07567627153
 20
-17634.5485914111
 30
0.0
  0
POINT
  5
590
330
586
100
AcDbEntity
  8
Defpoints
 62
     0
100
AcDbPoint
 10
41059.07567627153
 20
-8401.002009744456
 30
0.0
  0
POINT
  5
591
330
586
100
AcDbEntity
  8
Defpoints
 62
     0
100
AcDbPoint
 10
41394.78994926635
 20
-8401.002009744456
 30
0.0
  0
ENDBLK
  5
588
330
586
100
AcDbEntity
  8
0
100
AcDbBlockEnd
  0
BLOCK
  5
593
330
592
100
AcDbEntity
  8
0
100
AcDbBlockBegin
  2
*D39
 70
     1
 10
0.0
 20
0.0
 30
0.0
  3
*D39
  1

  0
LINE
  5
595
330
592
100
AcDbEntity
  8
SH-尺寸标注
  6
Continuous
 62
   252
370
     9
100
AcDbLine
 10
40826.75689655642
 20
-10520.24959134951
 30
0.0
 11
41210.09021729858
 21
-10520.24959134951
 31
0.0
  0
LINE
  5
596
330
592
100
AcDbEntity
  8
SH-尺寸标注
  6
Continuous
 62
   252
370
     9
100
AcDbLine
 10
40826.75689655642
 20
-8401.002009744454
 30
0.0
 11
41210.09021729858
 21
-8401.002009744454
 31
0.0
  0
LINE
  5
597
330
592
100
AcDbEntity
  8
SH-尺寸标注
  6
Continuous
 62
   252
370
     9
100
AcDbLine
 10
41162.47116955124
 20
-10567.86863909685
 30
0.0
 11
41162.47116955124
 21
-8353.382961997115
 31
0.0
  0
INSERT
  5
598
330
592
100
AcDbEntity
  8
SH-尺寸标注
 62
   252
370
     9
100
AcDbBlockReference
  2
_ArchTick
 10
41162.47116955124
 20
-10520.24959134951
 30
0.0
 41
35.71428581050463
 42
35.71428581050463
 43
35.71428581050463
 50
270.0
  0
INSERT
  5
599
330
592
100
AcDbEntity
  8
SH-尺寸标注
 62
   252
370
     9
100
AcDbBlockReference
  2
_ArchTick
 10
41162.47116955124
 20
-8401.002009744454
 30
0.0
 41
35.71428581050463
 42
35.71428581050463
 43
35.71428581050463
 50
90.0
  0
MTEXT
  5
59A
330
592
100
AcDbEntity
  8
SH-尺寸标注
 62
   134
100
AcDbMText
 10
41047.19558361374
 20
-9460.625800546983
 30
0.0
 40
142.8571432420185
 41
0.0
 46
0.0
 71
     5
 72
     1
  1
\A1;2119
 11
0.0
 21
1.0
 31
0.0
 73
     1
 44
1.0
  0
POINT
  5
59B
330
592
100
AcDbEntity
  8
Defpoints
 62
     0
100
AcDbPoint
 10
40826.75689655642
 20
-10520.24959134951
 30
0.0
  0
POINT
  5
59C
330
592
100
AcDbEntity
  8
Defpoints
 62
     0
100
AcDbPoint
 10
40826.75689655642
 20
-8401.002009744454
 30
0.0
  0
POINT
  5
59D
330
592
100
AcDbEntity
  8
Defpoints
 62
     0
100
AcDbPoint
 10
41162.47116955124
 20
-8401.002009744454
 30
0.0
  0
ENDBLK
  5
594
330
592
100
AcDbEntity
  8
0
100
AcDbBlockEnd
  0
BLOCK
  5
59F
330
59E
100
AcDbEntity
  8
0
100
AcDbBlockBegin
  2
*D40
 70
     1
 10
0.0
 20
0.0
 30
0.0
  3
*D40
  1

  0
LINE
  5
5A1
330
59E
100
AcDbEntity
  8
SH-尺寸标注
  6
Continuous
 62
   252
370
     9
100
AcDbLine
 10
40826.75689655642
 20
-13094.74423197453
 30
0.0
 11
41210.09021729858
 21
-13094.74423197453
 31
0.0
  0
LINE
  5
5A2
330
59E
100
AcDbEntity
  8
SH-尺寸标注
  6
Continuous
 62
   252
370
     9
100
AcDbLine
 10
40826.75689655642
 20
-10760.24959134951
 30
0.0
 11
41210.09021729858
 21
-10760.24959134951
 31
0.0
  0
LINE
  5
5A3
330
59E
100
AcDbEntity
  8
SH-尺寸标注
  6
Continuous
 62
   252
370
     9
100
AcDbLine
 10
41162.47116955124
 20
-13142.36327972187
 30
0.0
 11
41162.47116955124
 21
-10712.63054360217
 31
0.0
  0
INSERT
  5
5A4
330
59E
100
AcDbEntity
  8
SH-尺寸标注
 62
   252
370
     9
100
AcDbBlockReference
  2
_ArchTick
 10
41162.47116955124
 20
-13094.74423197453
 30
0.0
 41
35.71428581050463
 42
35.71428581050463
 43
35.71428581050463
 50
270.0
  0
INSERT
  5
5A5
330
59E
100
AcDbEntity
  8
SH-尺寸标注
 62
   252
370
     9
100
AcDbBlockReference
  2
_ArchTick
 10
41162.47116955124
 20
-10760.24959134951
 30
0.0
 41
35.71428581050463
 42
35.71428581050463
 43
35.71428581050463
 50
90.0
  0
MTEXT
  5
5A6
330
59E
100
AcDbEntity
  8
SH-尺寸标注
 62
   134
100
AcDbMText
 10
41047.19558361374
 20
-11927.49691166202
 30
0.0
 40
142.8571432420185
 41
0.0
 46
0.0
 71
     5
 72
     1
  1
\A1;2334
 11
0.0
 21
1.0
 31
0.0
 73
     1
 44
1.0
  0
POINT
  5
5A7
330
59E
100
AcDbEntity
  8
Defpoints
 62
     0
100
AcDbPoint
 10
40826.75689655642
 20
-13094.74423197453
 30
0.0
  0
POINT
  5
5A8
330
59E
100
AcDbEntity
  8
Defpoints
 62
     0
100
AcDbPoint
 10
40826.75689655642
 20
-10760.24959134951
 30
0.0
  0
POINT
  5
5A9
330
59E
100
AcDbEntity
  8
Defpoints
 62
     0
100
AcDbPoint
 10
41162.47116955124
 20
-10760.24959134951
 30
0.0
  0
ENDBLK
  5
5A0
330
59E
100
AcDbEntity
  8
0
100
AcDbBlockEnd
  0
BLOCK
  5
5AB
330
5AA
100
AcDbEntity
  8
0
100
AcDbBlockBegin
  2
*D41
 70
     1
 10
0.0
 20
0.0
 30
0.0
  3
*D41
  1

  0
LINE
  5
5AD
330
5AA
100
AcDbEntity
  8
SH-尺寸标注
  6
Continuous
 62
   252
370
     9
100
AcDbLine
 10
40826.75689655642
 20
-16694.23027641105
 30
0.0
 11
41210.09021729858
 21
-16694.23027641105
 31
0.0
  0
LINE
  5
5AE
330
5AA
100
AcDbEntity
  8
SH-尺寸标注
  6
Continuous
 62
   252
370
     9
100
AcDbLine
 10
40826.75689655642
 20
-13094.74423197453
 30
0.0
 11
41210.09021729858
 21
-13094.74423197453
 31
0.0
  0
LINE
  5
5AF
330
5AA
100
AcDbEntity
  8
SH-尺寸标注
  6
Continuous
 62
   252
370
     9
100
AcDbLine
 10
41162.47116955124
 20
-16741.84932415839
 30
0.0
 11
41162.47116955124
 21
-13047.1251842272
 31
0.0
  0
INSERT
  5
5B0
330
5AA
100
AcDbEntity
  8
SH-尺寸标注
 62
   252
370
     9
100
AcDbBlockReference
  2
_ArchTick
 10
41162.47116955124
 20
-16694.23027641105
 30
0.0
 41
35.71428581050463
 42
35.71428581050463
 43
35.71428581050463
 50
270.0
  0
INSERT
  5
5B1
330
5AA
100
AcDbEntity
  8
SH-尺寸标注
 62
   252
370
     9
100
AcDbBlockReference
  2
_ArchTick
 10
41162.47116955124
 20
-13094.74423197453
 30
0.0
 41
35.71428581050463
 42
35.71428581050463
 43
35.71428581050463
 50
90.0
  0
MTEXT
  5
5B2
330
5AA
100
AcDbEntity
  8
SH-尺寸标注
 62
   134
100
AcDbMText
 10
41047.19558361374
 20
-14894.48725419279
 30
0.0
 40
142.8571432420185
 41
0.0
 46
0.0
 71
     5
 72
     1
  1
\A1;3599
 11
0.0
 21
1.0
 31
0.0
 73
     1
 44
1.0
  0
POINT
  5
5B3
330
5AA
100
AcDbEntity
  8
Defpoints
 62
     0
100
AcDbPoint
 10
40826.75689655642
 20
-16694.23027641105
 30
0.0
  0
POINT
  5
5B4
330
5AA
100
AcDbEntity
  8
Defpoints
 62
     0
100
AcDbPoint
 10
40826.75689655642
 20
-13094.74423197453
 30
0.0
  0
POINT
  5
5B5
330
5AA
100
AcDbEntity
  8
Defpoints
 62
     0
100
AcDbPoint
 10
41162.47116955124
 20
-13094.74423197453
 30
0.0
  0
ENDBLK
  5
5AC
330
5AA
100
AcDbEntity
  8
0
100
AcDbBlockEnd
  0
BLOCK
  5
5B7
330
5B6
100
AcDbEntity
  8
0
100
AcDbBlockBegin
  2
*D42
 70
     1
 10
0.0
 20
0.0
 30
0.0
  3
*D42
  1

  0
LINE
  5
5B9
330
5B6
100
AcDbEntity
  8
SH-尺寸标注
  6
Continuous
 62
   252
370
     9
100
AcDbLine
 10
40826.75689655642
 20
-17634.5485914111
 30
0.0
 11
41210.09021729858
 21
-17634.5485914111
 31
0.0
  0
LINE
  5
5BA
330
5B6
100
AcDbEntity
  8
SH-尺寸标注
  6
Continuous
 62
   252
370
     9
100
AcDbLine
 10
40826.75689655642
 20
-16694.23027641105
 30
0.0
 11
41210.09021729858
 21
-16694.23027641105
 31
0.0
  0
LINE
  5
5BB
330
5B6
100
AcDbEntity
  8
SH-尺寸标注
  6
Continuous
 62
   252
370
     9
100
AcDbLine
 10
41162.47116955124
 20
-17682.16763915844
 30
0.0
 11
41162.47116955124
 21
-16646.61122866371
 31
0.0
  0
INSERT
  5
5BC
330
5B6
100
AcDbEntity
  8
SH-尺寸标注
 62
   252
370
     9
100
AcDbBlockReference
  2
_ArchTick
 10
41162.47116955124
 20
-17634.5485914111
 30
0.0
 41
35.71428581050463
 42
35.71428581050463
 43
35.71428581050463
 50
270.0
  0
INSERT
  5
5BD
330
5B6
100
AcDbEntity
  8
SH-尺寸标注
 62
   252
370
     9
100
AcDbBlockReference
  2
_ArchTick
 10
41162.47116955124
 20
-16694.23027641105
 30
0.0
 41
35.71428581050463
 42
35.71428581050463
 43
35.71428581050463
 50
90.0
  0
MTEXT
  5
5BE
330
5B6
100
AcDbEntity
  8
SH-尺寸标注
 62
   134
100
AcDbMText
 10
41047.19558361374
 20
-17164.38943391108
 30
0.0
 40
142.8571432420185
 41
0.0
 46
0.0
 71
     5
 72
     1
  1
\A1;940
 11
0.0
 21
1.0
 31
0.0
 73
     1
 44
1.0
  0
POINT
  5
5BF
330
5B6
100
AcDbEntity
  8
Defpoints
 62
     0
100
AcDbPoint
 10
40826.75689655642
 20
-17634.5485914111
 30
0.0
  0
POINT
  5
5C0
330
5B6
100
AcDbEntity
  8
Defpoints
 62
     0
100
AcDbPoint
 10
40826.75689655642
 20
-16694.23027641105
 30
0.0
  0
POINT
  5
5C1
330
5B6
100
AcDbEntity
  8
Defpoints
 62
     0
100
AcDbPoint
 10
41162.47116955124
 20
-16694.23027641105
 30
0.0
  0
ENDBLK
  5
5B8
330
5B6
100
AcDbEntity
  8
0
100
AcDbBlockEnd
  0
BLOCK
  5
5C3
330
5C2
100
AcDbEntity
  8
0
100
AcDbBlockBegin
  2
*D43
 70
     1
 10
0.0
 20
0.0
 30
0.0
  3
*D43
  1

  0
LINE
  5
5C5
330
5C2
100
AcDbEntity
  8
SH-尺寸标注
  6
Continuous
 62
   252
370
     9
100
AcDbLine
 10
25308.31656324903
 20
-9360.033038932334
 30
0.0
 11
24924.98324250687
 21
-9360.033038932334
 31
0.0
  0
LINE
  5
5C6
330
5C2
100
AcDbEntity
  8
SH-尺寸标注
  6
Continuous
 62
   252
370
     9
100
AcDbLine
 10
25308.31656324903
 20
-8401.002009744454
 30
0.0
 11
24924.98324250687
 21
-8401.002009744454
 31
0.0
  0
LINE
  5
5C7
330
5C2
100
AcDbEntity
  8
SH-尺寸标注
  6
Continuous
 62
   252
370
     9
100
AcDbLine
 10
24972.60229025421
 20
-9407.652086679673
 30
0.0
 11
24972.60229025421
 21
-8353.382961997115
 31
0.0
  0
INSERT
  5
5C8
330
5C2
100
AcDbEntity
  8
SH-尺寸标注
 62
   252
370
     9
100
AcDbBlockReference
  2
_ArchTick
 10
24972.60229025421
 20
-9360.033038932334
 30
0.0
 41
35.71428581050463
 42
35.71428581050463
 43
35.71428581050463
 50
270.0
  0
INSERT
  5
5C9
330
5C2
100
AcDbEntity
  8
SH-尺寸标注
 62
   252
370
     9
100
AcDbBlockReference
  2
_ArchTick
 10
24972.60229025421
 20
-8401.002009744454
 30
0.0
 41
35.71428581050463
 42
35.71428581050463
 43
35.71428581050463
 50
90.0
  0
MTEXT
  5
5CA
330
5C2
100
AcDbEntity
  8
SH-尺寸标注
 62
   134
100
AcDbMText
 10
24857.3267043167
 20
-8880.517524338395
 30
0.0
 40
142.8571432420185
 41
0.0
 46
0.0
 71
     5
 72
     1
  1
\A1;959
 11
0.0
 21
1.0
 31
0.0
 73
     1
 44
1.0
  0
POINT
  5
5CB
330
5C2
100
AcDbEntity
  8
Defpoints
 62
     0
100
AcDbPoint
 10
25308.31656324903
 20
-9360.033038932334
 30
0.0
  0
POINT
  5
5CC
330
5C2
100
AcDbEntity
  8
Defpoints
 62
     0
100
AcDbPoint
 10
25308.31656324903
 20
-8401.002009744454
 30
0.0
  0
POINT
  5
5CD
330
5C2
100
AcDbEntity
  8
Defpoints
 62
     0
100
AcDbPoint
 10
24972.60229025421
 20
-8401.002009744454
 30
0.0
  0
ENDBLK
  5
5C4
330
5C2
100
AcDbEntity
  8
0
100
AcDbBlockEnd
  0
BLOCK
  5
5CF
330
5CE
100
AcDbEntity
  8
0
100
AcDbBlockBegin
  2
*D44
 70
     1
 10
0.0
 20
0.0
 30
0.0
  3
*D44
  1

  0
LINE
  5
5D1
330
5CE
100
AcDbEntity
  8
SH-尺寸标注
  6
Continuous
 62
   252
370
     9
100
AcDbLine
 10
25308.31656324903
 20
-11614.220154483
 30
0.0
 11
24924.98324250687
 21
-11614.220154483
 31
0.0
  0
LINE
  5
5D2
330
5CE
100
AcDbEntity
  8
SH-尺寸标注
  6
Continuous
 62
   252
370
     9
100
AcDbLine
 10
25308.31656324903
 20
-9360.033038932334
 30
0.0
 11
24924.98324250687
 21
-9360.033038932334
 31
0.0
  0
LINE
  5
5D3
330
5CE
100
AcDbEntity
  8
SH-尺寸标注
  6
Continuous
 62
   252
370
     9
100
AcDbLine
 10
24972.60229025421
 20
-11661.83920223034
 30
0.0
 11
24972.60229025421
 21
-9312.413991184994
 31
0.0
  0
INSERT
  5
5D4
330
5CE
100
AcDbEntity
  8
SH-尺寸标注
 62
   252
370
     9
100
AcDbBlockReference
  2
_ArchTick
 10
24972.60229025421
 20
-11614.220154483
 30
0.0
 41
35.71428581050463
 42
35.71428581050463
 43
35.71428581050463
 50
270.0
  0
INSERT
  5
5D5
330
5CE
100
AcDbEntity
  8
SH-尺寸标注
 62
   252
370
     9
100
AcDbBlockReference
  2
_ArchTick
 10
24972.60229025421
 20
-9360.033038932334
 30
0.0
 41
35.71428581050463
 42
35.71428581050463
 43
35.71428581050463
 50
90.0
  0
MTEXT
  5
5D6
330
5CE
100
AcDbEntity
  8
SH-尺寸标注
 62
   134
100
AcDbMText
 10
24857.3267043167
 20
-10487.12659670767
 30
0.0
 40
142.8571432420185
 41
0.0
 46
0.0
 71
     5
 72
     1
  1
\A1;2254
 11
0.0
 21
1.0
 31
0.0
 73
     1
 44
1.0
  0
POINT
  5
5D7
330
5CE
100
AcDbEntity
  8
Defpoints
 62
     0
100
AcDbPoint
 10
25308.31656324903
 20
-11614.220154483
 30
0.0
  0
POINT
  5
5D8
330
5CE
100
AcDbEntity
  8
Defpoints
 62
     0
100
AcDbPoint
 10
25308.31656324903
 20
-9360.033038932334
 30
0.0
  0
POINT
  5
5D9
330
5CE
100
AcDbEntity
  8
Defpoints
 62
     0
100
AcDbPoint
 10
24972.60229025421
 20
-9360.033038932334
 30
0.0
  0
ENDBLK
  5
5D0
330
5CE
100
AcDbEntity
  8
0
100
AcDbBlockEnd
  0
BLOCK
  5
5DB
330
5DA
100
AcDbEntity
  8
0
100
AcDbBlockBegin
  2
*D45
 70
     1
 10
0.0
 20
0.0
 30
0.0
  3
*D45
  1

  0
LINE
  5
5DD
330
5DA
100
AcDbEntity
  8
SH-尺寸标注
  6
Continuous
 62
   252
370
     9
100
AcDbLine
 10
25308.31656324903
 20
-17634.5485914111
 30
0.0
 11
24924.98324250687
 21
-17634.5485914111
 31
0.0
  0
LINE
  5
5DE
330
5DA
100
AcDbEntity
  8
SH-尺寸标注
  6
Continuous
 62
   252
370
     9
100
AcDbLine
 10
25308.31656324903
 20
-11734.220154483
 30
0.0
 11
24924.98324250687
 21
-11734.220154483
 31
0.0
  0
LINE
  5
5DF
330
5DA
100
AcDbEntity
  8
SH-尺寸标注
  6
Continuous
 62
   252
370
     9
100
AcDbLine
 10
24972.60229025421
 20
-17682.16763915844
 30
0.0
 11
24972.60229025421
 21
-11686.60110673566
 31
0.0
  0
INSERT
  5
5E0
330
5DA
100
AcDbEntity
  8
SH-尺寸标注
 62
   252
370
     9
100
AcDbBlockReference
  2
_ArchTick
 10
24972.60229025421
 20
-17634.5485914111
 30
0.0
 41
35.71428581050463
 42
35.71428581050463
 43
35.71428581050463
 50
270.0
  0
INSERT
  5
5E1
330
5DA
100
AcDbEntity
  8
SH-尺寸标注
 62
   252
370
     9
100
AcDbBlockReference
  2
_ArchTick
 10
24972.60229025421
 20
-11734.220154483
 30
0.0
 41
35.71428581050463
 42
35.71428581050463
 43
35.71428581050463
 50
90.0
  0
MTEXT
  5
5E2
330
5DA
100
AcDbEntity
  8
SH-尺寸标注
 62
   134
100
AcDbMText
 10
24857.3267043167
 20
-14684.38437294705
 30
0.0
 40
142.8571432420185
 41
0.0
 46
0.0
 71
     5
 72
     1
  1
\A1;5900
 11
0.0
 21
1.0
 31
0.0
 73
     1
 44
1.0
  0
POINT
  5
5E3
330
5DA
100
AcDbEntity
  8
Defpoints
 62
     0
100
AcDbPoint
 10
25308.31656324903
 20
-17634.5485914111
 30
0.0
  0
POINT
  5
5E4
330
5DA
100
AcDbEntity
  8
Defpoints
 62
     0
100
AcDbPoint
 10
25308.31656324903
 20
-11734.220154483
 30
0.0
  0
POINT
  5
5E5
330
5DA
100
AcDbEntity
  8
Defpoints
 62
     0
100
AcDbPoint
 10
24972.60229025421
 20
-11734.220154483
 30
0.0
  0
ENDBLK
  5
5DC
330
5DA
100
AcDbEntity
  8
0
100
AcDbBlockEnd
  0
BLOCK
  5
5E7
330
5E6
100
AcDbEntity
  8
0
100
AcDbBlockBegin
  2
*D46
 70
     1
 10
0.0
 20
0.0
 30
0.0
  3
*D46
  1

  0
LINE
  5
5E9
330
5E6
100
AcDbEntity
  8
SH-尺寸标注
  6
Continuous
 62
   252
370
     9
100
AcDbLine
 10
37624.69355067391
 20
-7672.941523400303
 30
0.0
 11
37624.69355067391
 21
-7289.608202658139
 31
0.0
  0
LINE
  5
5EA
330
5E6
100
AcDbEntity
  8
SH-尺寸标注
  6
Continuous
 62
   252
370
     9
100
AcDbLine
 10
39944.07411044876
 20
-7672.941523400303
 30
0.0
 11
39944.07411044876
 21
-7289.608202658139
 31
0.0
  0
LINE
  5
5EB
330
5E6
100
AcDbEntity
  8
SH-尺寸标注
  6
Continuous
 62
   252
370
     9
100
AcDbLine
 10
37577.07450292657
 20
-7337.227250405478
 30
0.0
 11
39991.69315819611
 21
-7337.227250405478
 31
0.0
  0
INSERT
  5
5EC
330
5E6
100
AcDbEntity
  8
SH-尺寸标注
 62
   252
370
     9
100
AcDbBlockReference
  2
_ArchTick
 10
37624.69355067391
 20
-7337.227250405478
 30
0.0
 41
35.71428581050463
 42
35.71428581050463
 43
35.71428581050463
 50
180.0
  0
INSERT
  5
5ED
330
5E6
100
AcDbEntity
  8
SH-尺寸标注
 62
   252
370
     9
100
AcDbBlockReference
  2
_ArchTick
 10
39944.07411044876
 20
-7337.227250405478
 30
0.0
 41
35.71428581050463
 42
35.71428581050463
 43
35.71428581050463
  0
MTEXT
  5
5EE
330
5E6
100
AcDbEntity
  8
SH-尺寸标注
 62
   134
100
AcDbMText
 10
38784.38383056134
 20
-7221.951664467978
 30
0.0
 40
142.8571432420185
 41
0.0
 46
0.0
 71
     5
 72
     1
  1
\A1;2319
 73
     1
 44
1.0
  0
POINT
  5
5EF
330
5E6
100
AcDbEntity
  8
Defpoints
 62
     0
100
AcDbPoint
 10
37624.69355067391
 20
-7672.941523400303
 30
0.0
  0
POINT
  5
5F0
330
5E6
100
AcDbEntity
  8
Defpoints
 62
     0
100
AcDbPoint
 10
39944.07411044876
 20
-7672.941523400303
 30
0.0
  0
POINT
  5
5F1
330
5E6
100
AcDbEntity
  8
Defpoints
 62
     0
100
AcDbPoint
 10
39944.07411044876
 20
-7337.227250405478
 30
0.0
  0
ENDBLK
  5
5E8
330
5E6
100
AcDbEntity
  8
0
100
AcDbBlockEnd
  0
BLOCK
  5
5F3
330
5F2
100
AcDbEntity
  8
0
100
AcDbBlockBegin
  2
*D47
 70
     1
 10
0.0
 20
0.0
 30
0.0
  3
*D47
  1

  0
LINE
  5
5F5
330
5F2
100
AcDbEntity
  8
SH-尺寸标注
  6
Continuous
 62
   252
370
     9
100
AcDbLine
 10
35147.496664783
 20
-7672.941523400303
 30
0.0
 11
35147.496664783
 21
-7289.608202658139
 31
0.0
  0
LINE
  5
5F6
330
5F2
100
AcDbEntity
  8
SH-尺寸标注
  6
Continuous
 62
   252
370
     9
100
AcDbLine
 10
37384.69355067391
 20
-7672.941523400303
 30
0.0
 11
37384.69355067391
 21
-7289.608202658139
 31
0.0
  0
LINE
  5
5F7
330
5F2
100
AcDbEntity
  8
SH-尺寸标注
  6
Continuous
 62
   252
370
     9
100
AcDbLine
 10
35099.87761703565
 20
-7337.227250405478
 30
0.0
 11
37432.31259842126
 21
-7337.227250405478
 31
0.0
  0
INSERT
  5
5F8
330
5F2
100
AcDbEntity
  8
SH-尺寸标注
 62
   252
370
     9
100
AcDbBlockReference
  2
_ArchTick
 10
35147.496664783
 20
-7337.227250405478
 30
0.0
 41
35.71428581050463
 42
35.71428581050463
 43
35.71428581050463
 50
180.0
  0
INSERT
  5
5F9
330
5F2
100
AcDbEntity
  8
SH-尺寸标注
 62
   252
370
     9
100
AcDbBlockReference
  2
_ArchTick
 10
37384.69355067391
 20
-7337.227250405478
 30
0.0
 41
35.71428581050463
 42
35.71428581050463
 43
35.71428581050463
  0
MTEXT
  5
5FA
330
5F2
100
AcDbEntity
  8
SH-尺寸标注
 62
   134
100
AcDbMText
 10
36266.09510772846
 20
-7221.951664467978
 30
0.0
 40
142.8571432420185
 41
0.0
 46
0.0
 71
     5
 72
     1
  1
\A1;2237
 73
     1
 44
1.0
  0
POINT
  5
5FB
330
5F2
100
AcDbEntity
  8
Defpoints
 62
     0
100
AcDbPoint
 10
35147.496664783
 20
-7672.941523400303
 30
0.0
  0
POINT
  5
5FC
330
5F2
100
AcDbEntity
  8
Defpoints
 62
     0
100
AcDbPoint
 10
37384.69355067391
 20
-7672.941523400303
 30
0.0
  0
POINT
  5
5FD
330
5F2
100
AcDbEntity
  8
Defpoints
 62
     0
100
AcDbPoint
 10
37384.69355067391
 20
-7337.227250405478
 30
0.0
  0
ENDBLK
  5
5F4
330
5F2
100
AcDbEntity
  8
0
100
AcDbBlockEnd
  0
BLOCK
  5
5FF
330
5FE
100
AcDbEntity
  8
0
100
AcDbBlockBegin
  2
*D48
 70
     1
 10
0.0
 20
0.0
 30
0.0
  3
*D48
  1

  0
LINE
  5
601
330
5FE
100
AcDbEntity
  8
SH-尺寸标注
  6
Continuous
 62
   252
370
     9
100
AcDbLine
 10
32273.33471296535
 20
-7672.941523400303
 30
0.0
 11
32273.33471296535
 21
-7289.608202658139
 31
0.0
  0
LINE
  5
602
330
5FE
100
AcDbEntity
  8
SH-尺寸标注
  6
Continuous
 62
   252
370
     9
100
AcDbLine
 10
35147.496664783
 20
-7672.941523400303
 30
0.0
 11
35147.496664783
 21
-7289.608202658139
 31
0.0
  0
LINE
  5
603
330
5FE
100
AcDbEntity
  8
SH-尺寸标注
  6
Continuous
 62
   252
370
     9
100
AcDbLine
 10
32225.71566521801
 20
-7337.227250405478
 30
0.0
 11
35195.11571253034
 21
-7337.227250405478
 31
0.0
  0
INSERT
  5
604
330
5FE
100
AcDbEntity
  8
SH-尺寸标注
 62
   252
370
     9
100
AcDbBlockReference
  2
_ArchTick
 10
32273.33471296535
 20
-7337.227250405478
 30
0.0
 41
35.71428581050463
 42
35.71428581050463
 43
35.71428581050463
 50
180.0
  0
INSERT
  5
605
330
5FE
100
AcDbEntity
  8
SH-尺寸标注
 62
   252
370
     9
100
AcDbBlockReference
  2
_ArchTick
 10
35147.496664783
 20
-7337.227250405478
 30
0.0
 41
35.71428581050463
 42
35.71428581050463
 43
35.71428581050463
  0
MTEXT
  5
606
330
5FE
100
AcDbEntity
  8
SH-尺寸标注
 62
   134
100
AcDbMText
 10
33710.41568887417
 20
-7221.951664467978
 30
0.0
 40
142.8571432420185
 41
0.0
 46
0.0
 71
     5
 72
     1
  1
\A1;2874
 73
     1
 44
1.0
  0
POINT
  5
607
330
5FE
100
AcDbEntity
  8
Defpoints
 62
     0
100
AcDbPoint
 10
32273.33471296535
 20
-7672.941523400303
 30
0.0
  0
POINT
  5
608
330
5FE
100
AcDbEntity
  8
Defpoints
 62
     0
100
AcDbPoint
 10
35147.496664783
 20
-7672.941523400303
 30
0.0
  0
POINT
  5
609
330
5FE
100
AcDbEntity
  8
Defpoints
 62
     0
100
AcDbPoint
 10
35147.496664783
 20
-7337.227250405478
 30
0.0
  0
ENDBLK
  5
600
330
5FE
100
AcDbEntity
  8
0
100
AcDbBlockEnd
  0
BLOCK
  5
60B
330
60A
100
AcDbEntity
  8
0
100
AcDbBlockBegin
  2
*D49
 70
     1
 10
0.0
 20
0.0
 30
0.0
  3
*D49
  1

  0
LINE
  5
60D
330
60A
100
AcDbEntity
  8
SH-尺寸标注
  6
Continuous
 62
   252
370
     9
100
AcDbLine
 10
30870.38797452104
 20
-7672.941523400303
 30
0.0
 11
30870.38797452104
 21
-7289.608202658139
 31
0.0
  0
LINE
  5
60E
330
60A
100
AcDbEntity
  8
SH-尺寸标注
  6
Continuous
 62
   252
370
     9
100
AcDbLine
 10
32033.33471296535
 20
-7672.941523400303
 30
0.0
 11
32033.33471296535
 21
-7289.608202658139
 31
0.0
  0
LINE
  5
60F
330
60A
100
AcDbEntity
  8
SH-尺寸标注
  6
Continuous
 62
   252
370
     9
100
AcDbLine
 10
30822.7689267737
 20
-7337.227250405478
 30
0.0
 11
32080.95376071269
 21
-7337.227250405478
 31
0.0
  0
INSERT
  5
610
330
60A
100
AcDbEntity
  8
SH-尺寸标注
 62
   252
370
     9
100
AcDbBlockReference
  2
_ArchTick
 10
30870.38797452104
 20
-7337.227250405478
 30
0.0
 41
35.71428581050463
 42
35.71428581050463
 43
35.71428581050463
 50
180.0
  0
INSERT
  5
611
330
60A
100
AcDbEntity
  8
SH-尺寸标注
 62
   252
370
     9
100
AcDbBlockReference
  2
_ArchTick
 10
32033.33471296535
 20
-7337.227250405478
 30
0.0
 41
35.71428581050463
 42
35.71428581050463
 43
35.71428581050463
  0
MTEXT
  5
612
330
60A
100
AcDbEntity
  8
SH-尺寸标注
 62
   134
100
AcDbMText
 10
31451.86134374319
 20
-7221.951664467978
 30
0.0
 40
142.8571432420185
 41
0.0
 46
0.0
 71
     5
 72
     1
  1
\A1;1163
 73
     1
 44
1.0
  0
POINT
  5
613
330
60A
100
AcDbEntity
  8
Defpoints
 62
     0
100
AcDbPoint
 10
30870.38797452104
 20
-7672.941523400303
 30
0.0
  0
POINT
  5
614
330
60A
100
AcDbEntity
  8
Defpoints
 62
     0
100
AcDbPoint
 10
32033.33471296535
 20
-7672.941523400303
 30
0.0
  0
POINT
  5
615
330
60A
100
AcDbEntity
  8
Defpoints
 62
     0
100
AcDbPoint
 10
32033.33471296535
 20
-7337.227250405478
 30
0.0
  0
ENDBLK
  5
60C
330
60A
100
AcDbEntity
  8
0
100
AcDbBlockEnd
  0
BLOCK
  5
617
330
616
100
AcDbEntity
  8
0
100
AcDbBlockBegin
  2
*D50
 70
     1
 10
0.0
 20
0.0
 30
0.0
  3
*D50
  1

  0
LINE
  5
619
330
616
100
AcDbEntity
  8
SH-尺寸标注
  6
Continuous
 62
   252
370
     9
100
AcDbLine
 10
28270.98286253755
 20
-7672.941523400303
 30
0.0
 11
28270.98286253755
 21
-7289.608202658139
 31
0.0
  0
LINE
  5
61A
330
616
100
AcDbEntity
  8
SH-尺寸标注
  6
Continuous
 62
   252
370
     9
100
AcDbLine
 10
30630.38797452104
 20
-7672.941523400303
 30
0.0
 11
30630.38797452104
 21
-7289.608202658139
 31
0.0
  0
LINE
  5
61B
330
616
100
AcDbEntity
  8
SH-尺寸标注
  6
Continuous
 62
   252
370
     9
100
AcDbLine
 10
28223.36381479021
 20
-7337.227250405478
 30
0.0
 11
30678.00702226838
 21
-7337.227250405478
 31
0.0
  0
INSERT
  5
61C
330
616
100
AcDbEntity
  8
SH-尺寸标注
 62
   252
370
     9
100
AcDbBlockReference
  2
_ArchTick
 10
28270.98286253755
 20
-7337.227250405478
 30
0.0
 41
35.71428581050463
 42
35.71428581050463
 43
35.71428581050463
 50
180.0
  0
INSERT
  5
61D
330
616
100
AcDbEntity
  8
SH-尺寸标注
 62
   252
370
     9
100
AcDbBlockReference
  2
_ArchTick
 10
30630.38797452104
 20
-7337.227250405478
 30
0.0
 41
35.71428581050463
 42
35.71428581050463
 43
35.71428581050463
  0
MTEXT
  5
61E
330
616
100
AcDbEntity
  8
SH-尺寸标注
 62
   134
100
AcDbMText
 10
29450.6854185293
 20
-7221.951664467978
 30
0.0
 40
142.8571432420185
 41
0.0
 46
0.0
 71
     5
 72
     1
  1
\A1;2359
 73
     1
 44
1.0
  0
POINT
  5
61F
330
616
100
AcDbEntity
  8
Defpoints
 62
     0
100
AcDbPoint
 10
28270.98286253755
 20
-7672.941523400303
 30
0.0
  0
POINT
  5
620
330
616
100
AcDbEntity
  8
Defpoints
 62
     0
100
AcDbPoint
 10
30630.38797452104
 20
-7672.941523400303
 30
0.0
  0
POINT
  5
621
330
616
100
AcDbEntity
  8
Defpoints
 62
     0
100
AcDbPoint
 10
30630.38797452104
 20
-7337.227250405478
 30
0.0
  0
ENDBLK
  5
618
330
616
100
AcDbEntity
  8
0
100
AcDbBlockEnd
  0
BLOCK
  5
623
330
622
100
AcDbEntity
  8
0
100
AcDbBlockBegin
  2
*D51
 70
     1
 10
0.0
 20
0.0
 30
0.0
  3
*D51
  1

  0
LINE
  5
625
330
622
100
AcDbEntity
  8
SH-尺寸标注
  6
Continuous
 62
   252
370
     9
100
AcDbLine
 10
26001.68225002473
 20
-7672.941523400303
 30
0.0
 11
26001.68225002473
 21
-7289.608202658139
 31
0.0
  0
LINE
  5
626
330
622
100
AcDbEntity
  8
SH-尺寸标注
  6
Continuous
 62
   252
370
     9
100
AcDbLine
 10
28030.98286253755
 20
-7672.941523400303
 30
0.0
 11
28030.98286253755
 21
-7289.608202658139
 31
0.0
  0
LINE
  5
627
330
622
100
AcDbEntity
  8
SH-尺寸标注
  6
Continuous
 62
   252
370
     9
100
AcDbLine
 10
25954.06320227739
 20
-7337.227250405478
 30
0.0
 11
28078.60191028489
 21
-7337.227250405478
 31
0.0
  0
INSERT
  5
628
330
622
100
AcDbEntity
  8
SH-尺寸标注
 62
   252
370
     9
100
AcDbBlockReference
  2
_ArchTick
 10
26001.68225002473
 20
-7337.227250405478
 30
0.0
 41
35.71428581050463
 42
35.71428581050463
 43
35.71428581050463
 50
180.0
  0
INSERT
  5
629
330
622
100
AcDbEntity
  8
SH-尺寸标注
 62
   252
370
     9
100
AcDbBlockReference
  2
_ArchTick
 10
28030.98286253755
 20
-7337.227250405478
 30
0.0
 41
35.71428581050463
 42
35.71428581050463
 43
35.71428581050463
  0
MTEXT
  5
62A
330
622
100
AcDbEntity
  8
SH-尺寸标注
 62
   134
100
AcDbMText
 10
27016.33255628114
 20
-7221.951664467978
 30
0.0
 40
142.8571432420185
 41
0.0
 46
0.0
 71
     5
 72
     1
  1
\A1;2029
 73
     1
 44
1.0
  0
POINT
  5
62B
330
622
100
AcDbEntity
  8
Defpoints
 62
     0
100
AcDbPoint
 10
26001.68225002473
 20
-7672.941523400303
 30
0.0
  0
POINT
  5
62C
330
622
100
AcDbEntity
  8
Defpoints
 62
     0
100
AcDbPoint
 10
28030.98286253755
 20
-7672.941523400303
 30
0.0
  0
POINT
  5
62D
330
622
100
AcDbEntity
  8
Defpoints
 62
     0
100
AcDbPoint
 10
28030.98286253755
 20
-7337.227250405478
 30
0.0
  0
ENDBLK
  5
624
330
622
100
AcDbEntity
  8
0
100
AcDbBlockEnd
  0
BLOCK
  5
62F
330
62E
100
AcDbEntity
  8
0
100
AcDbBlockBegin
  2
*D52
 70
     1
 10
0.0
 20
0.0
 30
0.0
  3
*D52
  1

  0
LINE
  5
631
330
62E
100
AcDbEntity
  8
SH-尺寸标注
  6
Continuous
 62
   252
370
     9
100
AcDbLine
 10
37624.69355067391
 20
-18721.52648644579
 30
0.0
 11
37624.69355067391
 21
-19104.85980718796
 31
0.0
  0
LINE
  5
632
330
62E
100
AcDbEntity
  8
SH-尺寸标注
  6
Continuous
 62
   252
370
     9
100
AcDbLine
 10
39944.07411044876
 20
-18721.52648644579
 30
0.0
 11
39944.07411044876
 21
-19104.85980718796
 31
0.0
  0
LINE
  5
633
330
62E
100
AcDbEntity
  8
SH-尺寸标注
  6
Continuous
 62
   252
370
     9
100
AcDbLine
 10
37577.07450292657
 20
-19057.24075944062
 30
0.0
 11
39991.69315819611
 21
-19057.24075944062
 31
0.0
  0
INSERT
  5
634
330
62E
100
AcDbEntity
  8
SH-尺寸标注
 62
   252
370
     9
100
AcDbBlockReference
  2
_ArchTick
 10
37624.69355067391
 20
-19057.24075944062
 30
0.0
 41
35.71428581050463
 42
35.71428581050463
 43
35.71428581050463
 50
180.0
  0
INSERT
  5
635
330
62E
100
AcDbEntity
  8
SH-尺寸标注
 62
   252
370
     9
100
AcDbBlockReference
  2
_ArchTick
 10
39944.07411044876
 20
-19057.24075944062
 30
0.0
 41
35.71428581050463
 42
35.71428581050463
 43
35.71428581050463
  0
MTEXT
  5
636
330
62E
100
AcDbEntity
  8
SH-尺寸标注
 62
   134
100
AcDbMText
 10
38784.38383056134
 20
-18941.96517350312
 30
0.0
 40
142.8571432420185
 41
0.0
 46
0.0
 71
     5
 72
     1
  1
\A1;2319
 73
     1
 44
1.0
  0
POINT
  5
637
330
62E
100
AcDbEntity
  8
Defpoints
 62
     0
100
AcDbPoint
 10
37624.69355067391
 20
-18721.52648644579
 30
0.0
  0
POINT
  5
638
330
62E
100
AcDbEntity
  8
Defpoints
 62
     0
100
AcDbPoint
 10
39944.07411044876
 20
-18721.52648644579
 30
0.0
  0
POINT
  5
639
330
62E
100
AcDbEntity
  8
Defpoints
 62
     0
100
AcDbPoint
 10
39944.07411044876
 20
-19057.24075944062
 30
0.0
  0
ENDBLK
  5
630
330
62E
100
AcDbEntity
  8
0
100
AcDbBlockEnd
  0
BLOCK
  5
63B
330
63A
100
AcDbEntity
  8
0
100
AcDbBlockBegin
  2
*D53
 70
     1
 10
0.0
 20
0.0
 30
0.0
  3
*D53
  1

  0
LINE
  5
63D
330
63A
100
AcDbEntity
  8
SH-尺寸标注
  6
Continuous
 62
   252
370
     9
100
AcDbLine
 10
32273.33471296535
 20
-18721.52648644579
 30
0.0
 11
32273.33471296535
 21
-19104.85980718796
 31
0.0
  0
LINE
  5
63E
330
63A
100
AcDbEntity
  8
SH-尺寸标注
  6
Continuous
 62
   252
370
     9
100
AcDbLine
 10
37384.69355067391
 20
-18721.52648644579
 30
0.0
 11
37384.69355067391
 21
-19104.85980718796
 31
0.0
  0
LINE
  5
63F
330
63A
100
AcDbEntity
  8
SH-尺寸标注
  6
Continuous
 62
   252
370
     9
100
AcDbLine
 10
32225.71566521801
 20
-19057.24075944062
 30
0.0
 11
37432.31259842126
 21
-19057.24075944062
 31
0.0
  0
INSERT
  5
640
330
63A
100
AcDbEntity
  8
SH-尺寸标注
 62
   252
370
     9
100
AcDbBlockReference
  2
_ArchTick
 10
32273.33471296535
 20
-19057.24075944062
 30
0.0
 41
35.71428581050463
 42
35.71428581050463
 43
35.71428581050463
 50
180.0
  0
INSERT
  5
641
330
63A
100
AcDbEntity
  8
SH-尺寸标注
 62
   252
370
     9
100
AcDbBlockReference
  2
_ArchTick
 10
37384.69355067391
 20
-19057.24075944062
 30
0.0
 41
35.71428581050463
 42
35.71428581050463
 43
35.71428581050463
  0
MTEXT
  5
642
330
63A
100
AcDbEntity
  8
SH-尺寸标注
 62
   134
100
AcDbMText
 10
34829.01413181963
 20
-18941.96517350312
 30
0.0
 40
142.8571432420185
 41
0.0
 46
0.0
 71
     5
 72
     1
  1
\A1;5111
 73
     1
 44
1.0
  0
POINT
  5
643
330
63A
100
AcDbEntity
  8
Defpoints
 62
     0
100
AcDbPoint
 10
32273.33471296535
 20
-18721.52648644579
 30
0.0
  0
POINT
  5
644
330
63A
100
AcDbEntity
  8
Defpoints
 62
     0
100
AcDbPoint
 10
37384.69355067391
 20
-18721.52648644579
 30
0.0
  0
POINT
  5
645
330
63A
100
AcDbEntity
  8
Defpoints
 62
     0
100
AcDbPoint
 10
37384.69355067391
 20
-19057.24075944062
 30
0.0
  0
ENDBLK
  5
63C
330
63A
100
AcDbEntity
  8
0
100
AcDbBlockEnd
  0
BLOCK
  5
647
330
646
100
AcDbEntity
  8
0
100
AcDbBlockBegin
  2
*D54
 70
     1
 10
0.0
 20
0.0
 30
0.0
  3
*D54
  1

  0
LINE
  5
649
330
646
100
AcDbEntity
  8
SH-尺寸标注
  6
Continuous
 62
   252
370
     9
100
AcDbLine
 10
29650.10434632061
 20
-18721.52648644579
 30
0.0
 11
29650.10434632061
 21
-19104.85980718796
 31
0.0
  0
LINE
  5
64A
330
646
100
AcDbEntity
  8
SH-尺寸标注
  6
Continuous
 62
   252
370
     9
100
AcDbLine
 10
32033.33471296535
 20
-18721.52648644579
 30
0.0
 11
32033.33471296535
 21
-19104.85980718796
 31
0.0
  0
LINE
  5
64B
330
646
100
AcDbEntity
  8
SH-尺寸标注
  6
Continuous
 62
   252
370
     9
100
AcDbLine
 10
29602.48529857327
 20
-19057.24075944062
 30
0.0
 11
32080.95376071269
 21
-19057.24075944062
 31
0.0
  0
INSERT
  5
64C
330
646
100
AcDbEntity
  8
SH-尺寸标注
 62
   252
370
     9
100
AcDbBlockReference
  2
_ArchTick
 10
29650.10434632061
 20
-19057.24075944062
 30
0.0
 41
35.71428581050463
 42
35.71428581050463
 43
35.71428581050463
 50
180.0
  0
INSERT
  5
64D
330
646
100
AcDbEntity
  8
SH-尺寸标注
 62
   252
370
     9
100
AcDbBlockReference
  2
_ArchTick
 10
32033.33471296535
 20
-19057.24075944062
 30
0.0
 41
35.71428581050463
 42
35.71428581050463
 43
35.71428581050463
  0
MTEXT
  5
64E
330
646
100
AcDbEntity
  8
SH-尺寸标注
 62
   134
100
AcDbMText
 10
30841.71952964298
 20
-18941.96517350312
 30
0.0
 40
142.8571432420185
 41
0.0
 46
0.0
 71
     5
 72
     1
  1
\A1;2383
 73
     1
 44
1.0
  0
POINT
  5
64F
330
646
100
AcDbEntity
  8
Defpoints
 62
     0
100
AcDbPoint
 10
29650.10434632061
 20
-18721.52648644579
 30
0.0
  0
POINT
  5
650
330
646
100
AcDbEntity
  8
Defpoints
 62
     0
100
AcDbPoint
 10
32033.33471296535
 20
-18721.52648644579
 30
0.0
  0
POINT
  5
651
330
646
100
AcDbEntity
  8
Defpoints
 62
     0
100
AcDbPoint
 10
32033.33471296535
 20
-19057.24075944062
 30
0.0
  0
ENDBLK
  5
648
330
646
100
AcDbEntity
  8
0
100
AcDbBlockEnd
  0
BLOCK
  5
653
330
652
100
AcDbEntity
  8
0
100
AcDbBlockBegin
  2
*D55
 70
     1
 10
0.0
 20
0.0
 30
0.0
  3
*D55
  1

  0
LINE
  5
655
330
652
100
AcDbEntity
  8
SH-尺寸标注
  6
Continuous
 62
   252
370
     9
100
AcDbLine
 10
26001.68225002473
 20
-18721.52648644579
 30
0.0
 11
26001.68225002473
 21
-19104.85980718796
 31
0.0
  0
LINE
  5
656
330
652
100
AcDbEntity
  8
SH-尺寸标注
  6
Continuous
 62
   252
370
     9
100
AcDbLine
 10
29410.10434632061
 20
-18721.52648644579
 30
0.0
 11
29410.10434632061
 21
-19104.85980718796
 31
0.0
  0
LINE
  5
657
330
652
100
AcDbEntity
  8
SH-尺寸标注
  6
Continuous
 62
   252
370
     9
100
AcDbLine
 10
25954.06320227739
 20
-19057.24075944062
 30
0.0
 11
29457.72339406795
 21
-19057.24075944062
 31
0.0
  0
INSERT
  5
658
330
652
100
AcDbEntity
  8
SH-尺寸标注
 62
   252
370
     9
100
AcDbBlockReference
  2
_ArchTick
 10
26001.68225002473
 20
-19057.24075944062
 30
0.0
 41
35.71428581050463
 42
35.71428581050463
 43
35.71428581050463
 50
180.0
  0
INSERT
  5
659
330
652
100
AcDbEntity
  8
SH-尺寸标注
 62
   252
370
     9
100
AcDbBlockReference
  2
_ArchTick
 10
29410.10434632061
 20
-19057.24075944062
 30
0.0
 41
35.71428581050463
 42
35.71428581050463
 43
35.71428581050463
  0
MTEXT
  5
65A
330
652
100
AcDbEntity
  8
SH-尺寸标注
 62
   134
100
AcDbMText
 10
27705.89329817267
 20
-18941.96517350312
 30
0.0
 40
142.8571432420185
 41
0.0
 46
0.0
 71
     5
 72
     1
  1
\A1;3408
 73
     1
 44
1.0
  0
POINT
  5
65B
330
652
100
AcDbEntity
  8
Defpoints
 62
     0
100
AcDbPoint
 10
26001.68225002473
 20
-18721.52648644579
 30
0.0
  0
POINT
  5
65C
330
652
100
AcDbEntity
  8
Defpoints
 62
     0
100
AcDbPoint
 10
29410.10434632061
 20
-18721.52648644579
 30
0.0
  0
POINT
  5
65D
330
652
100
AcDbEntity
  8
Defpoints
 62
     0
100
AcDbPoint
 10
29410.10434632061
 20
-19057.24075944062
 30
0.0
  0
ENDBLK
  5
654
330
652
100
AcDbEntity
  8
0
100
AcDbBlockEnd
  0
BLOCK
  5
65F
330
65E
100
AcDbEntity
  8
0
100
AcDbBlockBegin
  2
*D56
 70
     1
 10
0.0
 20
0.0
 30
0.0
  3
*D56
  1

  0
LINE
  5
661
330
65E
100
AcDbEntity
  8
SH-尺寸标注
  6
Continuous
 62
   252
370
     9
100
AcDbLine
 10
17592.81484931232
 20
-10511.99678735776
 30
0.0
 11
17976.14817005448
 21
-10511.99678735776
 31
0.0
  0
LINE
  5
662
330
65E
100
AcDbEntity
  8
SH-尺寸标注
  6
Continuous
 62
   252
370
     9
100
AcDbLine
 10
17592.81484931232
 20
-8392.749205752702
 30
0.0
 11
17976.14817005448
 21
-8392.749205752702
 31
0.0
  0
LINE
  5
663
330
65E
100
AcDbEntity
  8
SH-尺寸标注
  6
Continuous
 62
   252
370
     9
100
AcDbLine
 10
17928.52912230714
 20
-10559.6158351051
 30
0.0
 11
17928.52912230714
 21
-8345.130158005362
 31
0.0
  0
INSERT
  5
664
330
65E
100
AcDbEntity
  8
SH-尺寸标注
 62
   252
370
     9
100
AcDbBlockReference
  2
_ArchTick
 10
17928.52912230714
 20
-10511.99678735776
 30
0.0
 41
35.71428581050463
 42
35.71428581050463
 43
35.71428581050463
 50
270.0
  0
INSERT
  5
665
330
65E
100
AcDbEntity
  8
SH-尺寸标注
 62
   252
370
     9
100
AcDbBlockReference
  2
_ArchTick
 10
17928.52912230714
 20
-8392.749205752702
 30
0.0
 41
35.71428581050463
 42
35.71428581050463
 43
35.71428581050463
 50
90.0
  0
MTEXT
  5
666
330
65E
100
AcDbEntity
  8
SH-尺寸标注
 62
   134
100
AcDbMText
 10
17813.25353636965
 20
-9452.372996555228
 30
0.0
 40
142.8571432420185
 41
0.0
 46
0.0
 71
     5
 72
     1
  1
\A1;2119
 11
0.0
 21
1.0
 31
0.0
 73
     1
 44
1.0
  0
POINT
  5
667
330
65E
100
AcDbEntity
  8
Defpoints
 62
     0
100
AcDbPoint
 10
17592.81484931232
 20
-10511.99678735776
 30
0.0
  0
POINT
  5
668
330
65E
100
AcDbEntity
  8
Defpoints
 62
     0
100
AcDbPoint
 10
17592.81484931232
 20
-8392.749205752702
 30
0.0
  0
POINT
  5
669
330
65E
100
AcDbEntity
  8
Defpoints
 62
     0
100
AcDbPoint
 10
17928.52912230714
 20
-8392.749205752702
 30
0.0
  0
ENDBLK
  5
660
330
65E
100
AcDbEntity
  8
0
100
AcDbBlockEnd
  0
BLOCK
  5
66B
330
66A
100
AcDbEntity
  8
0
100
AcDbBlockBegin
  2
*D57
 70
     1
 10
0.0
 20
0.0
 30
0.0
  3
*D57
  1

  0
LINE
  5
66D
330
66A
100
AcDbEntity
  8
SH-尺寸标注
  6
Continuous
 62
   252
370
     9
100
AcDbLine
 10
17592.81484931232
 20
-11394.31617617636
 30
0.0
 11
17976.14817005448
 21
-11394.31617617636
 31
0.0
  0
LINE
  5
66E
330
66A
100
AcDbEntity
  8
SH-尺寸标注
  6
Continuous
 62
   252
370
     9
100
AcDbLine
 10
17592.81484931232
 20
-10751.99678735776
 30
0.0
 11
17976.14817005448
 21
-10751.99678735776
 31
0.0
  0
LINE
  5
66F
330
66A
100
AcDbEntity
  8
SH-尺寸标注
  6
Continuous
 62
   252
370
     9
100
AcDbLine
 10
17928.52912230714
 20
-11441.9352239237
 30
0.0
 11
17928.52912230714
 21
-10704.37773961042
 31
0.0
  0
INSERT
  5
670
330
66A
100
AcDbEntity
  8
SH-尺寸标注
 62
   252
370
     9
100
AcDbBlockReference
  2
_ArchTick
 10
17928.52912230714
 20
-11394.31617617636
 30
0.0
 41
35.71428581050463
 42
35.71428581050463
 43
35.71428581050463
 50
270.0
  0
INSERT
  5
671
330
66A
100
AcDbEntity
  8
SH-尺寸标注
 62
   252
370
     9
100
AcDbBlockReference
  2
_ArchTick
 10
17928.52912230714
 20
-10751.99678735776
 30
0.0
 41
35.71428581050463
 42
35.71428581050463
 43
35.71428581050463
 50
90.0
  0
MTEXT
  5
672
330
66A
100
AcDbEntity
  8
SH-尺寸标注
 62
   134
100
AcDbMText
 10
17813.25353636965
 20
-11073.15648176706
 30
0.0
 40
142.8571432420185
 41
0.0
 46
0.0
 71
     5
 72
     1
  1
\A1;642
 11
0.0
 21
1.0
 31
0.0
 73
     1
 44
1.0
  0
POINT
  5
673
330
66A
100
AcDbEntity
  8
Defpoints
 62
     0
100
AcDbPoint
 10
17592.81484931232
 20
-11394.31617617636
 30
0.0
  0
POINT
  5
674
330
66A
100
AcDbEntity
  8
Defpoints
 62
     0
100
AcDbPoint
 10
17592.81484931232
 20
-10751.99678735776
 30
0.0
  0
POINT
  5
675
330
66A
100
AcDbEntity
  8
Defpoints
 62
     0
100
AcDbPoint
 10
17928.52912230714
 20
-10751.99678735776
 30
0.0
  0
ENDBLK
  5
66C
330
66A
100
AcDbEntity
  8
0
100
AcDbBlockEnd
  0
BLOCK
  5
677
330
676
100
AcDbEntity
  8
0
100
AcDbBlockBegin
  2
*D58
 70
     1
 10
0.0
 20
0.0
 30
0.0
  3
*D58
  1

  0
LINE
  5
679
330
676
100
AcDbEntity
  8
SH-尺寸标注
  6
Continuous
 62
   252
370
     9
100
AcDbLine
 10
17592.81484931232
 20
-13086.49142798278
 30
0.0
 11
17976.14817005448
 21
-13086.49142798278
 31
0.0
  0
LINE
  5
67A
330
676
100
AcDbEntity
  8
SH-尺寸标注
  6
Continuous
 62
   252
370
     9
100
AcDbLine
 10
17592.81484931232
 20
-11394.31617617636
 30
0.0
 11
17976.14817005448
 21
-11394.31617617636
 31
0.0
  0
LINE
  5
67B
330
676
100
AcDbEntity
  8
SH-尺寸标注
  6
Continuous
 62
   252
370
     9
100
AcDbLine
 10
17928.52912230714
 20
-13134.11047573012
 30
0.0
 11
17928.52912230714
 21
-11346.69712842902
 31
0.0
  0
INSERT
  5
67C
330
676
100
AcDbEntity
  8
SH-尺寸标注
 62
   252
370
     9
100
AcDbBlockReference
  2
_ArchTick
 10
17928.52912230714
 20
-13086.49142798278
 30
0.0
 41
35.71428581050463
 42
35.71428581050463
 43
35.71428581050463
 50
270.0
  0
INSERT
  5
67D
330
676
100
AcDbEntity
  8
SH-尺寸标注
 62
   252
370
     9
100
AcDbBlockReference
  2
_ArchTick
 10
17928.52912230714
 20
-11394.31617617636
 30
0.0
 41
35.71428581050463
 42
35.71428581050463
 43
35.71428581050463
 50
90.0
  0
MTEXT
  5
67E
330
676
100
AcDbEntity
  8
SH-尺寸标注
 62
   134
100
AcDbMText
 10
17813.25353636965
 20
-12240.40380207957
 30
0.0
 40
142.8571432420185
 41
0.0
 46
0.0
 71
     5
 72
     1
  1
\A1;1692
 11
0.0
 21
1.0
 31
0.0
 73
     1
 44
1.0
  0
POINT
  5
67F
330
676
100
AcDbEntity
  8
Defpoints
 62
     0
100
AcDbPoint
 10
17592.81484931232
 20
-13086.49142798278
 30
0.0
  0
POINT
  5
680
330
676
100
AcDbEntity
  8
Defpoints
 62
     0
100
AcDbPoint
 10
17592.81484931232
 20
-11394.31617617636
 30
0.0
  0
POINT
  5
681
330
676
100
AcDbEntity
  8
Defpoints
 62
     0
100
AcDbPoint
 10
17928.52912230714
 20
-11394.31617617636
 30
0.0
  0
ENDBLK
  5
678
330
676
100
AcDbEntity
  8
0
100
AcDbBlockEnd
  0
BLOCK
  5
683
330
682
100
AcDbEntity
  8
0
100
AcDbBlockBegin
  2
*D59
 70
     1
 10
0.0
 20
0.0
 30
0.0
  3
*D59
  1

  0
LINE
  5
685
330
682
100
AcDbEntity
  8
SH-尺寸标注
  6
Continuous
 62
   252
370
     9
100
AcDbLine
 10
17592.81484931232
 20
-16685.9774724193
 30
0.0
 11
17976.14817005448
 21
-16685.9774724193
 31
0.0
  0
LINE
  5
686
330
682
100
AcDbEntity
  8
SH-尺寸标注
  6
Continuous
 62
   252
370
     9
100
AcDbLine
 10
17592.81484931232
 20
-13086.49142798278
 30
0.0
 11
17976.14817005448
 21
-13086.49142798278
 31
0.0
  0
LINE
  5
687
330
682
100
AcDbEntity
  8
SH-尺寸标注
  6
Continuous
 62
   252
370
     9
100
AcDbLine
 10
17928.52912230714
 20
-16733.59652016664
 30
0.0
 11
17928.52912230714
 21
-13038.87238023544
 31
0.0
  0
INSERT
  5
688
330
682
100
AcDbEntity
  8
SH-尺寸标注
 62
   252
370
     9
100
AcDbBlockReference
  2
_ArchTick
 10
17928.52912230714
 20
-16685.9774724193
 30
0.0
 41
35.71428581050463
 42
35.71428581050463
 43
35.71428581050463
 50
270.0
  0
INSERT
  5
689
330
682
100
AcDbEntity
  8
SH-尺寸标注
 62
   252
370
     9
100
AcDbBlockReference
  2
_ArchTick
 10
17928.52912230714
 20
-13086.49142798278
 30
0.0
 41
35.71428581050463
 42
35.71428581050463
 43
35.71428581050463
 50
90.0
  0
MTEXT
  5
68A
330
682
100
AcDbEntity
  8
SH-尺寸标注
 62
   134
100
AcDbMText
 10
17813.25353636965
 20
-14886.23445020104
 30
0.0
 40
142.8571432420185
 41
0.0
 46
0.0
 71
     5
 72
     1
  1
\A1;3599
 11
0.0
 21
1.0
 31
0.0
 73
     1
 44
1.0
  0
POINT
  5
68B
330
682
100
AcDbEntity
  8
Defpoints
 62
     0
100
AcDbPoint
 10
17592.81484931232
 20
-16685.9774724193
 30
0.0
  0
POINT
  5
68C
330
682
100
AcDbEntity
  8
Defpoints
 62
     0
100
AcDbPoint
 10
17592.81484931232
 20
-13086.49142798278
 30
0.0
  0
POINT
  5
68D
330
682
100
AcDbEntity
  8
Defpoints
 62
     0
100
AcDbPoint
 10
17928.52912230714
 20
-13086.49142798278
 30
0.0
  0
ENDBLK
  5
684
330
682
100
AcDbEntity
  8
0
100
AcDbBlockEnd
  0
BLOCK
  5
68F
330
68E
100
AcDbEntity
  8
0
100
AcDbBlockBegin
  2
*D60
 70
     1
 10
0.0
 20
0.0
 30
0.0
  3
*D60
  1

  0
LINE
  5
691
330
68E
100
AcDbEntity
  8
SH-尺寸标注
  6
Continuous
 62
   252
370
     9
100
AcDbLine
 10
17592.81484931232
 20
-17626.29578741935
 30
0.0
 11
17976.14817005448
 21
-17626.29578741935
 31
0.0
  0
LINE
  5
692
330
68E
100
AcDbEntity
  8
SH-尺寸标注
  6
Continuous
 62
   252
370
     9
100
AcDbLine
 10
17592.81484931232
 20
-16685.9774724193
 30
0.0
 11
17976.14817005448
 21
-16685.9774724193
 31
0.0
  0
LINE
  5
693
330
68E
100
AcDbEntity
  8
SH-尺寸标注
  6
Continuous
 62
   252
370
     9
100
AcDbLine
 10
17928.52912230714
 20
-17673.91483516669
 30
0.0
 11
17928.52912230714
 21
-16638.35842467196
 31
0.0
  0
INSERT
  5
694
330
68E
100
AcDbEntity
  8
SH-尺寸标注
 62
   252
370
     9
100
AcDbBlockReference
  2
_ArchTick
 10
17928.52912230714
 20
-17626.29578741935
 30
0.0
 41
35.71428581050463
 42
35.71428581050463
 43
35.71428581050463
 50
270.0
  0
INSERT
  5
695
330
68E
100
AcDbEntity
  8
SH-尺寸标注
 62
   252
370
     9
100
AcDbBlockReference
  2
_ArchTick
 10
17928.52912230714
 20
-16685.9774724193
 30
0.0
 41
35.71428581050463
 42
35.71428581050463
 43
35.71428581050463
 50
90.0
  0
MTEXT
  5
696
330
68E
100
AcDbEntity
  8
SH-尺寸标注
 62
   134
100
AcDbMText
 10
17813.25353636965
 20
-17156.13662991932
 30
0.0
 40
142.8571432420185
 41
0.0
 46
0.0
 71
     5
 72
     1
  1
\A1;940
 11
0.0
 21
1.0
 31
0.0
 73
     1
 44
1.0
  0
POINT
  5
697
330
68E
100
AcDbEntity
  8
Defpoints
 62
     0
100
AcDbPoint
 10
17592.81484931232
 20
-17626.29578741935
 30
0.0
  0
POINT
  5
698
330
68E
100
AcDbEntity
  8
Defpoints
 62
     0
100
AcDbPoint
 10
17592.81484931232
 20
-16685.9774724193
 30
0.0
  0
POINT
  5
699
330
68E
100
AcDbEntity
  8
Defpoints
 62
     0
100
AcDbPoint
 10
17928.52912230714
 20
-16685.9774724193
 30
0.0
  0
ENDBLK
  5
690
330
68E
100
AcDbEntity
  8
0
100
AcDbBlockEnd
  0
BLOCK
  5
69B
330
69A
100
AcDbEntity
  8
0
100
AcDbBlockBegin
  2
*D61
 70
     1
 10
0.0
 20
0.0
 30
0.0
  3
*D61
  1

  0
LINE
  5
69D
330
69A
100
AcDbEntity
  8
SH-尺寸标注
  6
Continuous
 62
   252
370
     9
100
AcDbLine
 10
2594.852984188621
 20
-8685.97209925567
 30
0.0
 11
2211.519663446457
 21
-8685.97209925567
 31
0.0
  0
LINE
  5
69E
330
69A
100
AcDbEntity
  8
SH-尺寸标注
  6
Continuous
 62
   252
370
     9
100
AcDbLine
 10
2594.852984188621
 20
-8392.749205752702
 30
0.0
 11
2211.519663446457
 21
-8392.749205752702
 31
0.0
  0
LINE
  5
69F
330
69A
100
AcDbEntity
  8
SH-尺寸标注
  6
Continuous
 62
   252
370
     9
100
AcDbLine
 10
2259.138711193797
 20
-8733.59114700301
 30
0.0
 11
2259.138711193797
 21
-8345.130158005362
 31
0.0
  0
INSERT
  5
6A0
330
69A
100
AcDbEntity
  8
SH-尺寸标注
 62
   252
370
     9
100
AcDbBlockReference
  2
_ArchTick
 10
2259.138711193797
 20
-8685.97209925567
 30
0.0
 41
35.71428581050463
 42
35.71428581050463
 43
35.71428581050463
 50
270.0
  0
INSERT
  5
6A1
330
69A
100
AcDbEntity
  8
SH-尺寸标注
 62
   252
370
     9
100
AcDbBlockReference
  2
_ArchTick
 10
2259.138711193797
 20
-8392.749205752702
 30
0.0
 41
35.71428581050463
 42
35.71428581050463
 43
35.71428581050463
 50
90.0
  0
MTEXT
  5
6A2
330
69A
100
AcDbEntity
  8
SH-尺寸标注
 62
   134
100
AcDbMText
 10
2143.863125256296
 20
-8539.360652504185
 30
0.0
 40
142.8571432420185
 41
0.0
 46
0.0
 71
     5
 72
     1
  1
\A1;293
 11
0.0
 21
1.0
 31
0.0
 73
     1
 44
1.0
  0
POINT
  5
6A3
330
69A
100
AcDbEntity
  8
Defpoints
 62
     0
100
AcDbPoint
 10
2594.852984188621
 20
-8685.97209925567
 30
0.0
  0
POINT
  5
6A4
330
69A
100
AcDbEntity
  8
Defpoints
 62
     0
100
AcDbPoint
 10
2594.852984188621
 20
-8392.749205752702
 30
0.0
  0
POINT
  5
6A5
330
69A
100
AcDbEntity
  8
Defpoints
 62
     0
100
AcDbPoint
 10
2259.138711193797
 20
-8392.749205752702
 30
0.0
  0
ENDBLK
  5
69C
330
69A
100
AcDbEntity
  8
0
100
AcDbBlockEnd
  0
BLOCK
  5
6A7
330
6A6
100
AcDbEntity
  8
0
100
AcDbBlockBegin
  2
*D62
 70
     1
 10
0.0
 20
0.0
 30
0.0
  3
*D62
  1

  0
LINE
  5
6A9
330
6A6
100
AcDbEntity
  8
SH-尺寸标注
  6
Continuous
 62
   252
370
     9
100
AcDbLine
 10
2594.852984188621
 20
-9351.78023494058
 30
0.0
 11
2211.519663446457
 21
-9351.78023494058
 31
0.0
  0
LINE
  5
6AA
330
6A6
100
AcDbEntity
  8
SH-尺寸标注
  6
Continuous
 62
   252
370
     9
100
AcDbLine
 10
2594.852984188621
 20
-8685.97209925567
 30
0.0
 11
2211.519663446457
 21
-8685.97209925567
 31
0.0
  0
LINE
  5
6AB
330
6A6
100
AcDbEntity
  8
SH-尺寸标注
  6
Continuous
 62
   252
370
     9
100
AcDbLine
 10
2259.138711193797
 20
-9399.399282687918
 30
0.0
 11
2259.138711193797
 21
-8638.353051508331
 31
0.0
  0
INSERT
  5
6AC
330
6A6
100
AcDbEntity
  8
SH-尺寸标注
 62
   252
370
     9
100
AcDbBlockReference
  2
_ArchTick
 10
2259.138711193797
 20
-9351.78023494058
 30
0.0
 41
35.71428581050463
 42
35.71428581050463
 43
35.71428581050463
 50
270.0
  0
INSERT
  5
6AD
330
6A6
100
AcDbEntity
  8
SH-尺寸标注
 62
   252
370
     9
100
AcDbBlockReference
  2
_ArchTick
 10
2259.138711193797
 20
-8685.97209925567
 30
0.0
 41
35.71428581050463
 42
35.71428581050463
 43
35.71428581050463
 50
90.0
  0
MTEXT
  5
6AE
330
6A6
100
AcDbEntity
  8
SH-尺寸标注
 62
   134
100
AcDbMText
 10
2143.863125256296
 20
-9018.876167098126
 30
0.0
 40
142.8571432420185
 41
0.0
 46
0.0
 71
     5
 72
     1
  1
\A1;666
 11
0.0
 21
1.0
 31
0.0
 73
     1
 44
1.0
  0
POINT
  5
6AF
330
6A6
100
AcDbEntity
  8
Defpoints
 62
     0
100
AcDbPoint
 10
2594.852984188621
 20
-9351.78023494058
 30
0.0
  0
POINT
  5
6B0
330
6A6
100
AcDbEntity
  8
Defpoints
 62
     0
100
AcDbPoint
 10
2594.852984188621
 20
-8685.97209925567
 30
0.0
  0
POINT
  5
6B1
330
6A6
100
AcDbEntity
  8
Defpoints
 62
     0
100
AcDbPoint
 10
2259.138711193797
 20
-8685.97209925567
 30
0.0
  0
ENDBLK
  5
6A8
330
6A6
100
AcDbEntity
  8
0
100
AcDbBlockEnd
  0
BLOCK
  5
6B3
330
6B2
100
AcDbEntity
  8
0
100
AcDbBlockBegin
  2
*D63
 70
     1
 10
0.0
 20
0.0
 30
0.0
  3
*D63
  1

  0
LINE
  5
6B5
330
6B2
100
AcDbEntity
  8
SH-尺寸标注
  6
Continuous
 62
   252
370
     9
100
AcDbLine
 10
2594.852984188621
 20
-9607.806519938405
 30
0.0
 11
2211.519663446457
 21
-9607.806519938405
 31
0.0
  0
LINE
  5
6B6
330
6B2
100
AcDbEntity
  8
SH-尺寸标注
  6
Continuous
 62
   252
370
     9
100
AcDbLine
 10
2594.852984188621
 20
-9351.78023494058
 30
0.0
 11
2211.519663446457
 21
-9351.78023494058
 31
0.0
  0
LINE
  5
6B7
330
6B2
100
AcDbEntity
  8
SH-尺寸标注
  6
Continuous
 62
   252
370
     9
100
AcDbLine
 10
2259.138711193797
 20
-9655.425567685745
 30
0.0
 11
2259.138711193797
 21
-9304.16118719324
 31
0.0
  0
INSERT
  5
6B8
330
6B2
100
AcDbEntity
  8
SH-尺寸标注
 62
   252
370
     9
100
AcDbBlockReference
  2
_ArchTick
 10
2259.138711193797
 20
-9607.806519938405
 30
0.0
 41
35.71428581050463
 42
35.71428581050463
 43
35.71428581050463
 50
270.0
  0
INSERT
  5
6B9
330
6B2
100
AcDbEntity
  8
SH-尺寸标注
 62
   252
370
     9
100
AcDbBlockReference
  2
_ArchTick
 10
2259.138711193797
 20
-9351.78023494058
 30
0.0
 41
35.71428581050463
 42
35.71428581050463
 43
35.71428581050463
 50
90.0
  0
MTEXT
  5
6BA
330
6B2
100
AcDbEntity
  8
SH-尺寸标注
 62
   134
100
AcDbMText
 10
2143.863125256296
 20
-9479.793377439491
 30
0.0
 40
142.8571432420185
 41
0.0
 46
0.0
 71
     5
 72
     1
  1
\A1;256
 11
0.0
 21
1.0
 31
0.0
 73
     1
 44
1.0
  0
POINT
  5
6BB
330
6B2
100
AcDbEntity
  8
Defpoints
 62
     0
100
AcDbPoint
 10
2594.852984188621
 20
-9607.806519938405
 30
0.0
  0
POINT
  5
6BC
330
6B2
100
AcDbEntity
  8
Defpoints
 62
     0
100
AcDbPoint
 10
2594.852984188621
 20
-9351.78023494058
 30
0.0
  0
POINT
  5
6BD
330
6B2
100
AcDbEntity
  8
Defpoints
 62
     0
100
AcDbPoint
 10
2259.138711193797
 20
-9351.78023494058
 30
0.0
  0
ENDBLK
  5
6B4
330
6B2
100
AcDbEntity
  8
0
100
AcDbBlockEnd
  0
BLOCK
  5
6BF
330
6BE
100
AcDbEntity
  8
0
100
AcDbBlockBegin
  2
*D64
 70
     1
 10
0.0
 20
0.0
 30
0.0
  3
*D64
  1

  0
LINE
  5
6C1
330
6BE
100
AcDbEntity
  8
SH-尺寸标注
  6
Continuous
 62
   252
370
     9
100
AcDbLine
 10
2594.852984188621
 20
-11605.96735049125
 30
0.0
 11
2211.519663446457
 21
-11605.96735049125
 31
0.0
  0
LINE
  5
6C2
330
6BE
100
AcDbEntity
  8
SH-尺寸标注
  6
Continuous
 62
   252
370
     9
100
AcDbLine
 10
2594.852984188621
 20
-9607.806519938405
 30
0.0
 11
2211.519663446457
 21
-9607.806519938405
 31
0.0
  0
LINE
  5
6C3
330
6BE
100
AcDbEntity
  8
SH-尺寸标注
  6
Continuous
 62
   252
370
     9
100
AcDbLine
 10
2259.138711193797
 20
-11653.58639823859
 30
0.0
 11
2259.138711193797
 21
-9560.187472191066
 31
0.0
  0
INSERT
  5
6C4
330
6BE
100
AcDbEntity
  8
SH-尺寸标注
 62
   252
370
     9
100
AcDbBlockReference
  2
_ArchTick
 10
2259.138711193797
 20
-11605.96735049125
 30
0.0
 41
35.71428581050463
 42
35.71428581050463
 43
35.71428581050463
 50
270.0
  0
INSERT
  5
6C5
330
6BE
100
AcDbEntity
  8
SH-尺寸标注
 62
   252
370
     9
100
AcDbBlockReference
  2
_ArchTick
 10
2259.138711193797
 20
-9607.806519938405
 30
0.0
 41
35.71428581050463
 42
35.71428581050463
 43
35.71428581050463
 50
90.0
  0
MTEXT
  5
6C6
330
6BE
100
AcDbEntity
  8
SH-尺寸标注
 62
   134
100
AcDbMText
 10
2143.863125256296
 20
-10606.88693521483
 30
0.0
 40
142.8571432420185
 41
0.0
 46
0.0
 71
     5
 72
     1
  1
\A1;1998
 11
0.0
 21
1.0
 31
0.0
 73
     1
 44
1.0
  0
POINT
  5
6C7
330
6BE
100
AcDbEntity
  8
Defpoints
 62
     0
100
AcDbPoint
 10
2594.852984188621
 20
-11605.96735049125
 30
0.0
  0
POINT
  5
6C8
330
6BE
100
AcDbEntity
  8
Defpoints
 62
     0
100
AcDbPoint
 10
2594.852984188621
 20
-9607.806519938405
 30
0.0
  0
POINT
  5
6C9
330
6BE
100
AcDbEntity
  8
Defpoints
 62
     0
100
AcDbPoint
 10
2259.138711193797
 20
-9607.806519938405
 30
0.0
  0
ENDBLK
  5
6C0
330
6BE
100
AcDbEntity
  8
0
100
AcDbBlockEnd
  0
BLOCK
  5
6CB
330
6CA
100
AcDbEntity
  8
0
100
AcDbBlockBegin
  2
*D65
 70
     1
 10
0.0
 20
0.0
 30
0.0
  3
*D65
  1

  0
LINE
  5
6CD
330
6CA
100
AcDbEntity
  8
SH-尺寸标注
  6
Continuous
 62
   252
370
     9
100
AcDbLine
 10
2594.852984188621
 20
-17249.07997559288
 30
0.0
 11
2211.519663446457
 21
-17249.07997559288
 31
0.0
  0
LINE
  5
6CE
330
6CA
100
AcDbEntity
  8
SH-尺寸标注
  6
Continuous
 62
   252
370
     9
100
AcDbLine
 10
2594.852984188621
 20
-11725.96735049125
 30
0.0
 11
2211.519663446457
 21
-11725.96735049125
 31
0.0
  0
LINE
  5
6CF
330
6CA
100
AcDbEntity
  8
SH-尺寸标注
  6
Continuous
 62
   252
370
     9
100
AcDbLine
 10
2259.138711193797
 20
-17296.69902334022
 30
0.0
 11
2259.138711193797
 21
-11678.34830274391
 31
0.0
  0
INSERT
  5
6D0
330
6CA
100
AcDbEntity
  8
SH-尺寸标注
 62
   252
370
     9
100
AcDbBlockReference
  2
_ArchTick
 10
2259.138711193797
 20
-17249.07997559288
 30
0.0
 41
35.71428581050463
 42
35.71428581050463
 43
35.71428581050463
 50
270.0
  0
INSERT
  5
6D1
330
6CA
100
AcDbEntity
  8
SH-尺寸标注
 62
   252
370
     9
100
AcDbBlockReference
  2
_ArchTick
 10
2259.138711193797
 20
-11725.96735049125
 30
0.0
 41
35.71428581050463
 42
35.71428581050463
 43
35.71428581050463
 50
90.0
  0
MTEXT
  5
6D2
330
6CA
100
AcDbEntity
  8
SH-尺寸标注
 62
   134
100
AcDbMText
 10
2143.863125256296
 20
-14487.52366304206
 30
0.0
 40
142.8571432420185
 41
0.0
 46
0.0
 71
     5
 72
     1
  1
\A1;5523
 11
0.0
 21
1.0
 31
0.0
 73
     1
 44
1.0
  0
POINT
  5
6D3
330
6CA
100
AcDbEntity
  8
Defpoints
 62
     0
100
AcDbPoint
 10
2594.852984188621
 20
-17249.07997559288
 30
0.0
  0
POINT
  5
6D4
330
6CA
100
AcDbEntity
  8
Defpoints
 62
     0
100
AcDbPoint
 10
2594.852984188621
 20
-11725.96735049125
 30
0.0
  0
POINT
  5
6D5
330
6CA
100
AcDbEntity
  8
Defpoints
 62
     0
100
AcDbPoint
 10
2259.138711193797
 20
-11725.96735049125
 30
0.0
  0
ENDBLK
  5
6CC
330
6CA
100
AcDbEntity
  8
0
100
AcDbBlockEnd
  0
BLOCK
  5
6D7
330
6D6
100
AcDbEntity
  8
0
100
AcDbBlockBegin
  2
*D66
 70
     1
 10
0.0
 20
0.0
 30
0.0
  3
*D66
  1

  0
LINE
  5
6D9
330
6D6
100
AcDbEntity
  8
SH-尺寸标注
  6
Continuous
 62
   252
370
     9
100
AcDbLine
 10
2594.852984188621
 20
-17626.29578741935
 30
0.0
 11
2211.519663446457
 21
-17626.29578741935
 31
0.0
  0
LINE
  5
6DA
330
6D6
100
AcDbEntity
  8
SH-尺寸标注
  6
Continuous
 62
   252
370
     9
100
AcDbLine
 10
2594.852984188621
 20
-17249.07997559288
 30
0.0
 11
2211.519663446457
 21
-17249.07997559288
 31
0.0
  0
LINE
  5
6DB
330
6D6
100
AcDbEntity
  8
SH-尺寸标注
  6
Continuous
 62
   252
370
     9
100
AcDbLine
 10
2259.138711193797
 20
-17673.91483516669
 30
0.0
 11
2259.138711193797
 21
-17201.46092784554
 31
0.0
  0
INSERT
  5
6DC
330
6D6
100
AcDbEntity
  8
SH-尺寸标注
 62
   252
370
     9
100
AcDbBlockReference
  2
_ArchTick
 10
2259.138711193797
 20
-17626.29578741935
 30
0.0
 41
35.71428581050463
 42
35.71428581050463
 43
35.71428581050463
 50
270.0
  0
INSERT
  5
6DD
330
6D6
100
AcDbEntity
  8
SH-尺寸标注
 62
   252
370
     9
100
AcDbBlockReference
  2
_ArchTick
 10
2259.138711193797
 20
-17249.07997559288
 30
0.0
 41
35.71428581050463
 42
35.71428581050463
 43
35.71428581050463
 50
90.0
  0
MTEXT
  5
6DE
330
6D6
100
AcDbEntity
  8
SH-尺寸标注
 62
   134
100
AcDbMText
 10
2143.863125256296
 20
-17437.68788150611
 30
0.0
 40
142.8571432420185
 41
0.0
 46
0.0
 71
     5
 72
     1
  1
\A1;377
 11
0.0
 21
1.0
 31
0.0
 73
     1
 44
1.0
  0
POINT
  5
6DF
330
6D6
100
AcDbEntity
  8
Defpoints
 62
     0
100
AcDbPoint
 10
2594.852984188621
 20
-17626.29578741935
 30
0.0
  0
POINT
  5
6E0
330
6D6
100
AcDbEntity
  8
Defpoints
 62
     0
100
AcDbPoint
 10
2594.852984188621
 20
-17249.07997559288
 30
0.0
  0
POINT
  5
6E1
330
6D6
100
AcDbEntity
  8
Defpoints
 62
     0
100
AcDbPoint
 10
2259.138711193797
 20
-17249.07997559288
 30
0.0
  0
ENDBLK
  5
6D8
330
6D6
100
AcDbEntity
  8
0
100
AcDbBlockEnd
  0
BLOCK
  5
6E3
330
6E2
100
AcDbEntity
  8
0
100
AcDbBlockBegin
  2
*D67
 70
     1
 10
0.0
 20
0.0
 30
0.0
  3
*D67
  1

  0
LINE
  5
6E5
330
6E2
100
AcDbEntity
  8
SH-尺寸标注
  6
Continuous
 62
   252
370
     9
100
AcDbLine
 10
14633.95481777114
 20
-7986.669892797163
 30
0.0
 11
14633.95481777114
 21
-7603.336572054999
 31
0.0
  0
LINE
  5
6E6
330
6E2
100
AcDbEntity
  8
SH-尺寸标注
  6
Continuous
 62
   252
370
     9
100
AcDbLine
 10
16953.33537754599
 20
-7986.669892797163
 30
0.0
 11
16953.33537754599
 21
-7603.336572054999
 31
0.0
  0
LINE
  5
6E7
330
6E2
100
AcDbEntity
  8
SH-尺寸标注
  6
Continuous
 62
   252
370
     9
100
AcDbLine
 10
14586.3357700238
 20
-7650.955619802338
 30
0.0
 11
17000.95442529333
 21
-7650.955619802338
 31
0.0
  0
INSERT
  5
6E8
330
6E2
100
AcDbEntity
  8
SH-尺寸标注
 62
   252
370
     9
100
AcDbBlockReference
  2
_ArchTick
 10
14633.95481777114
 20
-7650.955619802338
 30
0.0
 41
35.71428581050463
 42
35.71428581050463
 43
35.71428581050463
 50
180.0
  0
INSERT
  5
6E9
330
6E2
100
AcDbEntity
  8
SH-尺寸标注
 62
   252
370
     9
100
AcDbBlockReference
  2
_ArchTick
 10
16953.33537754599
 20
-7650.955619802338
 30
0.0
 41
35.71428581050463
 42
35.71428581050463
 43
35.71428581050463
  0
MTEXT
  5
6EA
330
6E2
100
AcDbEntity
  8
SH-尺寸标注
 62
   134
100
AcDbMText
 10
15793.64509765857
 20
-7535.680033864838
 30
0.0
 40
142.8571432420185
 41
0.0
 46
0.0
 71
     5
 72
     1
  1
\A1;2319
 73
     1
 44
1.0
  0
POINT
  5
6EB
330
6E2
100
AcDbEntity
  8
Defpoints
 62
     0
100
AcDbPoint
 10
14633.95481777114
 20
-7986.669892797163
 30
0.0
  0
POINT
  5
6EC
330
6E2
100
AcDbEntity
  8
Defpoints
 62
     0
100
AcDbPoint
 10
16953.33537754599
 20
-7986.669892797163
 30
0.0
  0
POINT
  5
6ED
330
6E2
100
AcDbEntity
  8
Defpoints
 62
     0
100
AcDbPoint
 10
16953.33537754599
 20
-7650.955619802338
 30
0.0
  0
ENDBLK
  5
6E4
330
6E2
100
AcDbEntity
  8
0
100
AcDbBlockEnd
  0
BLOCK
  5
6EF
330
6EE
100
AcDbEntity
  8
0
100
AcDbBlockBegin
  2
*D68
 70
     1
 10
0.0
 20
0.0
 30
0.0
  3
*D68
  1

  0
LINE
  5
6F1
330
6EE
100
AcDbEntity
  8
SH-尺寸标注
  6
Continuous
 62
   252
370
     9
100
AcDbLine
 10
13821.41980270436
 20
-7986.669892797163
 30
0.0
 11
13821.41980270436
 21
-7603.336572054999
 31
0.0
  0
LINE
  5
6F2
330
6EE
100
AcDbEntity
  8
SH-尺寸标注
  6
Continuous
 62
   252
370
     9
100
AcDbLine
 10
14393.95481777114
 20
-7986.669892797163
 30
0.0
 11
14393.95481777114
 21
-7603.336572054999
 31
0.0
  0
LINE
  5
6F3
330
6EE
100
AcDbEntity
  8
SH-尺寸标注
  6
Continuous
 62
   252
370
     9
100
AcDbLine
 10
13773.80075495702
 20
-7650.955619802338
 30
0.0
 11
14441.57386551848
 21
-7650.955619802338
 31
0.0
  0
INSERT
  5
6F4
330
6EE
100
AcDbEntity
  8
SH-尺寸标注
 62
   252
370
     9
100
AcDbBlockReference
  2
_ArchTick
 10
13821.41980270436
 20
-7650.955619802338
 30
0.0
 41
35.71428581050463
 42
35.71428581050463
 43
35.71428581050463
 50
180.0
  0
INSERT
  5
6F5
330
6EE
100
AcDbEntity
  8
SH-尺寸标注
 62
   252
370
     9
100
AcDbBlockReference
  2
_ArchTick
 10
14393.95481777114
 20
-7650.955619802338
 30
0.0
 41
35.71428581050463
 42
35.71428581050463
 43
35.71428581050463
  0
MTEXT
  5
6F6
330
6EE
100
AcDbEntity
  8
SH-尺寸标注
 62
   134
100
AcDbMText
 10
14107.68731023775
 20
-7535.680033864838
 30
0.0
 40
142.8571432420185
 41
0.0
 46
0.0
 71
     5
 72
     1
  1
\A1;573
 73
     1
 44
1.0
  0
POINT
  5
6F7
330
6EE
100
AcDbEntity
  8
Defpoints
 62
     0
100
AcDbPoint
 10
13821.41980270436
 20
-7986.669892797163
 30
0.0
  0
POINT
  5
6F8
330
6EE
100
AcDbEntity
  8
Defpoints
 62
     0
100
AcDbPoint
 10
14393.95481777114
 20
-7986.669892797163
 30
0.0
  0
POINT
  5
6F9
330
6EE
100
AcDbEntity
  8
Defpoints
 62
     0
100
AcDbPoint
 10
14393.95481777114
 20
-7650.955619802338
 30
0.0
  0
ENDBLK
  5
6F0
330
6EE
100
AcDbEntity
  8
0
100
AcDbBlockEnd
  0
BLOCK
  5
6FB
330
6FA
100
AcDbEntity
  8
0
100
AcDbBlockBegin
  2
*D69
 70
     1
 10
0.0
 20
0.0
 30
0.0
  3
*D69
  1

  0
LINE
  5
6FD
330
6FA
100
AcDbEntity
  8
SH-尺寸标注
  6
Continuous
 62
   252
370
     9
100
AcDbLine
 10
12479.8531455653
 20
-7986.669892797163
 30
0.0
 11
12479.8531455653
 21
-7603.336572054999
 31
0.0
  0
LINE
  5
6FE
330
6FA
100
AcDbEntity
  8
SH-尺寸标注
  6
Continuous
 62
   252
370
     9
100
AcDbLine
 10
13821.41980270436
 20
-7986.669892797163
 30
0.0
 11
13821.41980270436
 21
-7603.336572054999
 31
0.0
  0
LINE
  5
6FF
330
6FA
100
AcDbEntity
  8
SH-尺寸标注
  6
Continuous
 62
   252
370
     9
100
AcDbLine
 10
12432.23409781796
 20
-7650.955619802338
 30
0.0
 11
13869.0388504517
 21
-7650.955619802338
 31
0.0
  0
INSERT
  5
700
330
6FA
100
AcDbEntity
  8
SH-尺寸标注
 62
   252
370
     9
100
AcDbBlockReference
  2
_ArchTick
 10
12479.8531455653
 20
-7650.955619802338
 30
0.0
 41
35.71428581050463
 42
35.71428581050463
 43
35.71428581050463
 50
180.0
  0
INSERT
  5
701
330
6FA
100
AcDbEntity
  8
SH-尺寸标注
 62
   252
370
     9
100
AcDbBlockReference
  2
_ArchTick
 10
13821.41980270436
 20
-7650.955619802338
 30
0.0
 41
35.71428581050463
 42
35.71428581050463
 43
35.71428581050463
  0
MTEXT
  5
702
330
6FA
100
AcDbEntity
  8
SH-尺寸标注
 62
   134
100
AcDbMText
 10
13150.63647413483
 20
-7535.680033864838
 30
0.0
 40
142.8571432420185
 41
0.0
 46
0.0
 71
     5
 72
     1
  1
\A1;1342
 73
     1
 44
1.0
  0
POINT
  5
703
330
6FA
100
AcDbEntity
  8
Defpoints
 62
     0
100
AcDbPoint
 10
12479.8531455653
 20
-7986.669892797163
 30
0.0
  0
POINT
  5
704
330
6FA
100
AcDbEntity
  8
Defpoints
 62
     0
100
AcDbPoint
 10
13821.41980270436
 20
-7986.669892797163
 30
0.0
  0
POINT
  5
705
330
6FA
100
AcDbEntity
  8
Defpoints
 62
     0
100
AcDbPoint
 10
13821.41980270436
 20
-7650.955619802338
 30
0.0
  0
ENDBLK
  5
6FC
330
6FA
100
AcDbEntity
  8
0
100
AcDbBlockEnd
  0
BLOCK
  5
707
330
706
100
AcDbEntity
  8
0
100
AcDbBlockBegin
  2
*D70
 70
     1
 10
0.0
 20
0.0
 30
0.0
  3
*D70
  1

  0
LINE
  5
709
330
706
100
AcDbEntity
  8
SH-尺寸标注
  6
Continuous
 62
   252
370
     9
100
AcDbLine
 10
12156.75793188022
 20
-7986.669892797163
 30
0.0
 11
12156.75793188022
 21
-7603.336572054999
 31
0.0
  0
LINE
  5
70A
330
706
100
AcDbEntity
  8
SH-尺寸标注
  6
Continuous
 62
   252
370
     9
100
AcDbLine
 10
12479.8531455653
 20
-7986.669892797163
 30
0.0
 11
12479.8531455653
 21
-7603.336572054999
 31
0.0
  0
LINE
  5
70B
330
706
100
AcDbEntity
  8
SH-尺寸标注
  6
Continuous
 62
   252
370
     9
100
AcDbLine
 10
12109.13888413288
 20
-7650.955619802338
 30
0.0
 11
12527.47219331264
 21
-7650.955619802338
 31
0.0
  0
INSERT
  5
70C
330
706
100
AcDbEntity
  8
SH-尺寸标注
 62
   252
370
     9
100
AcDbBlockReference
  2
_ArchTick
 10
12156.75793188022
 20
-7650.955619802338
 30
0.0
 41
35.71428581050463
 42
35.71428581050463
 43
35.71428581050463
 50
180.0
  0
INSERT
  5
70D
330
706
100
AcDbEntity
  8
SH-尺寸标注
 62
   252
370
     9
100
AcDbBlockReference
  2
_ArchTick
 10
12479.8531455653
 20
-7650.955619802338
 30
0.0
 41
35.71428581050463
 42
35.71428581050463
 43
35.71428581050463
  0
MTEXT
  5
70E
330
706
100
AcDbEntity
  8
SH-尺寸标注
 62
   134
100
AcDbMText
 10
12318.30553872276
 20
-7535.680033864838
 30
0.0
 40
142.8571432420185
 41
0.0
 46
0.0
 71
     5
 72
     1
  1
\A1;323
 73
     1
 44
1.0
  0
POINT
  5
70F
330
706
100
AcDbEntity
  8
Defpoints
 62
     0
100
AcDbPoint
 10
12156.75793188022
 20
-7986.669892797163
 30
0.0
  0
POINT
  5
710
330
706
100
AcDbEntity
  8
Defpoints
 62
     0
100
AcDbPoint
 10
12479.8531455653
 20
-7986.669892797163
 30
0.0
  0
POINT
  5
711
330
706
100
AcDbEntity
  8
Defpoints
 62
     0
100
AcDbPoint
 10
12479.8531455653
 20
-7650.955619802338
 30
0.0
  0
ENDBLK
  5
708
330
706
100
AcDbEntity
  8
0
100
AcDbBlockEnd
  0
BLOCK
  5
713
330
712
100
AcDbEntity
  8
0
100
AcDbBlockBegin
  2
*D71
 70
     1
 10
0.0
 20
0.0
 30
0.0
  3
*D71
  1

  0
LINE
  5
715
330
712
100
AcDbEntity
  8
SH-尺寸标注
  6
Continuous
 62
   252
370
     9
100
AcDbLine
 10
11286.39673931061
 20
-7986.669892797163
 30
0.0
 11
11286.39673931061
 21
-7603.336572054999
 31
0.0
  0
LINE
  5
716
330
712
100
AcDbEntity
  8
SH-尺寸标注
  6
Continuous
 62
   252
370
     9
100
AcDbLine
 10
12156.75793188022
 20
-7986.669892797163
 30
0.0
 11
12156.75793188022
 21
-7603.336572054999
 31
0.0
  0
LINE
  5
717
330
712
100
AcDbEntity
  8
SH-尺寸标注
  6
Continuous
 62
   252
370
     9
100
AcDbLine
 10
11238.77769156327
 20
-7650.955619802338
 30
0.0
 11
12204.37697962756
 21
-7650.955619802338
 31
0.0
  0
INSERT
  5
718
330
712
100
AcDbEntity
  8
SH-尺寸标注
 62
   252
370
     9
100
AcDbBlockReference
  2
_ArchTick
 10
11286.39673931061
 20
-7650.955619802338
 30
0.0
 41
35.71428581050463
 42
35.71428581050463
 43
35.71428581050463
 50
180.0
  0
INSERT
  5
719
330
712
100
AcDbEntity
  8
SH-尺寸标注
 62
   252
370
     9
100
AcDbBlockReference
  2
_ArchTick
 10
12156.75793188022
 20
-7650.955619802338
 30
0.0
 41
35.71428581050463
 42
35.71428581050463
 43
35.71428581050463
  0
MTEXT
  5
71A
330
712
100
AcDbEntity
  8
SH-尺寸标注
 62
   134
100
AcDbMText
 10
11721.57733559542
 20
-7535.680033864838
 30
0.0
 40
142.8571432420185
 41
0.0
 46
0.0
 71
     5
 72
     1
  1
\A1;870
 73
     1
 44
1.0
  0
POINT
  5
71B
330
712
100
AcDbEntity
  8
Defpoints
 62
     0
100
AcDbPoint
 10
11286.39673931061
 20
-7986.669892797163
 30
0.0
  0
POINT
  5
71C
330
712
100
AcDbEntity
  8
Defpoints
 62
     0
100
AcDbPoint
 10
12156.75793188022
 20
-7986.669892797163
 30
0.0
  0
POINT
  5
71D
330
712
100
AcDbEntity
  8
Defpoints
 62
     0
100
AcDbPoint
 10
12156.75793188022
 20
-7650.955619802338
 30
0.0
  0
ENDBLK
  5
714
330
712
100
AcDbEntity
  8
0
100
AcDbBlockEnd
  0
BLOCK
  5
71F
330
71E
100
AcDbEntity
  8
0
100
AcDbBlockBegin
  2
*D72
 70
     1
 10
0.0
 20
0.0
 30
0.0
  3
*D72
  1

  0
LINE
  5
721
330
71E
100
AcDbEntity
  8
SH-尺寸标注
  6
Continuous
 62
   252
370
     9
100
AcDbLine
 10
10047.89612895905
 20
-7986.669892797163
 30
0.0
 11
10047.89612895905
 21
-7603.336572054999
 31
0.0
  0
LINE
  5
722
330
71E
100
AcDbEntity
  8
SH-尺寸标注
  6
Continuous
 62
   252
370
     9
100
AcDbLine
 10
11286.39673931061
 20
-7986.669892797163
 30
0.0
 11
11286.39673931061
 21
-7603.336572054999
 31
0.0
  0
LINE
  5
723
330
71E
100
AcDbEntity
  8
SH-尺寸标注
  6
Continuous
 62
   252
370
     9
100
AcDbLine
 10
10000.27708121171
 20
-7650.955619802338
 30
0.0
 11
11334.01578705795
 21
-7650.955619802338
 31
0.0
  0
INSERT
  5
724
330
71E
100
AcDbEntity
  8
SH-尺寸标注
 62
   252
370
     9
100
AcDbBlockReference
  2
_ArchTick
 10
10047.89612895905
 20
-7650.955619802338
 30
0.0
 41
35.71428581050463
 42
35.71428581050463
 43
35.71428581050463
 50
180.0
  0
INSERT
  5
725
330
71E
100
AcDbEntity
  8
SH-尺寸标注
 62
   252
370
     9
100
AcDbBlockReference
  2
_ArchTick
 10
11286.39673931061
 20
-7650.955619802338
 30
0.0
 41
35.71428581050463
 42
35.71428581050463
 43
35.71428581050463
  0
MTEXT
  5
726
330
71E
100
AcDbEntity
  8
SH-尺寸标注
 62
   134
100
AcDbMText
 10
10667.14643413483
 20
-7535.680033864838
 30
0.0
 40
142.8571432420185
 41
0.0
 46
0.0
 71
     5
 72
     1
  1
\A1;1239
 73
     1
 44
1.0
  0
POINT
  5
727
330
71E
100
AcDbEntity
  8
Defpoints
 62
     0
100
AcDbPoint
 10
10047.89612895905
 20
-7986.669892797163
 30
0.0
  0
POINT
  5
728
330
71E
100
AcDbEntity
  8
Defpoints
 62
     0
100
AcDbPoint
 10
11286.39673931061
 20
-7986.669892797163
 30
0.0
  0
POINT
  5
729
330
71E
100
AcDbEntity
  8
Defpoints
 62
     0
100
AcDbPoint
 10
11286.39673931061
 20
-7650.955619802338
 30
0.0
  0
ENDBLK
  5
720
330
71E
100
AcDbEntity
  8
0
100
AcDbBlockEnd
  0
BLOCK
  5
72B
330
72A
100
AcDbEntity
  8
0
100
AcDbBlockBegin
  2
*D73
 70
     1
 10
0.0
 20
0.0
 30
0.0
  3
*D73
  1

  0
LINE
  5
72D
330
72A
100
AcDbEntity
  8
SH-尺寸标注
  6
Continuous
 62
   252
370
     9
100
AcDbLine
 10
9282.595980062573
 20
-7986.669892797163
 30
0.0
 11
9282.595980062573
 21
-7603.336572054999
 31
0.0
  0
LINE
  5
72E
330
72A
100
AcDbEntity
  8
SH-尺寸标注
  6
Continuous
 62
   252
370
     9
100
AcDbLine
 10
10047.89612895905
 20
-7986.669892797163
 30
0.0
 11
10047.89612895905
 21
-7603.336572054999
 31
0.0
  0
LINE
  5
72F
330
72A
100
AcDbEntity
  8
SH-尺寸标注
  6
Continuous
 62
   252
370
     9
100
AcDbLine
 10
9234.976932315234
 20
-7650.955619802338
 30
0.0
 11
10095.51517670639
 21
-7650.955619802338
 31
0.0
  0
INSERT
  5
730
330
72A
100
AcDbEntity
  8
SH-尺寸标注
 62
   252
370
     9
100
AcDbBlockReference
  2
_ArchTick
 10
9282.595980062573
 20
-7650.955619802338
 30
0.0
 41
35.71428581050463
 42
35.71428581050463
 43
35.71428581050463
 50
180.0
  0
INSERT
  5
731
330
72A
100
AcDbEntity
  8
SH-尺寸标注
 62
   252
370
     9
100
AcDbBlockReference
  2
_ArchTick
 10
10047.89612895905
 20
-7650.955619802338
 30
0.0
 41
35.71428581050463
 42
35.71428581050463
 43
35.71428581050463
  0
MTEXT
  5
732
330
72A
100
AcDbEntity
  8
SH-尺寸标注
 62
   134
100
AcDbMText
 10
9665.24605451081
 20
-7535.680033864838
 30
0.0
 40
142.8571432420185
 41
0.0
 46
0.0
 71
     5
 72
     1
  1
\A1;765
 73
     1
 44
1.0
  0
POINT
  5
733
330
72A
100
AcDbEntity
  8
Defpoints
 62
     0
100
AcDbPoint
 10
9282.595980062573
 20
-7986.669892797163
 30
0.0
  0
POINT
  5
734
330
72A
100
AcDbEntity
  8
Defpoints
 62
     0
100
AcDbPoint
 10
10047.89612895905
 20
-7986.669892797163
 30
0.0
  0
POINT
  5
735
330
72A
100
AcDbEntity
  8
Defpoints
 62
     0
100
AcDbPoint
 10
10047.89612895905
 20
-7650.955619802338
 30
0.0
  0
ENDBLK
  5
72C
330
72A
100
AcDbEntity
  8
0
100
AcDbBlockEnd
  0
BLOCK
  5
737
330
736
100
AcDbEntity
  8
0
100
AcDbBlockBegin
  2
*D74
 70
     1
 10
0.0
 20
0.0
 30
0.0
  3
*D74
  1

  0
LINE
  5
739
330
736
100
AcDbEntity
  8
SH-尺寸标注
  6
Continuous
 62
   252
370
     9
100
AcDbLine
 10
8876.894241826823
 20
-7986.669892797163
 30
0.0
 11
8876.894241826823
 21
-7603.336572054999
 31
0.0
  0
LINE
  5
73A
330
736
100
AcDbEntity
  8
SH-尺寸标注
  6
Continuous
 62
   252
370
     9
100
AcDbLine
 10
9042.595980062573
 20
-7986.669892797163
 30
0.0
 11
9042.595980062573
 21
-7603.336572054999
 31
0.0
  0
LINE
  5
73B
330
736
100
AcDbEntity
  8
SH-尺寸标注
  6
Continuous
 62
   252
370
     9
100
AcDbLine
 10
8829.275194079484
 20
-7650.955619802338
 30
0.0
 11
9090.215027809912
 21
-7650.955619802338
 31
0.0
  0
INSERT
  5
73C
330
736
100
AcDbEntity
  8
SH-尺寸标注
 62
   252
370
     9
100
AcDbBlockReference
  2
_ArchTick
 10
8876.894241826823
 20
-7650.955619802338
 30
0.0
 41
35.71428581050463
 42
35.71428581050463
 43
35.71428581050463
 50
180.0
  0
INSERT
  5
73D
330
736
100
AcDbEntity
  8
SH-尺寸标注
 62
   252
370
     9
100
AcDbBlockReference
  2
_ArchTick
 10
9042.595980062573
 20
-7650.955619802338
 30
0.0
 41
35.71428581050463
 42
35.71428581050463
 43
35.71428581050463
  0
MTEXT
  5
73E
330
736
100
AcDbEntity
  8
SH-尺寸标注
 62
   134
100
AcDbMText
 10
8959.745110944697
 20
-7535.680033864838
 30
0.0
 40
142.8571432420185
 41
0.0
 46
0.0
 71
     5
 72
     1
  1
\A1;166
 73
     1
 44
1.0
  0
POINT
  5
73F
330
736
100
AcDbEntity
  8
Defpoints
 62
     0
100
AcDbPoint
 10
8876.894241826823
 20
-7986.669892797163
 30
0.0
  0
POINT
  5
740
330
736
100
AcDbEntity
  8
Defpoints
 62
     0
100
AcDbPoint
 10
9042.595980062573
 20
-7986.669892797163
 30
0.0
  0
POINT
  5
741
330
736
100
AcDbEntity
  8
Defpoints
 62
     0
100
AcDbPoint
 10
9042.595980062573
 20
-7650.955619802338
 30
0.0
  0
ENDBLK
  5
738
330
736
100
AcDbEntity
  8
0
100
AcDbBlockEnd
  0
BLOCK
  5
743
330
742
100
AcDbEntity
  8
0
100
AcDbBlockBegin
  2
*D75
 70
     1
 10
0.0
 20
0.0
 30
0.0
  3
*D75
  1

  0
LINE
  5
745
330
742
100
AcDbEntity
  8
SH-尺寸标注
  6
Continuous
 62
   252
370
     9
100
AcDbLine
 10
8172.872135121239
 20
-7986.669892797163
 30
0.0
 11
8172.872135121239
 21
-7603.336572054999
 31
0.0
  0
LINE
  5
746
330
742
100
AcDbEntity
  8
SH-尺寸标注
  6
Continuous
 62
   252
370
     9
100
AcDbLine
 10
8876.894241826823
 20
-7986.669892797163
 30
0.0
 11
8876.894241826823
 21
-7603.336572054999
 31
0.0
  0
LINE
  5
747
330
742
100
AcDbEntity
  8
SH-尺寸标注
  6
Continuous
 62
   252
370
     9
100
AcDbLine
 10
8125.2530873739
 20
-7650.955619802338
 30
0.0
 11
8924.513289574163
 21
-7650.955619802338
 31
0.0
  0
INSERT
  5
748
330
742
100
AcDbEntity
  8
SH-尺寸标注
 62
   252
370
     9
100
AcDbBlockReference
  2
_ArchTick
 10
8172.872135121239
 20
-7650.955619802338
 30
0.0
 41
35.71428581050463
 42
35.71428581050463
 43
35.71428581050463
 50
180.0
  0
INSERT
  5
749
330
742
100
AcDbEntity
  8
SH-尺寸标注
 62
   252
370
     9
100
AcDbBlockReference
  2
_ArchTick
 10
8876.894241826823
 20
-7650.955619802338
 30
0.0
 41
35.71428581050463
 42
35.71428581050463
 43
35.71428581050463
  0
MTEXT
  5
74A
330
742
100
AcDbEntity
  8
SH-尺寸标注
 62
   134
100
AcDbMText
 10
8524.88318847403
 20
-7535.680033864838
 30
0.0
 40
142.8571432420185
 41
0.0
 46
0.0
 71
     5
 72
     1
  1
\A1;704
 73
     1
 44
1.0
  0
POINT
  5
74B
330
742
100
AcDbEntity
  8
Defpoints
 62
     0
100
AcDbPoint
 10
8172.872135121239
 20
-7986.669892797163
 30
0.0
  0
POINT
  5
74C
330
742
100
AcDbEntity
  8
Defpoints
 62
     0
100
AcDbPoint
 10
8876.894241826823
 20
-7986.669892797163
 30
0.0
  0
POINT
  5
74D
330
742
100
AcDbEntity
  8
Defpoints
 62
     0
100
AcDbPoint
 10
8876.894241826823
 20
-7650.955619802338
 30
0.0
  0
ENDBLK
  5
744
330
742
100
AcDbEntity
  8
0
100
AcDbBlockEnd
  0
BLOCK
  5
74F
330
74E
100
AcDbEntity
  8
0
100
AcDbBlockBegin
  2
*D76
 70
     1
 10
0.0
 20
0.0
 30
0.0
  3
*D76
  1

  0
LINE
  5
751
330
74E
100
AcDbEntity
  8
SH-尺寸标注
  6
Continuous
 62
   252
370
     9
100
AcDbLine
 10
7879.649241618267
 20
-7986.669892797163
 30
0.0
 11
7879.649241618267
 21
-7603.336572054999
 31
0.0
  0
LINE
  5
752
330
74E
100
AcDbEntity
  8
SH-尺寸标注
  6
Continuous
 62
   252
370
     9
100
AcDbLine
 10
8172.872135121239
 20
-7986.669892797163
 30
0.0
 11
8172.872135121239
 21
-7603.336572054999
 31
0.0
  0
LINE
  5
753
330
74E
100
AcDbEntity
  8
SH-尺寸标注
  6
Continuous
 62
   252
370
     9
100
AcDbLine
 10
7832.030193870928
 20
-7650.955619802338
 30
0.0
 11
8220.491182868578
 21
-7650.955619802338
 31
0.0
  0
INSERT
  5
754
330
74E
100
AcDbEntity
  8
SH-尺寸标注
 62
   252
370
     9
100
AcDbBlockReference
  2
_ArchTick
 10
7879.649241618267
 20
-7650.955619802338
 30
0.0
 41
35.71428581050463
 42
35.71428581050463
 43
35.71428581050463
 50
180.0
  0
INSERT
  5
755
330
74E
100
AcDbEntity
  8
SH-尺寸标注
 62
   252
370
     9
100
AcDbBlockReference
  2
_ArchTick
 10
8172.872135121239
 20
-7650.955619802338
 30
0.0
 41
35.71428581050463
 42
35.71428581050463
 43
35.71428581050463
  0
MTEXT
  5
756
330
74E
100
AcDbEntity
  8
SH-尺寸标注
 62
   134
100
AcDbMText
 10
8026.260688369754
 20
-7535.680033864838
 30
0.0
 40
142.8571432420185
 41
0.0
 46
0.0
 71
     5
 72
     1
  1
\A1;293
 73
     1
 44
1.0
  0
POINT
  5
757
330
74E
100
AcDbEntity
  8
Defpoints
 62
     0
100
AcDbPoint
 10
7879.649241618267
 20
-7986.669892797163
 30
0.0
  0
POINT
  5
758
330
74E
100
AcDbEntity
  8
Defpoints
 62
     0
100
AcDbPoint
 10
8172.872135121239
 20
-7986.669892797163
 30
0.0
  0
POINT
  5
759
330
74E
100
AcDbEntity
  8
Defpoints
 62
     0
100
AcDbPoint
 10
8172.872135121239
 20
-7650.955619802338
 30
0.0
  0
ENDBLK
  5
750
330
74E
100
AcDbEntity
  8
0
100
AcDbBlockEnd
  0
BLOCK
  5
75B
330
75A
100
AcDbEntity
  8
0
100
AcDbBlockBegin
  2
*D77
 70
     1
 10
0.0
 20
0.0
 30
0.0
  3
*D77
  1

  0
LINE
  5
75D
330
75A
100
AcDbEntity
  8
SH-尺寸标注
  6
Continuous
 62
   252
370
     9
100
AcDbLine
 10
7233.84007931061
 20
-7986.669892797163
 30
0.0
 11
7233.84007931061
 21
-7603.336572054999
 31
0.0
  0
LINE
  5
75E
330
75A
100
AcDbEntity
  8
SH-尺寸标注
  6
Continuous
 62
   252
370
     9
100
AcDbLine
 10
7639.649241618267
 20
-7986.669892797163
 30
0.0
 11
7639.649241618267
 21
-7603.336572054999
 31
0.0
  0
LINE
  5
75F
330
75A
100
AcDbEntity
  8
SH-尺寸标注
  6
Continuous
 62
   252
370
     9
100
AcDbLine
 10
7186.221031563271
 20
-7650.955619802338
 30
0.0
 11
7687.268289365607
 21
-7650.955619802338
 31
0.0
  0
INSERT
  5
760
330
75A
100
AcDbEntity
  8
SH-尺寸标注
 62
   252
370
     9
100
AcDbBlockReference
  2
_ArchTick
 10
7233.84007931061
 20
-7650.955619802338
 30
0.0
 41
35.71428581050463
 42
35.71428581050463
 43
35.71428581050463
 50
180.0
  0
INSERT
  5
761
330
75A
100
AcDbEntity
  8
SH-尺寸标注
 62
   252
370
     9
100
AcDbBlockReference
  2
_ArchTick
 10
7639.649241618267
 20
-7650.955619802338
 30
0.0
 41
35.71428581050463
 42
35.71428581050463
 43
35.71428581050463
  0
MTEXT
  5
762
330
75A
100
AcDbEntity
  8
SH-尺寸标注
 62
   134
100
AcDbMText
 10
7436.744660464439
 20
-7535.680033864838
 30
0.0
 40
142.8571432420185
 41
0.0
 46
0.0
 71
     5
 72
     1
  1
\A1;406
 73
     1
 44
1.0
  0
POINT
  5
763
330
75A
100
AcDbEntity
  8
Defpoints
 62
     0
100
AcDbPoint
 10
7233.84007931061
 20
-7986.669892797163
 30
0.0
  0
POINT
  5
764
330
75A
100
AcDbEntity
  8
Defpoints
 62
     0
100
AcDbPoint
 10
7639.649241618267
 20
-7986.669892797163
 30
0.0
  0
POINT
  5
765
330
75A
100
AcDbEntity
  8
Defpoints
 62
     0
100
AcDbPoint
 10
7639.649241618267
 20
-7650.955619802338
 30
0.0
  0
ENDBLK
  5
75C
330
75A
100
AcDbEntity
  8
0
100
AcDbBlockEnd
  0
BLOCK
  5
767
330
766
100
AcDbEntity
  8
0
100
AcDbBlockBegin
  2
*D78
 70
     1
 10
0.0
 20
0.0
 30
0.0
  3
*D78
  1

  0
LINE
  5
769
330
766
100
AcDbEntity
  8
SH-尺寸标注
  6
Continuous
 62
   252
370
     9
100
AcDbLine
 10
5995.339468959048
 20
-7986.669892797163
 30
0.0
 11
5995.339468959048
 21
-7603.336572054999
 31
0.0
  0
LINE
  5
76A
330
766
100
AcDbEntity
  8
SH-尺寸标注
  6
Continuous
 62
   252
370
     9
100
AcDbLine
 10
7233.84007931061
 20
-7986.669892797163
 30
0.0
 11
7233.84007931061
 21
-7603.336572054999
 31
0.0
  0
LINE
  5
76B
330
766
100
AcDbEntity
  8
SH-尺寸标注
  6
Continuous
 62
   252
370
     9
100
AcDbLine
 10
5947.720421211709
 20
-7650.955619802338
 30
0.0
 11
7281.459127057949
 21
-7650.955619802338
 31
0.0
  0
INSERT
  5
76C
330
766
100
AcDbEntity
  8
SH-尺寸标注
 62
   252
370
     9
100
AcDbBlockReference
  2
_ArchTick
 10
5995.339468959048
 20
-7650.955619802338
 30
0.0
 41
35.71428581050463
 42
35.71428581050463
 43
35.71428581050463
 50
180.0
  0
INSERT
  5
76D
330
766
100
AcDbEntity
  8
SH-尺寸标注
 62
   252
370
     9
100
AcDbBlockReference
  2
_ArchTick
 10
7233.84007931061
 20
-7650.955619802338
 30
0.0
 41
35.71428581050463
 42
35.71428581050463
 43
35.71428581050463
  0
MTEXT
  5
76E
330
766
100
AcDbEntity
  8
SH-尺寸标注
 62
   134
100
AcDbMText
 10
6614.589774134829
 20
-7535.680033864838
 30
0.0
 40
142.8571432420185
 41
0.0
 46
0.0
 71
     5
 72
     1
  1
\A1;1239
 73
     1
 44
1.0
  0
POINT
  5
76F
330
766
100
AcDbEntity
  8
Defpoints
 62
     0
100
AcDbPoint
 10
5995.339468959048
 20
-7986.669892797163
 30
0.0
  0
POINT
  5
770
330
766
100
AcDbEntity
  8
Defpoints
 62
     0
100
AcDbPoint
 10
7233.84007931061
 20
-7986.669892797163
 30
0.0
  0
POINT
  5
771
330
766
100
AcDbEntity
  8
Defpoints
 62
     0
100
AcDbPoint
 10
7233.84007931061
 20
-7650.955619802338
 30
0.0
  0
ENDBLK
  5
768
330
766
100
AcDbEntity
  8
0
100
AcDbBlockEnd
  0
BLOCK
  5
773
330
772
100
AcDbEntity
  8
0
100
AcDbBlockBegin
  2
*D79
 70
     1
 10
0.0
 20
0.0
 30
0.0
  3
*D79
  1

  0
LINE
  5
775
330
772
100
AcDbEntity
  8
SH-尺寸标注
  6
Continuous
 62
   252
370
     9
100
AcDbLine
 10
5280.244129634775
 20
-7986.669892797163
 30
0.0
 11
5280.244129634775
 21
-7603.336572054999
 31
0.0
  0
LINE
  5
776
330
772
100
AcDbEntity
  8
SH-尺寸标注
  6
Continuous
 62
   252
370
     9
100
AcDbLine
 10
5995.339468959048
 20
-7986.669892797163
 30
0.0
 11
5995.339468959048
 21
-7603.336572054999
 31
0.0
  0
LINE
  5
777
330
772
100
AcDbEntity
  8
SH-尺寸标注
  6
Continuous
 62
   252
370
     9
100
AcDbLine
 10
5232.625081887436
 20
-7650.955619802338
 30
0.0
 11
6042.958516706387
 21
-7650.955619802338
 31
0.0
  0
INSERT
  5
778
330
772
100
AcDbEntity
  8
SH-尺寸标注
 62
   252
370
     9
100
AcDbBlockReference
  2
_ArchTick
 10
5280.244129634775
 20
-7650.955619802338
 30
0.0
 41
35.71428581050463
 42
35.71428581050463
 43
35.71428581050463
 50
180.0
  0
INSERT
  5
779
330
772
100
AcDbEntity
  8
SH-尺寸标注
 62
   252
370
     9
100
AcDbBlockReference
  2
_ArchTick
 10
5995.339468959048
 20
-7650.955619802338
 30
0.0
 41
35.71428581050463
 42
35.71428581050463
 43
35.71428581050463
  0
MTEXT
  5
77A
330
772
100
AcDbEntity
  8
SH-尺寸标注
 62
   134
100
AcDbMText
 10
5637.791799296911
 20
-7535.680033864838
 30
0.0
 40
142.8571432420185
 41
0.0
 46
0.0
 71
     5
 72
     1
  1
\A1;715
 73
     1
 44
1.0
  0
POINT
  5
77B
330
772
100
AcDbEntity
  8
Defpoints
 62
     0
100
AcDbPoint
 10
5280.244129634775
 20
-7986.669892797163
 30
0.0
  0
POINT
  5
77C
330
772
100
AcDbEntity
  8
Defpoints
 62
     0
100
AcDbPoint
 10
5995.339468959048
 20
-7986.669892797163
 30
0.0
  0
POINT
  5
77D
330
772
100
AcDbEntity
  8
Defpoints
 62
     0
100
AcDbPoint
 10
5995.339468959048
 20
-7650.955619802338
 30
0.0
  0
ENDBLK
  5
774
330
772
100
AcDbEntity
  8
0
100
AcDbBlockEnd
  0
BLOCK
  5
77F
330
77E
100
AcDbEntity
  8
0
100
AcDbBlockBegin
  2
*D80
 70
     1
 10
0.0
 20
0.0
 30
0.0
  3
*D80
  1

  0
LINE
  5
781
330
77E
100
AcDbEntity
  8
SH-尺寸标注
  6
Continuous
 62
   252
370
     9
100
AcDbLine
 10
4822.93327931061
 20
-7986.669892797163
 30
0.0
 11
4822.93327931061
 21
-7603.336572054999
 31
0.0
  0
LINE
  5
782
330
77E
100
AcDbEntity
  8
SH-尺寸标注
  6
Continuous
 62
   252
370
     9
100
AcDbLine
 10
5040.244129634775
 20
-7986.669892797163
 30
0.0
 11
5040.244129634775
 21
-7603.336572054999
 31
0.0
  0
LINE
  5
783
330
77E
100
AcDbEntity
  8
SH-尺寸标注
  6
Continuous
 62
   252
370
     9
100
AcDbLine
 10
4775.314231563271
 20
-7650.955619802338
 30
0.0
 11
5087.863177382114
 21
-7650.955619802338
 31
0.0
  0
INSERT
  5
784
330
77E
100
AcDbEntity
  8
SH-尺寸标注
 62
   252
370
     9
100
AcDbBlockReference
  2
_ArchTick
 10
4822.93327931061
 20
-7650.955619802338
 30
0.0
 41
35.71428581050463
 42
35.71428581050463
 43
35.71428581050463
 50
180.0
  0
INSERT
  5
785
330
77E
100
AcDbEntity
  8
SH-尺寸标注
 62
   252
370
     9
100
AcDbBlockReference
  2
_ArchTick
 10
5040.244129634775
 20
-7650.955619802338
 30
0.0
 41
35.71428581050463
 42
35.71428581050463
 43
35.71428581050463
  0
MTEXT
  5
786
330
77E
100
AcDbEntity
  8
SH-尺寸标注
 62
   134
100
AcDbMText
 10
4931.588704472693
 20
-7535.680033864838
 30
0.0
 40
142.8571432420185
 41
0.0
 46
0.0
 71
     5
 72
     1
  1
\A1;217
 73
     1
 44
1.0
  0
POINT
  5
787
330
77E
100
AcDbEntity
  8
Defpoints
 62
     0
100
AcDbPoint
 10
4822.93327931061
 20
-7986.669892797163
 30
0.0
  0
POINT
  5
788
330
77E
100
AcDbEntity
  8
Defpoints
 62
     0
100
AcDbPoint
 10
5040.244129634775
 20
-7986.669892797163
 30
0.0
  0
POINT
  5
789
330
77E
100
AcDbEntity
  8
Defpoints
 62
     0
100
AcDbPoint
 10
5040.244129634775
 20
-7650.955619802338
 30
0.0
  0
ENDBLK
  5
780
330
77E
100
AcDbEntity
  8
0
100
AcDbBlockEnd
  0
BLOCK
  5
78B
330
78A
100
AcDbEntity
  8
0
100
AcDbBlockBegin
  2
*D81
 70
     1
 10
0.0
 20
0.0
 30
0.0
  3
*D81
  1

  0
LINE
  5
78D
330
78A
100
AcDbEntity
  8
SH-尺寸标注
  6
Continuous
 62
   252
370
     9
100
AcDbLine
 10
3584.432668959048
 20
-7986.669892797163
 30
0.0
 11
3584.432668959048
 21
-7603.336572054999
 31
0.0
  0
LINE
  5
78E
330
78A
100
AcDbEntity
  8
SH-尺寸标注
  6
Continuous
 62
   252
370
     9
100
AcDbLine
 10
4822.93327931061
 20
-7986.669892797163
 30
0.0
 11
4822.93327931061
 21
-7603.336572054999
 31
0.0
  0
LINE
  5
78F
330
78A
100
AcDbEntity
  8
SH-尺寸标注
  6
Continuous
 62
   252
370
     9
100
AcDbLine
 10
3536.813621211709
 20
-7650.955619802338
 30
0.0
 11
4870.55232705795
 21
-7650.955619802338
 31
0.0
  0
INSERT
  5
790
330
78A
100
AcDbEntity
  8
SH-尺寸标注
 62
   252
370
     9
100
AcDbBlockReference
  2
_ArchTick
 10
3584.432668959048
 20
-7650.955619802338
 30
0.0
 41
35.71428581050463
 42
35.71428581050463
 43
35.71428581050463
 50
180.0
  0
INSERT
  5
791
330
78A
100
AcDbEntity
  8
SH-尺寸标注
 62
   252
370
     9
100
AcDbBlockReference
  2
_ArchTick
 10
4822.93327931061
 20
-7650.955619802338
 30
0.0
 41
35.71428581050463
 42
35.71428581050463
 43
35.71428581050463
  0
MTEXT
  5
792
330
78A
100
AcDbEntity
  8
SH-尺寸标注
 62
   134
100
AcDbMText
 10
4203.682974134829
 20
-7535.680033864838
 30
0.0
 40
142.8571432420185
 41
0.0
 46
0.0
 71
     5
 72
     1
  1
\A1;1239
 73
     1
 44
1.0
  0
POINT
  5
793
330
78A
100
AcDbEntity
  8
Defpoints
 62
     0
100
AcDbPoint
 10
3584.432668959048
 20
-7986.669892797163
 30
0.0
  0
POINT
  5
794
330
78A
100
AcDbEntity
  8
Defpoints
 62
     0
100
AcDbPoint
 10
4822.93327931061
 20
-7986.669892797163
 30
0.0
  0
POINT
  5
795
330
78A
100
AcDbEntity
  8
Defpoints
 62
     0
100
AcDbPoint
 10
4822.93327931061
 20
-7650.955619802338
 30
0.0
  0
ENDBLK
  5
78C
330
78A
100
AcDbEntity
  8
0
100
AcDbBlockEnd
  0
BLOCK
  5
797
330
796
100
AcDbEntity
  8
0
100
AcDbBlockBegin
  2
*D82
 70
     1
 10
0.0
 20
0.0
 30
0.0
  3
*D82
  1

  0
LINE
  5
799
330
796
100
AcDbEntity
  8
SH-尺寸标注
  6
Continuous
 62
   252
370
     9
100
AcDbLine
 10
3360.985337898085
 20
-7986.669892797163
 30
0.0
 11
3360.985337898085
 21
-7603.336572054999
 31
0.0
  0
LINE
  5
79A
330
796
100
AcDbEntity
  8
SH-尺寸标注
  6
Continuous
 62
   252
370
     9
100
AcDbLine
 10
3584.432668959048
 20
-7986.669892797163
 30
0.0
 11
3584.432668959048
 21
-7603.336572054999
 31
0.0
  0
LINE
  5
79B
330
796
100
AcDbEntity
  8
SH-尺寸标注
  6
Continuous
 62
   252
370
     9
100
AcDbLine
 10
3313.366290150745
 20
-7650.955619802338
 30
0.0
 11
3632.051716706388
 21
-7650.955619802338
 31
0.0
  0
INSERT
  5
79C
330
796
100
AcDbEntity
  8
SH-尺寸标注
 62
   252
370
     9
100
AcDbBlockReference
  2
_ArchTick
 10
3360.985337898085
 20
-7650.955619802338
 30
0.0
 41
35.71428581050463
 42
35.71428581050463
 43
35.71428581050463
 50
180.0
  0
INSERT
  5
79D
330
796
100
AcDbEntity
  8
SH-尺寸标注
 62
   252
370
     9
100
AcDbBlockReference
  2
_ArchTick
 10
3584.432668959048
 20
-7650.955619802338
 30
0.0
 41
35.71428581050463
 42
35.71428581050463
 43
35.71428581050463
  0
MTEXT
  5
79E
330
796
100
AcDbEntity
  8
SH-尺寸标注
 62
   134
100
AcDbMText
 10
3472.709003428567
 20
-7766.231205739839
 30
0.0
 40
142.8571432420185
 41
0.0
 46
0.0
 71
     5
 72
     1
  1
\A1;223
 73
     1
 44
1.0
  0
POINT
  5
79F
330
796
100
AcDbEntity
  8
Defpoints
 62
     0
100
AcDbPoint
 10
3360.985337898085
 20
-7986.669892797163
 30
0.0
  0
POINT
  5
7A0
330
796
100
AcDbEntity
  8
Defpoints
 62
     0
100
AcDbPoint
 10
3584.432668959048
 20
-7986.669892797163
 30
0.0
  0
POINT
  5
7A1
330
796
100
AcDbEntity
  8
Defpoints
 62
     0
100
AcDbPoint
 10
3584.432668959048
 20
-7650.955619802338
 30
0.0
  0
ENDBLK
  5
798
330
796
100
AcDbEntity
  8
0
100
AcDbBlockEnd
  0
BLOCK
  5
7A3
330
7A2
100
AcDbEntity
  8
0
100
AcDbBlockBegin
  2
*D83
 70
     1
 10
0.0
 20
0.0
 30
0.0
  3
*D83
  1

  0
LINE
  5
7A5
330
7A2
100
AcDbEntity
  8
SH-尺寸标注
  6
Continuous
 62
   252
370
     9
100
AcDbLine
 10
3010.943517121953
 20
-7986.669892797163
 30
0.0
 11
3010.943517121953
 21
-7603.336572054999
 31
0.0
  0
LINE
  5
7A6
330
7A2
100
AcDbEntity
  8
SH-尺寸标注
  6
Continuous
 62
   252
370
     9
100
AcDbLine
 10
3360.985337898085
 20
-7986.669892797163
 30
0.0
 11
3360.985337898085
 21
-7603.336572054999
 31
0.0
  0
LINE
  5
7A7
330
7A2
100
AcDbEntity
  8
SH-尺寸标注
  6
Continuous
 62
   252
370
     9
100
AcDbLine
 10
2963.324469374614
 20
-7650.955619802338
 30
0.0
 11
3408.604385645424
 21
-7650.955619802338
 31
0.0
  0
INSERT
  5
7A8
330
7A2
100
AcDbEntity
  8
SH-尺寸标注
 62
   252
370
     9
100
AcDbBlockReference
  2
_ArchTick
 10
3010.943517121953
 20
-7650.955619802338
 30
0.0
 41
35.71428581050463
 42
35.71428581050463
 43
35.71428581050463
 50
180.0
  0
INSERT
  5
7A9
330
7A2
100
AcDbEntity
  8
SH-尺寸标注
 62
   252
370
     9
100
AcDbBlockReference
  2
_ArchTick
 10
3360.985337898085
 20
-7650.955619802338
 30
0.0
 41
35.71428581050463
 42
35.71428581050463
 43
35.71428581050463
  0
MTEXT
  5
7AA
330
7A2
100
AcDbEntity
  8
SH-尺寸标注
 62
   134
100
AcDbMText
 10
3185.964427510018
 20
-7535.680033864838
 30
0.0
 40
142.8571432420185
 41
0.0
 46
0.0
 71
     5
 72
     1
  1
\A1;350
 73
     1
 44
1.0
  0
POINT
  5
7AB
330
7A2
100
AcDbEntity
  8
Defpoints
 62
     0
100
AcDbPoint
 10
3010.943517121953
 20
-7986.669892797163
 30
0.0
  0
POINT
  5
7AC
330
7A2
100
AcDbEntity
  8
Defpoints
 62
     0
100
AcDbPoint
 10
3360.985337898085
 20
-7986.669892797163
 30
0.0
  0
POINT
  5
7AD
330
7A2
100
AcDbEntity
  8
Defpoints
 62
     0
100
AcDbPoint
 10
3360.985337898085
 20
-7650.955619802338
 30
0.0
  0
ENDBLK
  5
7A4
330
7A2
100
AcDbEntity
  8
0
100
AcDbBlockEnd
  0
BLOCK
  5
7AF
330
7AE
100
AcDbEntity
  8
0
100
AcDbBlockBegin
  2
*D84
 70
     1
 10
0.0
 20
0.0
 30
0.0
  3
*D84
  1

  0
LINE
  5
7B1
330
7AE
100
AcDbEntity
  8
SH-尺寸标注
  6
Continuous
 62
   252
370
     9
100
AcDbLine
 10
14845.47966484964
 20
-18263.62467065386
 30
0.0
 11
14845.47966484964
 21
-18646.95799139603
 31
0.0
  0
LINE
  5
7B2
330
7AE
100
AcDbEntity
  8
SH-尺寸标注
  6
Continuous
 62
   252
370
     9
100
AcDbLine
 10
16953.33537754599
 20
-18263.62467065386
 30
0.0
 11
16953.33537754599
 21
-18646.95799139603
 31
0.0
  0
LINE
  5
7B3
330
7AE
100
AcDbEntity
  8
SH-尺寸标注
  6
Continuous
 62
   252
370
     9
100
AcDbLine
 10
14797.8606171023
 20
-18599.33894364869
 30
0.0
 11
17000.95442529333
 21
-18599.33894364869
 31
0.0
  0
INSERT
  5
7B4
330
7AE
100
AcDbEntity
  8
SH-尺寸标注
 62
   252
370
     9
100
AcDbBlockReference
  2
_ArchTick
 10
14845.47966484964
 20
-18599.33894364869
 30
0.0
 41
35.71428581050463
 42
35.71428581050463
 43
35.71428581050463
 50
180.0
  0
INSERT
  5
7B5
330
7AE
100
AcDbEntity
  8
SH-尺寸标注
 62
   252
370
     9
100
AcDbBlockReference
  2
_ArchTick
 10
16953.33537754599
 20
-18599.33894364869
 30
0.0
 41
35.71428581050463
 42
35.71428581050463
 43
35.71428581050463
  0
MTEXT
  5
7B6
330
7AE
100
AcDbEntity
  8
SH-尺寸标注
 62
   134
100
AcDbMText
 10
15899.40752119782
 20
-18484.06335771119
 30
0.0
 40
142.8571432420185
 41
0.0
 46
0.0
 71
     5
 72
     1
  1
\A1;2108
 73
     1
 44
1.0
  0
POINT
  5
7B7
330
7AE
100
AcDbEntity
  8
Defpoints
 62
     0
100
AcDbPoint
 10
14845.47966484964
 20
-18263.62467065386
 30
0.0
  0
POINT
  5
7B8
330
7AE
100
AcDbEntity
  8
Defpoints
 62
     0
100
AcDbPoint
 10
16953.33537754599
 20
-18263.62467065386
 30
0.0
  0
POINT
  5
7B9
330
7AE
100
AcDbEntity
  8
Defpoints
 62
     0
100
AcDbPoint
 10
16953.33537754599
 20
-18599.33894364869
 30
0.0
  0
ENDBLK
  5
7B0
330
7AE
100
AcDbEntity
  8
0
100
AcDbBlockEnd
  0
BLOCK
  5
7BB
330
7BA
100
AcDbEntity
  8
0
100
AcDbBlockBegin
  2
*D85
 70
     1
 10
0.0
 20
0.0
 30
0.0
  3
*D85
  1

  0
LINE
  5
7BD
330
7BA
100
AcDbEntity
  8
SH-尺寸标注
  6
Continuous
 62
   252
370
     9
100
AcDbLine
 10
14633.95481777114
 20
-18263.62467065386
 30
0.0
 11
14633.95481777114
 21
-18646.95799139603
 31
0.0
  0
LINE
  5
7BE
330
7BA
100
AcDbEntity
  8
SH-尺寸标注
  6
Continuous
 62
   252
370
     9
100
AcDbLine
 10
14845.47966484964
 20
-18263.62467065386
 30
0.0
 11
14845.47966484964
 21
-18646.95799139603
 31
0.0
  0
LINE
  5
7BF
330
7BA
100
AcDbEntity
  8
SH-尺寸标注
  6
Continuous
 62
   252
370
     9
100
AcDbLine
 10
14586.3357700238
 20
-18599.33894364869
 30
0.0
 11
14893.09871259698
 21
-18599.33894364869
 31
0.0
  0
INSERT
  5
7C0
330
7BA
100
AcDbEntity
  8
SH-尺寸标注
 62
   252
370
     9
100
AcDbBlockReference
  2
_ArchTick
 10
14633.95481777114
 20
-18599.33894364869
 30
0.0
 41
35.71428581050463
 42
35.71428581050463
 43
35.71428581050463
 50
180.0
  0
INSERT
  5
7C1
330
7BA
100
AcDbEntity
  8
SH-尺寸标注
 62
   252
370
     9
100
AcDbBlockReference
  2
_ArchTick
 10
14845.47966484964
 20
-18599.33894364869
 30
0.0
 41
35.71428581050463
 42
35.71428581050463
 43
35.71428581050463
  0
MTEXT
  5
7C2
330
7BA
100
AcDbEntity
  8
SH-尺寸标注
 62
   134
100
AcDbMText
 10
14739.71724131039
 20
-18484.06335771119
 30
0.0
 40
142.8571432420185
 41
0.0
 46
0.0
 71
     5
 72
     1
  1
\A1;212
 73
     1
 44
1.0
  0
POINT
  5
7C3
330
7BA
100
AcDbEntity
  8
Defpoints
 62
     0
100
AcDbPoint
 10
14633.95481777114
 20
-18263.62467065386
 30
0.0
  0
POINT
  5
7C4
330
7BA
100
AcDbEntity
  8
Defpoints
 62
     0
100
AcDbPoint
 10
14845.47966484964
 20
-18263.62467065386
 30
0.0
  0
POINT
  5
7C5
330
7BA
100
AcDbEntity
  8
Defpoints
 62
     0
100
AcDbPoint
 10
14845.47966484964
 20
-18599.33894364869
 30
0.0
  0
ENDBLK
  5
7BC
330
7BA
100
AcDbEntity
  8
0
100
AcDbBlockEnd
  0
BLOCK
  5
7C7
330
7C6
100
AcDbEntity
  8
0
100
AcDbBlockBegin
  2
*D86
 70
     1
 10
0.0
 20
0.0
 30
0.0
  3
*D86
  1

  0
LINE
  5
7C9
330
7C6
100
AcDbEntity
  8
SH-尺寸标注
  6
Continuous
 62
   252
370
     9
100
AcDbLine
 10
14076.31695850983
 20
-18263.62467065386
 30
0.0
 11
14076.31695850983
 21
-18646.95799139603
 31
0.0
  0
LINE
  5
7CA
330
7C6
100
AcDbEntity
  8
SH-尺寸标注
  6
Continuous
 62
   252
370
     9
100
AcDbLine
 10
14393.95481777114
 20
-18263.62467065386
 30
0.0
 11
14393.95481777114
 21
-18646.95799139603
 31
0.0
  0
LINE
  5
7CB
330
7C6
100
AcDbEntity
  8
SH-尺寸标注
  6
Continuous
 62
   252
370
     9
100
AcDbLine
 10
14028.69791076249
 20
-18599.33894364869
 30
0.0
 11
14441.57386551848
 21
-18599.33894364869
 31
0.0
  0
INSERT
  5
7CC
330
7C6
100
AcDbEntity
  8
SH-尺寸标注
 62
   252
370
     9
100
AcDbBlockReference
  2
_ArchTick
 10
14076.31695850983
 20
-18599.33894364869
 30
0.0
 41
35.71428581050463
 42
35.71428581050463
 43
35.71428581050463
 50
180.0
  0
INSERT
  5
7CD
330
7C6
100
AcDbEntity
  8
SH-尺寸标注
 62
   252
370
     9
100
AcDbBlockReference
  2
_ArchTick
 10
14393.95481777114
 20
-18599.33894364869
 30
0.0
 41
35.71428581050463
 42
35.71428581050463
 43
35.71428581050463
  0
MTEXT
  5
7CE
330
7C6
100
AcDbEntity
  8
SH-尺寸标注
 62
   134
100
AcDbMText
 10
14235.13588814048
 20
-18484.06335771119
 30
0.0
 40
142.8571432420185
 41
0.0
 46
0.0
 71
     5
 72
     1
  1
\A1;318
 73
     1
 44
1.0
  0
POINT
  5
7CF
330
7C6
100
AcDbEntity
  8
Defpoints
 62
     0
100
AcDbPoint
 10
14076.31695850983
 20
-18263.62467065386
 30
0.0
  0
POINT
  5
7D0
330
7C6
100
AcDbEntity
  8
Defpoints
 62
     0
100
AcDbPoint
 10
14393.95481777114
 20
-18263.62467065386
 30
0.0
  0
POINT
  5
7D1
330
7C6
100
AcDbEntity
  8
Defpoints
 62
     0
100
AcDbPoint
 10
14393.95481777114
 20
-18599.33894364869
 30
0.0
  0
ENDBLK
  5
7C8
330
7C6
100
AcDbEntity
  8
0
100
AcDbBlockEnd
  0
BLOCK
  5
7D3
330
7D2
100
AcDbEntity
  8
0
100
AcDbBlockBegin
  2
*D87
 70
     1
 10
0.0
 20
0.0
 30
0.0
  3
*D87
  1

  0
LINE
  5
7D5
330
7D2
100
AcDbEntity
  8
SH-尺寸标注
  6
Continuous
 62
   252
370
     9
100
AcDbLine
 10
9622.64898975983
 20
-18263.62467065386
 30
0.0
 11
9622.64898975983
 21
-18646.95799139603
 31
0.0
  0
LINE
  5
7D6
330
7D2
100
AcDbEntity
  8
SH-尺寸标注
  6
Continuous
 62
   252
370
     9
100
AcDbLine
 10
14076.31695850983
 20
-18263.62467065386
 30
0.0
 11
14076.31695850983
 21
-18646.95799139603
 31
0.0
  0
LINE
  5
7D7
330
7D2
100
AcDbEntity
  8
SH-尺寸标注
  6
Continuous
 62
   252
370
     9
100
AcDbLine
 10
9575.02994201249
 20
-18599.33894364869
 30
0.0
 11
14123.93600625717
 21
-18599.33894364869
 31
0.0
  0
INSERT
  5
7D8
330
7D2
100
AcDbEntity
  8
SH-尺寸标注
 62
   252
370
     9
100
AcDbBlockReference
  2
_ArchTick
 10
9622.64898975983
 20
-18599.33894364869
 30
0.0
 41
35.71428581050463
 42
35.71428581050463
 43
35.71428581050463
 50
180.0
  0
INSERT
  5
7D9
330
7D2
100
AcDbEntity
  8
SH-尺寸标注
 62
   252
370
     9
100
AcDbBlockReference
  2
_ArchTick
 10
14076.31695850983
 20
-18599.33894364869
 30
0.0
 41
35.71428581050463
 42
35.71428581050463
 43
35.71428581050463
  0
MTEXT
  5
7DA
330
7D2
100
AcDbEntity
  8
SH-尺寸标注
 62
   134
100
AcDbMText
 10
11849.48297413483
 20
-18484.06335771119
 30
0.0
 40
142.8571432420185
 41
0.0
 46
0.0
 71
     5
 72
     1
  1
\A1;4454
 73
     1
 44
1.0
  0
POINT
  5
7DB
330
7D2
100
AcDbEntity
  8
Defpoints
 62
     0
100
AcDbPoint
 10
9622.64898975983
 20
-18263.62467065386
 30
0.0
  0
POINT
  5
7DC
330
7D2
100
AcDbEntity
  8
Defpoints
 62
     0
100
AcDbPoint
 10
14076.31695850983
 20
-18263.62467065386
 30
0.0
  0
POINT
  5
7DD
330
7D2
100
AcDbEntity
  8
Defpoints
 62
     0
100
AcDbPoint
 10
14076.31695850983
 20
-18599.33894364869
 30
0.0
  0
ENDBLK
  5
7D4
330
7D2
100
AcDbEntity
  8
0
100
AcDbBlockEnd
  0
BLOCK
  5
7DF
330
7DE
100
AcDbEntity
  8
0
100
AcDbBlockBegin
  2
*D88
 70
     1
 10
0.0
 20
0.0
 30
0.0
  3
*D88
  1

  0
LINE
  5
7E1
330
7DE
100
AcDbEntity
  8
SH-尺寸标注
  6
Continuous
 62
   252
370
     9
100
AcDbLine
 10
9282.595980062573
 20
-18263.62467065386
 30
0.0
 11
9282.595980062573
 21
-18646.95799139603
 31
0.0
  0
LINE
  5
7E2
330
7DE
100
AcDbEntity
  8
SH-尺寸标注
  6
Continuous
 62
   252
370
     9
100
AcDbLine
 10
9622.64898975983
 20
-18263.62467065386
 30
0.0
 11
9622.64898975983
 21
-18646.95799139603
 31
0.0
  0
LINE
  5
7E3
330
7DE
100
AcDbEntity
  8
SH-尺寸标注
  6
Continuous
 62
   252
370
     9
100
AcDbLine
 10
9234.976932315234
 20
-18599.33894364869
 30
0.0
 11
9670.268037507169
 21
-18599.33894364869
 31
0.0
  0
INSERT
  5
7E4
330
7DE
100
AcDbEntity
  8
SH-尺寸标注
 62
   252
370
     9
100
AcDbBlockReference
  2
_ArchTick
 10
9282.595980062573
 20
-18599.33894364869
 30
0.0
 41
35.71428581050463
 42
35.71428581050463
 43
35.71428581050463
 50
180.0
  0
INSERT
  5
7E5
330
7DE
100
AcDbEntity
  8
SH-尺寸标注
 62
   252
370
     9
100
AcDbBlockReference
  2
_ArchTick
 10
9622.64898975983
 20
-18599.33894364869
 30
0.0
 41
35.71428581050463
 42
35.71428581050463
 43
35.71428581050463
  0
MTEXT
  5
7E6
330
7DE
100
AcDbEntity
  8
SH-尺寸标注
 62
   134
100
AcDbMText
 10
9452.6224849112
 20
-18484.06335771119
 30
0.0
 40
142.8571432420185
 41
0.0
 46
0.0
 71
     5
 72
     1
  1
\A1;340
 73
     1
 44
1.0
  0
POINT
  5
7E7
330
7DE
100
AcDbEntity
  8
Defpoints
 62
     0
100
AcDbPoint
 10
9282.595980062573
 20
-18263.62467065386
 30
0.0
  0
POINT
  5
7E8
330
7DE
100
AcDbEntity
  8
Defpoints
 62
     0
100
AcDbPoint
 10
9622.64898975983
 20
-18263.62467065386
 30
0.0
  0
POINT
  5
7E9
330
7DE
100
AcDbEntity
  8
Defpoints
 62
     0
100
AcDbPoint
 10
9622.64898975983
 20
-18599.33894364869
 30
0.0
  0
ENDBLK
  5
7E0
330
7DE
100
AcDbEntity
  8
0
100
AcDbBlockEnd
  0
BLOCK
  5
7EB
330
7EA
100
AcDbEntity
  8
0
100
AcDbBlockBegin
  2
*D89
 70
     1
 10
0.0
 20
0.0
 30
0.0
  3
*D89
  1

  0
LINE
  5
7ED
330
7EA
100
AcDbEntity
  8
SH-尺寸标注
  6
Continuous
 62
   252
370
     9
100
AcDbLine
 10
8868.903283420019
 20
-18263.62467065386
 30
0.0
 11
8868.903283420019
 21
-18646.95799139603
 31
0.0
  0
LINE
  5
7EE
330
7EA
100
AcDbEntity
  8
SH-尺寸标注
  6
Continuous
 62
   252
370
     9
100
AcDbLine
 10
9042.595980062573
 20
-18263.62467065386
 30
0.0
 11
9042.595980062573
 21
-18646.95799139603
 31
0.0
  0
LINE
  5
7EF
330
7EA
100
AcDbEntity
  8
SH-尺寸标注
  6
Continuous
 62
   252
370
     9
100
AcDbLine
 10
8821.28423567268
 20
-18599.33894364869
 30
0.0
 11
9090.215027809912
 21
-18599.33894364869
 31
0.0
  0
INSERT
  5
7F0
330
7EA
100
AcDbEntity
  8
SH-尺寸标注
 62
   252
370
     9
100
AcDbBlockReference
  2
_ArchTick
 10
8868.903283420019
 20
-18599.33894364869
 30
0.0
 41
35.71428581050463
 42
35.71428581050463
 43
35.71428581050463
 50
180.0
  0
INSERT
  5
7F1
330
7EA
100
AcDbEntity
  8
SH-尺寸标注
 62
   252
370
     9
100
AcDbBlockReference
  2
_ArchTick
 10
9042.595980062573
 20
-18599.33894364869
 30
0.0
 41
35.71428581050463
 42
35.71428581050463
 43
35.71428581050463
  0
MTEXT
  5
7F2
330
7EA
100
AcDbEntity
  8
SH-尺寸标注
 62
   134
100
AcDbMText
 10
8955.749631741295
 20
-18484.06335771119
 30
0.0
 40
142.8571432420185
 41
0.0
 46
0.0
 71
     5
 72
     1
  1
\A1;174
 73
     1
 44
1.0
  0
POINT
  5
7F3
330
7EA
100
AcDbEntity
  8
Defpoints
 62
     0
100
AcDbPoint
 10
8868.903283420019
 20
-18263.62467065386
 30
0.0
  0
POINT
  5
7F4
330
7EA
100
AcDbEntity
  8
Defpoints
 62
     0
100
AcDbPoint
 10
9042.595980062573
 20
-18263.62467065386
 30
0.0
  0
POINT
  5
7F5
330
7EA
100
AcDbEntity
  8
Defpoints
 62
     0
100
AcDbPoint
 10
9042.595980062573
 20
-18599.33894364869
 30
0.0
  0
ENDBLK
  5
7EC
330
7EA
100
AcDbEntity
  8
0
100
AcDbBlockEnd
  0
BLOCK
  5
7F7
330
7F6
100
AcDbEntity
  8
0
100
AcDbBlockBegin
  2
*D90
 70
     1
 10
0.0
 20
0.0
 30
0.0
  3
*D90
  1

  0
LINE
  5
7F9
330
7F6
100
AcDbEntity
  8
SH-尺寸标注
  6
Continuous
 62
   252
370
     9
100
AcDbLine
 10
6659.365613417838
 20
-18263.62467065386
 30
0.0
 11
6659.365613417838
 21
-18646.95799139603
 31
0.0
  0
LINE
  5
7FA
330
7F6
100
AcDbEntity
  8
SH-尺寸标注
  6
Continuous
 62
   252
370
     9
100
AcDbLine
 10
8868.903283420019
 20
-18263.62467065386
 30
0.0
 11
8868.903283420019
 21
-18646.95799139603
 31
0.0
  0
LINE
  5
7FB
330
7F6
100
AcDbEntity
  8
SH-尺寸标注
  6
Continuous
 62
   252
370
     9
100
AcDbLine
 10
6611.746565670499
 20
-18599.33894364869
 30
0.0
 11
8916.522331167358
 21
-18599.33894364869
 31
0.0
  0
INSERT
  5
7FC
330
7F6
100
AcDbEntity
  8
SH-尺寸标注
 62
   252
370
     9
100
AcDbBlockReference
  2
_ArchTick
 10
6659.365613417838
 20
-18599.33894364869
 30
0.0
 41
35.71428581050463
 42
35.71428581050463
 43
35.71428581050463
 50
180.0
  0
INSERT
  5
7FD
330
7F6
100
AcDbEntity
  8
SH-尺寸标注
 62
   252
370
     9
100
AcDbBlockReference
  2
_ArchTick
 10
8868.903283420019
 20
-18599.33894364869
 30
0.0
 41
35.71428581050463
 42
35.71428581050463
 43
35.71428581050463
  0
MTEXT
  5
7FE
330
7F6
100
AcDbEntity
  8
SH-尺寸标注
 62
   134
100
AcDbMText
 10
7764.134448418929
 20
-18484.06335771119
 30
0.0
 40
142.8571432420185
 41
0.0
 46
0.0
 71
     5
 72
     1
  1
\A1;2210
 73
     1
 44
1.0
  0
POINT
  5
7FF
330
7F6
100
AcDbEntity
  8
Defpoints
 62
     0
100
AcDbPoint
 10
6659.365613417838
 20
-18263.62467065386
 30
0.0
  0
POINT
  5
800
330
7F6
100
AcDbEntity
  8
Defpoints
 62
     0
100
AcDbPoint
 10
8868.903283420019
 20
-18263.62467065386
 30
0.0
  0
POINT
  5
801
330
7F6
100
AcDbEntity
  8
Defpoints
 62
     0
100
AcDbPoint
 10
8868.903283420019
 20
-18599.33894364869
 30
0.0
  0
ENDBLK
  5
7F8
330
7F6
100
AcDbEntity
  8
0
100
AcDbBlockEnd
  0
BLOCK
  5
803
330
802
100
AcDbEntity
  8
0
100
AcDbBlockBegin
  2
*D91
 70
     1
 10
0.0
 20
0.0
 30
0.0
  3
*D91
  1

  0
LINE
  5
805
330
802
100
AcDbEntity
  8
SH-尺寸标注
  6
Continuous
 62
   252
370
     9
100
AcDbLine
 10
5768.891783420019
 20
-18263.62467065386
 30
0.0
 11
5768.891783420019
 21
-18646.95799139603
 31
0.0
  0
LINE
  5
806
330
802
100
AcDbEntity
  8
SH-尺寸标注
  6
Continuous
 62
   252
370
     9
100
AcDbLine
 10
6419.365613417838
 20
-18263.62467065386
 30
0.0
 11
6419.365613417838
 21
-18646.95799139603
 31
0.0
  0
LINE
  5
807
330
802
100
AcDbEntity
  8
SH-尺寸标注
  6
Continuous
 62
   252
370
     9
100
AcDbLine
 10
5721.27273567268
 20
-18599.33894364869
 30
0.0
 11
6466.984661165177
 21
-18599.33894364869
 31
0.0
  0
INSERT
  5
808
330
802
100
AcDbEntity
  8
SH-尺寸标注
 62
   252
370
     9
100
AcDbBlockReference
  2
_ArchTick
 10
5768.891783420019
 20
-18599.33894364869
 30
0.0
 41
35.71428581050463
 42
35.71428581050463
 43
35.71428581050463
 50
180.0
  0
INSERT
  5
809
330
802
100
AcDbEntity
  8
SH-尺寸标注
 62
   252
370
     9
100
AcDbBlockReference
  2
_ArchTick
 10
6419.365613417838
 20
-18599.33894364869
 30
0.0
 41
35.71428581050463
 42
35.71428581050463
 43
35.71428581050463
  0
MTEXT
  5
80A
330
802
100
AcDbEntity
  8
SH-尺寸标注
 62
   134
100
AcDbMText
 10
6094.128698418929
 20
-18484.06335771119
 30
0.0
 40
142.8571432420185
 41
0.0
 46
0.0
 71
     5
 72
     1
  1
\A1;650
 73
     1
 44
1.0
  0
POINT
  5
80B
330
802
100
AcDbEntity
  8
Defpoints
 62
     0
100
AcDbPoint
 10
5768.891783420019
 20
-18263.62467065386
 30
0.0
  0
POINT
  5
80C
330
802
100
AcDbEntity
  8
Defpoints
 62
     0
100
AcDbPoint
 10
6419.365613417838
 20
-18263.62467065386
 30
0.0
  0
POINT
  5
80D
330
802
100
AcDbEntity
  8
Defpoints
 62
     0
100
AcDbPoint
 10
6419.365613417838
 20
-18599.33894364869
 30
0.0
  0
ENDBLK
  5
804
330
802
100
AcDbEntity
  8
0
100
AcDbBlockEnd
  0
BLOCK
  5
80F
330
80E
100
AcDbEntity
  8
0
100
AcDbBlockBegin
  2
*D92
 70
     1
 10
0.0
 20
0.0
 30
0.0
  3
*D92
  1

  0
LINE
  5
811
330
80E
100
AcDbEntity
  8
SH-尺寸标注
  6
Continuous
 62
   252
370
     9
100
AcDbLine
 10
3646.77116484964
 20
-18263.62467065386
 30
0.0
 11
3646.77116484964
 21
-18646.95799139603
 31
0.0
  0
LINE
  5
812
330
80E
100
AcDbEntity
  8
SH-尺寸标注
  6
Continuous
 62
   252
370
     9
100
AcDbLine
 10
5768.891783420019
 20
-18263.62467065386
 30
0.0
 11
5768.891783420019
 21
-18646.95799139603
 31
0.0
  0
LINE
  5
813
330
80E
100
AcDbEntity
  8
SH-尺寸标注
  6
Continuous
 62
   252
370
     9
100
AcDbLine
 10
3599.1521171023
 20
-18599.33894364869
 30
0.0
 11
5816.510831167358
 21
-18599.33894364869
 31
0.0
  0
INSERT
  5
814
330
80E
100
AcDbEntity
  8
SH-尺寸标注
 62
   252
370
     9
100
AcDbBlockReference
  2
_ArchTick
 10
3646.77116484964
 20
-18599.33894364869
 30
0.0
 41
35.71428581050463
 42
35.71428581050463
 43
35.71428581050463
 50
180.0
  0
INSERT
  5
815
330
80E
100
AcDbEntity
  8
SH-尺寸标注
 62
   252
370
     9
100
AcDbBlockReference
  2
_ArchTick
 10
5768.891783420019
 20
-18599.33894364869
 30
0.0
 41
35.71428581050463
 42
35.71428581050463
 43
35.71428581050463
  0
MTEXT
  5
816
330
80E
100
AcDbEntity
  8
SH-尺寸标注
 62
   134
100
AcDbMText
 10
4707.831474134829
 20
-18484.06335771119
 30
0.0
 40
142.8571432420185
 41
0.0
 46
0.0
 71
     5
 72
     1
  1
\A1;2122
 73
     1
 44
1.0
  0
POINT
  5
817
330
80E
100
AcDbEntity
  8
Defpoints
 62
     0
100
AcDbPoint
 10
3646.77116484964
 20
-18263.62467065386
 30
0.0
  0
POINT
  5
818
330
80E
100
AcDbEntity
  8
Defpoints
 62
     0
100
AcDbPoint
 10
5768.891783420019
 20
-18263.62467065386
 30
0.0
  0
POINT
  5
819
330
80E
100
AcDbEntity
  8
Defpoints
 62
     0
100
AcDbPoint
 10
5768.891783420019
 20
-18599.33894364869
 30
0.0
  0
ENDBLK
  5
810
330
80E
100
AcDbEntity
  8
0
100
AcDbBlockEnd
  0
BLOCK
  5
81B
330
81A
100
AcDbEntity
  8
0
100
AcDbBlockBegin
  2
*D93
 70
     1
 10
0.0
 20
0.0
 30
0.0
  3
*D93
  1

  0
LINE
  5
81D
330
81A
100
AcDbEntity
  8
SH-尺寸标注
  6
Continuous
 62
   252
370
     9
100
AcDbLine
 10
3388.159328948419
 20
-18263.62467065386
 30
0.0
 11
3388.159328948419
 21
-18646.95799139603
 31
0.0
  0
LINE
  5
81E
330
81A
100
AcDbEntity
  8
SH-尺寸标注
  6
Continuous
 62
   252
370
     9
100
AcDbLine
 10
3646.77116484964
 20
-18263.62467065386
 30
0.0
 11
3646.77116484964
 21
-18646.95799139603
 31
0.0
  0
LINE
  5
81F
330
81A
100
AcDbEntity
  8
SH-尺寸标注
  6
Continuous
 62
   252
370
     9
100
AcDbLine
 10
3340.54028120108
 20
-18599.33894364869
 30
0.0
 11
3694.39021259698
 21
-18599.33894364869
 31
0.0
  0
INSERT
  5
820
330
81A
100
AcDbEntity
  8
SH-尺寸标注
 62
   252
370
     9
100
AcDbBlockReference
  2
_ArchTick
 10
3388.159328948419
 20
-18599.33894364869
 30
0.0
 41
35.71428581050463
 42
35.71428581050463
 43
35.71428581050463
 50
180.0
  0
INSERT
  5
821
330
81A
100
AcDbEntity
  8
SH-尺寸标注
 62
   252
370
     9
100
AcDbBlockReference
  2
_ArchTick
 10
3646.77116484964
 20
-18599.33894364869
 30
0.0
 41
35.71428581050463
 42
35.71428581050463
 43
35.71428581050463
  0
MTEXT
  5
822
330
81A
100
AcDbEntity
  8
SH-尺寸标注
 62
   134
100
AcDbMText
 10
3517.46524689903
 20
-18714.61452958619
 30
0.0
 40
142.8571432420185
 41
0.0
 46
0.0
 71
     5
 72
     1
  1
\A1;259
 73
     1
 44
1.0
  0
POINT
  5
823
330
81A
100
AcDbEntity
  8
Defpoints
 62
     0
100
AcDbPoint
 10
3388.159328948419
 20
-18263.62467065386
 30
0.0
  0
POINT
  5
824
330
81A
100
AcDbEntity
  8
Defpoints
 62
     0
100
AcDbPoint
 10
3646.77116484964
 20
-18263.62467065386
 30
0.0
  0
POINT
  5
825
330
81A
100
AcDbEntity
  8
Defpoints
 62
     0
100
AcDbPoint
 10
3646.77116484964
 20
-18599.33894364869
 30
0.0
  0
ENDBLK
  5
81C
330
81A
100
AcDbEntity
  8
0
100
AcDbBlockEnd
  0
BLOCK
  5
827
330
826
100
AcDbEntity
  8
0
100
AcDbBlockBegin
  2
*D94
 70
     1
 10
0.0
 20
0.0
 30
0.0
  3
*D94
  1

  0
LINE
  5
829
330
826
100
AcDbEntity
  8
SH-尺寸标注
  6
Continuous
 62
   252
370
     9
100
AcDbLine
 10
3010.943517121953
 20
-18263.62467065386
 30
0.0
 11
3010.943517121953
 21
-18646.95799139603
 31
0.0
  0
LINE
  5
82A
330
826
100
AcDbEntity
  8
SH-尺寸标注
  6
Continuous
 62
   252
370
     9
100
AcDbLine
 10
3388.159328948419
 20
-18263.62467065386
 30
0.0
 11
3388.159328948419
 21
-18646.95799139603
 31
0.0
  0
LINE
  5
82B
330
826
100
AcDbEntity
  8
SH-尺寸标注
  6
Continuous
 62
   252
370
     9
100
AcDbLine
 10
2963.324469374614
 20
-18599.33894364869
 30
0.0
 11
3435.778376695759
 21
-18599.33894364869
 31
0.0
  0
INSERT
  5
82C
330
826
100
AcDbEntity
  8
SH-尺寸标注
 62
   252
370
     9
100
AcDbBlockReference
  2
_ArchTick
 10
3010.943517121953
 20
-18599.33894364869
 30
0.0
 41
35.71428581050463
 42
35.71428581050463
 43
35.71428581050463
 50
180.0
  0
INSERT
  5
82D
330
826
100
AcDbEntity
  8
SH-尺寸标注
 62
   252
370
     9
100
AcDbBlockReference
  2
_ArchTick
 10
3388.159328948419
 20
-18599.33894364869
 30
0.0
 41
35.71428581050463
 42
35.71428581050463
 43
35.71428581050463
  0
MTEXT
  5
82E
330
826
100
AcDbEntity
  8
SH-尺寸标注
 62
   134
100
AcDbMText
 10
3199.551423035186
 20
-18484.06335771119
 30
0.0
 40
142.8571432420185
 41
0.0
 46
0.0
 71
     5
 72
     1
  1
\A1;377
 73
     1
 44
1.0
  0
POINT
  5
82F
330
826
100
AcDbEntity
  8
Defpoints
 62
     0
100
AcDbPoint
 10
3010.943517121953
 20
-18263.62467065386
 30
0.0
  0
POINT
  5
830
330
826
100
AcDbEntity
  8
Defpoints
 62
     0
100
AcDbPoint
 10
3388.159328948419
 20
-18263.62467065386
 30
0.0
  0
POINT
  5
831
330
826
100
AcDbEntity
  8
Defpoints
 62
     0
100
AcDbPoint
 10
3388.159328948419
 20
-18599.33894364869
 30
0.0
  0
ENDBLK
  5
828
330
826
100
AcDbEntity
  8
0
100
AcDbBlockEnd
  0
BLOCK
  5
833
330
832
100
AcDbEntity
  8
0
100
AcDbBlockBegin
  2
*D95
 70
     1
 10
0.0
 20
0.0
 30
0.0
  3
*D95
  1

  0
LINE
  5
835
330
832
100
AcDbEntity
  8
SH-尺寸标注
  6
Continuous
 62
   252
370
     9
100
AcDbLine
 10
3141.663211881682
 20
-9786.527861935654
 30
0.0
 11
3265.35706226185
 21
-9955.643390859772
 31
0.0
  0
LINE
  5
836
330
832
100
AcDbEntity
  8
SH-尺寸标注
  6
Continuous
 62
   252
370
     9
100
AcDbLine
 10
3491.705032657812
 20
-9530.501576937828
 30
0.0
 11
3615.398883037981
 21
-9699.617105861946
 31
0.0
  0
LINE
  5
837
330
832
100
AcDbEntity
  8
SH-尺寸标注
  6
Continuous
 62
   252
370
     9
100
AcDbLine
 10
3212.118993297434
 20
-9947.38490385178
 30
0.0
 11
3623.657370045971
 21
-9646.37903689753
 31
0.0
  0
INSERT
  5
838
330
832
100
AcDbEntity
  8
SH-尺寸标注
 62
   252
370
     9
100
AcDbBlockReference
  2
_ArchTick
 10
3242.867271283638
 20
-9924.895112873568
 30
0.0
 41
28.57142986910685
 42
28.57142986910685
 43
28.57142986910685
 50
216.1823451291246
  0
INSERT
  5
839
330
832
100
AcDbEntity
  8
SH-尺寸标注
 62
   252
370
     9
100
AcDbBlockReference
  2
_ArchTick
 10
3592.909092059768
 20
-9668.868827875742
 30
0.0
 41
28.57142986910685
 42
28.57142986910685
 43
28.57142986910685
 50
36.18234512912461
  0
MTEXT
  5
83A
330
832
100
AcDbEntity
  8
SH-尺寸标注
 62
   134
100
AcDbMText
 10
3363.59393281319
 20
-9722.650301857127
 30
0.0
 40
114.2857194764274
 41
0.0
 46
0.0
 71
     5
 72
     1
  1
\A1;434
 11
0.8071422604784517
 21
0.5903569863648057
 31
0.0
 73
     1
 44
1.0
  0
POINT
  5
83B
330
832
100
AcDbEntity
  8
Defpoints
 62
     0
100
AcDbPoint
 10
3141.663211881681
 20
-9786.527861935652
 30
0.0
  0
POINT
  5
83C
330
832
100
AcDbEntity
  8
Defpoints
 62
     0
100
AcDbPoint
 10
3491.705032657811
 20
-9530.501576937826
 30
0.0
  0
POINT
  5
83D
330
832
100
AcDbEntity
  8
Defpoints
 62
     0
100
AcDbPoint
 10
3592.909092059768
 20
-9668.868827875742
 30
0.0
  0
ENDBLK
  5
834
330
832
100
AcDbEntity
  8
0
100
AcDbBlockEnd
  0
BLOCK
  5
83F
330
83E
100
AcDbEntity
  8
0
100
AcDbBlockBegin
  2
*D96
 70
     1
 10
0.0
 20
0.0
 30
0.0
  3
*D96
  1

  0
LINE
  5
841
330
83E
100
AcDbEntity
  8
SH-尺寸标注
  6
Continuous
 62
   252
370
     9
100
AcDbLine
 10
3664.620180826019
 20
-11725.96735049125
 30
0.0
 11
3874.143999866136
 21
-11725.96735049125
 31
0.0
  0
LINE
  5
842
330
83E
100
AcDbEntity
  8
SH-尺寸标注
  6
Continuous
 62
   252
370
     9
100
AcDbLine
 10
3664.620180826019
 20
-11605.96735049125
 30
0.0
 11
3874.143999866136
 21
-11605.96735049125
 31
0.0
  0
LINE
  5
843
330
83E
100
AcDbEntity
  8
SH-尺寸标注
  6
Continuous
 62
   252
370
     9
100
AcDbLine
 10
3836.04876004066
 20
-11764.06259031672
 30
0.0
 11
3836.04876004066
 21
-11567.87211066577
 31
0.0
  0
INSERT
  5
844
330
83E
100
AcDbEntity
  8
SH-尺寸标注
 62
   252
370
     9
100
AcDbBlockReference
  2
_ArchTick
 10
3836.04876004066
 20
-11725.96735049125
 30
0.0
 41
28.57142986910685
 42
28.57142986910685
 43
28.57142986910685
 50
270.0
  0
INSERT
  5
845
330
83E
100
AcDbEntity
  8
SH-尺寸标注
 62
   252
370
     9
100
AcDbBlockReference
  2
_ArchTick
 10
3836.04876004066
 20
-11605.96735049125
 30
0.0
 41
28.57142986910685
 42
28.57142986910685
 43
28.57142986910685
 50
90.0
  0
MTEXT
  5
846
330
83E
100
AcDbEntity
  8
SH-尺寸标注
 62
   134
100
AcDbMText
 10
3744.080254181285
 20
-11665.96735049125
 30
0.0
 40
114.2857194764274
 41
0.0
 46
0.0
 71
     5
 72
     1
  1
\A1;120
 11
0.0
 21
1.0
 31
0.0
 73
     1
 44
1.0
  0
POINT
  5
847
330
83E
100
AcDbEntity
  8
Defpoints
 62
     0
100
AcDbPoint
 10
3664.620180826019
 20
-11725.96735049125
 30
0.0
  0
POINT
  5
848
330
83E
100
AcDbEntity
  8
Defpoints
 62
     0
100
AcDbPoint
 10
3664.620180826019
 20
-11605.96735049125
 30
0.0
  0
POINT
  5
849
330
83E
100
AcDbEntity
  8
Defpoints
 62
     0
100
AcDbPoint
 10
3836.04876004066
 20
-11605.96735049125
 30
0.0
  0
ENDBLK
  5
840
330
83E
100
AcDbEntity
  8
0
100
AcDbBlockEnd
  0
BLOCK
  5
84B
330
84A
100
AcDbEntity
  8
0
100
AcDbBlockBegin
  2
*D97
 70
     1
 10
0.0
 20
0.0
 30
0.0
  3
*D97
  1

  0
LINE
  5
84D
330
84A
100
AcDbEntity
  8
SH-尺寸标注
  6
Continuous
 62
   252
370
     9
100
AcDbLine
 10
6912.923306859446
 20
-13098.66467237437
 30
0.0
 11
7122.447125899563
 21
-13098.66467237437
 31
0.0
  0
LINE
  5
84E
330
84A
100
AcDbEntity
  8
SH-尺寸标注
  6
Continuous
 62
   252
370
     9
100
AcDbLine
 10
6912.923306859446
 20
-12858.67117347459
 30
0.0
 11
7122.447125899563
 21
-12858.67117347459
 31
0.0
  0
LINE
  5
84F
330
84A
100
AcDbEntity
  8
SH-尺寸标注
  6
Continuous
 62
   252
370
     9
100
AcDbLine
 10
7084.351886074087
 20
-13136.75991219985
 30
0.0
 11
7084.351886074087
 21
-12820.57593364911
 31
0.0
  0
INSERT
  5
850
330
84A
100
AcDbEntity
  8
SH-尺寸标注
 62
   252
370
     9
100
AcDbBlockReference
  2
_ArchTick
 10
7084.351886074087
 20
-13098.66467237437
 30
0.0
 41
28.57142986910685
 42
28.57142986910685
 43
28.57142986910685
 50
270.0
  0
INSERT
  5
851
330
84A
100
AcDbEntity
  8
SH-尺寸标注
 62
   252
370
     9
100
AcDbBlockReference
  2
_ArchTick
 10
7084.351886074087
 20
-12858.67117347459
 30
0.0
 41
28.57142986910685
 42
28.57142986910685
 43
28.57142986910685
 50
90.0
  0
MTEXT
  5
852
330
84A
100
AcDbEntity
  8
SH-尺寸标注
 62
   134
100
AcDbMText
 10
6992.383380214712
 20
-12978.66792292448
 30
0.0
 40
114.2857194764274
 41
0.0
 46
0.0
 71
     5
 72
     1
  1
\A1;240
 11
0.0
 21
1.0
 31
0.0
 73
     1
 44
1.0
  0
POINT
  5
853
330
84A
100
AcDbEntity
  8
Defpoints
 62
     0
100
AcDbPoint
 10
6912.923306859446
 20
-13098.66467237437
 30
0.0
  0
POINT
  5
854
330
84A
100
AcDbEntity
  8
Defpoints
 62
     0
100
AcDbPoint
 10
6912.923306859446
 20
-12858.67117347459
 30
0.0
  0
POINT
  5
855
330
84A
100
AcDbEntity
  8
Defpoints
 62
     0
100
AcDbPoint
 10
7084.351886074087
 20
-12858.67117347459
 30
0.0
  0
ENDBLK
  5
84C
330
84A
100
AcDbEntity
  8
0
100
AcDbBlockEnd
  0
BLOCK
  5
857
330
856
100
AcDbEntity
  8
0
100
AcDbBlockBegin
  2
*D98
 70
     1
 10
0.0
 20
0.0
 30
0.0
  3
*D98
  1

  0
LINE
  5
859
330
856
100
AcDbEntity
  8
SH-尺寸标注
  6
Continuous
 62
   252
370
     9
100
AcDbLine
 10
5056.631998824789
 20
-13085.61140984769
 30
0.0
 11
4847.108179784672
 21
-13085.61140984769
 31
0.0
  0
LINE
  5
85A
330
856
100
AcDbEntity
  8
SH-尺寸标注
  6
Continuous
 62
   252
370
     9
100
AcDbLine
 10
5056.631998824789
 20
-11725.96735049125
 30
0.0
 11
4847.108179784672
 21
-11725.96735049125
 31
0.0
  0
LINE
  5
85B
330
856
100
AcDbEntity
  8
SH-尺寸标注
  6
Continuous
 62
   252
370
     9
100
AcDbLine
 10
4885.203419610148
 20
-13123.70664967317
 30
0.0
 11
4885.203419610148
 21
-11687.87211066577
 31
0.0
  0
INSERT
  5
85C
330
856
100
AcDbEntity
  8
SH-尺寸标注
 62
   252
370
     9
100
AcDbBlockReference
  2
_ArchTick
 10
4885.203419610148
 20
-13085.61140984769
 30
0.0
 41
28.57142986910685
 42
28.57142986910685
 43
28.57142986910685
 50
270.0
  0
INSERT
  5
85D
330
856
100
AcDbEntity
  8
SH-尺寸标注
 62
   252
370
     9
100
AcDbBlockReference
  2
_ArchTick
 10
4885.203419610148
 20
-11725.96735049125
 30
0.0
 41
28.57142986910685
 42
28.57142986910685
 43
28.57142986910685
 50
90.0
  0
MTEXT
  5
85E
330
856
100
AcDbEntity
  8
SH-尺寸标注
 62
   134
100
AcDbMText
 10
4793.234913750773
 20
-12405.78938016947
 30
0.0
 40
114.2857194764274
 41
0.0
 46
0.0
 71
     5
 72
     1
  1
\A1;1360
 11
0.0
 21
1.0
 31
0.0
 73
     1
 44
1.0
  0
POINT
  5
85F
330
856
100
AcDbEntity
  8
Defpoints
 62
     0
100
AcDbPoint
 10
5056.631998824789
 20
-13085.61140984769
 30
0.0
  0
POINT
  5
860
330
856
100
AcDbEntity
  8
Defpoints
 62
     0
100
AcDbPoint
 10
5056.631998824789
 20
-11725.96735049125
 30
0.0
  0
POINT
  5
861
330
856
100
AcDbEntity
  8
Defpoints
 62
     0
100
AcDbPoint
 10
4885.203419610148
 20
-11725.96735049125
 30
0.0
  0
ENDBLK
  5
858
330
856
100
AcDbEntity
  8
0
100
AcDbBlockEnd
  0
BLOCK
  5
863
330
862
100
AcDbEntity
  8
0
100
AcDbBlockBegin
  2
*D99
 70
     1
 10
0.0
 20
0.0
 30
0.0
  3
*D99
  1

  0
LINE
  5
865
330
862
100
AcDbEntity
  8
SH-尺寸标注
  6
Continuous
 62
   252
370
     9
100
AcDbLine
 10
12492.89293565903
 20
-11394.31617617636
 30
0.0
 11
12702.41675469914
 21
-11394.31617617636
 31
0.0
  0
LINE
  5
866
330
862
100
AcDbEntity
  8
SH-尺寸标注
  6
Continuous
 62
   252
370
     9
100
AcDbLine
 10
12492.89293565903
 20
-11154.31617617636
 30
0.0
 11
12702.41675469914
 21
-11154.31617617636
 31
0.0
  0
LINE
  5
867
330
862
100
AcDbEntity
  8
SH-尺寸标注
  6
Continuous
 62
   252
370
     9
100
AcDbLine
 10
12664.32151487367
 20
-11432.41141600184
 30
0.0
 11
12664.32151487367
 21
-11116.22093635089
 31
0.0
  0
INSERT
  5
868
330
862
100
AcDbEntity
  8
SH-尺寸标注
 62
   252
370
     9
100
AcDbBlockReference
  2
_ArchTick
 10
12664.32151487367
 20
-11394.31617617636
 30
0.0
 41
28.57142986910685
 42
28.57142986910685
 43
28.57142986910685
 50
270.0
  0
INSERT
  5
869
330
862
100
AcDbEntity
  8
SH-尺寸标注
 62
   252
370
     9
100
AcDbBlockReference
  2
_ArchTick
 10
12664.32151487367
 20
-11154.31617617636
 30
0.0
 41
28.57142986910685
 42
28.57142986910685
 43
28.57142986910685
 50
90.0
  0
MTEXT
  5
86A
330
862
100
AcDbEntity
  8
SH-尺寸标注
 62
   134
100
AcDbMText
 10
12572.35300901429
 20
-11274.31617617636
 30
0.0
 40
114.2857194764274
 41
0.0
 46
0.0
 71
     5
 72
     1
  1
\A1;240
 11
0.0
 21
1.0
 31
0.0
 73
     1
 44
1.0
  0
POINT
  5
86B
330
862
100
AcDbEntity
  8
Defpoints
 62
     0
100
AcDbPoint
 10
12492.89293565902
 20
-11394.31617617636
 30
0.0
  0
POINT
  5
86C
330
862
100
AcDbEntity
  8
Defpoints
 62
     0
100
AcDbPoint
 10
12492.89293565902
 20
-11154.31617617636
 30
0.0
  0
POINT
  5
86D
330
862
100
AcDbEntity
  8
Defpoints
 62
     0
100
AcDbPoint
 10
12664.32151487367
 20
-11154.31617617636
 30
0.0
  0
ENDBLK
  5
864
330
862
100
AcDbEntity
  8
0
100
AcDbBlockEnd
  0
BLOCK
  5
86F
330
86E
100
AcDbEntity
  8
0
100
AcDbBlockBegin
  2
*D100
 70
     1
 10
0.0
 20
0.0
 30
0.0
  3
*D100
  1

  0
LINE
  5
871
330
86E
100
AcDbEntity
  8
SH-尺寸标注
  6
Continuous
 62
   252
370
     9
100
AcDbLine
 10
9295.48321326894
 20
-17626.29578741935
 30
0.0
 11
9505.007032309057
 21
-17626.29578741935
 31
0.0
  0
LINE
  5
872
330
86E
100
AcDbEntity
  8
SH-尺寸标注
  6
Continuous
 62
   252
370
     9
100
AcDbLine
 10
9295.48321326894
 20
-13984.00505174273
 30
0.0
 11
9505.007032309057
 21
-13984.00505174273
 31
0.0
  0
LINE
  5
873
330
86E
100
AcDbEntity
  8
SH-尺寸标注
  6
Continuous
 62
   252
370
     9
100
AcDbLine
 10
9466.91179248358
 20
-17664.39102724482
 30
0.0
 11
9466.91179248358
 21
-13945.90981191726
 31
0.0
  0
INSERT
  5
874
330
86E
100
AcDbEntity
  8
SH-尺寸标注
 62
   252
370
     9
100
AcDbBlockReference
  2
_ArchTick
 10
9466.91179248358
 20
-17626.29578741935
 30
0.0
 41
28.57142986910685
 42
28.57142986910685
 43
28.57142986910685
 50
270.0
  0
INSERT
  5
875
330
86E
100
AcDbEntity
  8
SH-尺寸标注
 62
   252
370
     9
100
AcDbBlockReference
  2
_ArchTick
 10
9466.91179248358
 20
-13984.00505174273
 30
0.0
 41
28.57142986910685
 42
28.57142986910685
 43
28.57142986910685
 50
90.0
  0
MTEXT
  5
876
330
86E
100
AcDbEntity
  8
SH-尺寸标注
 62
   134
100
AcDbMText
 10
9374.943286624206
 20
-15805.15041958104
 30
0.0
 40
114.2857194764274
 41
0.0
 46
0.0
 71
     5
 72
     1
  1
\A1;3642
 11
0.0
 21
1.0
 31
0.0
 73
     1
 44
1.0
  0
POINT
  5
877
330
86E
100
AcDbEntity
  8
Defpoints
 62
     0
100
AcDbPoint
 10
9295.48321326894
 20
-17626.29578741935
 30
0.0
  0
POINT
  5
878
330
86E
100
AcDbEntity
  8
Defpoints
 62
     0
100
AcDbPoint
 10
9295.48321326894
 20
-13984.00505174273
 30
0.0
  0
POINT
  5
879
330
86E
100
AcDbEntity
  8
Defpoints
 62
     0
100
AcDbPoint
 10
9466.91179248358
 20
-13984.00505174273
 30
0.0
  0
ENDBLK
  5
870
330
86E
100
AcDbEntity
  8
0
100
AcDbBlockEnd
  0
BLOCK
  5
87B
330
87A
100
AcDbEntity
  8
0
100
AcDbBlockBegin
  2
*D101
 70
     1
 10
0.0
 20
0.0
 30
0.0
  3
*D101
  1

  0
LINE
  5
87D
330
87A
100
AcDbEntity
  8
SH-尺寸标注
  6
Continuous
 62
   252
370
     9
100
AcDbLine
 10
5292.886218694203
 20
-12847.37144611787
 30
0.0
 11
5502.41003773432
 21
-12847.37144611787
 31
0.0
  0
LINE
  5
87E
330
87A
100
AcDbEntity
  8
SH-尺寸标注
  6
Continuous
 62
   252
370
     9
100
AcDbLine
 10
5292.886218694203
 20
-9351.78023494058
 30
0.0
 11
5502.41003773432
 21
-9351.78023494058
 31
0.0
  0
LINE
  5
87F
330
87A
100
AcDbEntity
  8
SH-尺寸标注
  6
Continuous
 62
   252
370
     9
100
AcDbLine
 10
5464.314797908844
 20
-12885.46668594334
 30
0.0
 11
5464.314797908844
 21
-9313.684995115103
 31
0.0
  0
INSERT
  5
880
330
87A
100
AcDbEntity
  8
SH-尺寸标注
 62
   252
370
     9
100
AcDbBlockReference
  2
_ArchTick
 10
5464.314797908844
 20
-12847.37144611787
 30
0.0
 41
28.57142986910685
 42
28.57142986910685
 43
28.57142986910685
 50
270.0
  0
INSERT
  5
881
330
87A
100
AcDbEntity
  8
SH-尺寸标注
 62
   252
370
     9
100
AcDbBlockReference
  2
_ArchTick
 10
5464.314797908844
 20
-9351.78023494058
 30
0.0
 41
28.57142986910685
 42
28.57142986910685
 43
28.57142986910685
 50
90.0
  0
MTEXT
  5
882
330
87A
100
AcDbEntity
  8
SH-尺寸标注
 62
   134
100
AcDbMText
 10
5372.346292049469
 20
-11099.57584052922
 30
0.0
 40
114.2857194764274
 41
0.0
 46
0.0
 71
     5
 72
     1
  1
\A1;3496
 11
0.0
 21
1.0
 31
0.0
 73
     1
 44
1.0
  0
POINT
  5
883
330
87A
100
AcDbEntity
  8
Defpoints
 62
     0
100
AcDbPoint
 10
5292.886218694203
 20
-12847.37144611787
 30
0.0
  0
POINT
  5
884
330
87A
100
AcDbEntity
  8
Defpoints
 62
     0
100
AcDbPoint
 10
5292.886218694203
 20
-9351.78023494058
 30
0.0
  0
POINT
  5
885
330
87A
100
AcDbEntity
  8
Defpoints
 62
     0
100
AcDbPoint
 10
5464.314797908844
 20
-9351.78023494058
 30
0.0
  0
ENDBLK
  5
87C
330
87A
100
AcDbEntity
  8
0
100
AcDbBlockEnd
  0
BLOCK
  5
887
330
886
100
AcDbEntity
  8
0
100
AcDbBlockBegin
  2
*D102
 70
     1
 10
0.0
 20
0.0
 30
0.0
  3
*D102
  1

  0
LINE
  5
889
330
886
100
AcDbEntity
  8
SH-尺寸标注
  6
Continuous
 62
   252
370
     9
100
AcDbLine
 10
9894.13907901855
 20
-10751.99678735776
 30
0.0
 11
10103.66289805867
 21
-10751.99678735776
 31
0.0
  0
LINE
  5
88A
330
886
100
AcDbEntity
  8
SH-尺寸标注
  6
Continuous
 62
   252
370
     9
100
AcDbLine
 10
9894.13907901855
 20
-10511.99678735776
 30
0.0
 11
10103.66289805867
 21
-10511.99678735776
 31
0.0
  0
LINE
  5
88B
330
886
100
AcDbEntity
  8
SH-尺寸标注
  6
Continuous
 62
   252
370
     9
100
AcDbLine
 10
10065.56765823319
 20
-10790.09202718323
 30
0.0
 11
10065.56765823319
 21
-10473.90154753228
 31
0.0
  0
INSERT
  5
88C
330
886
100
AcDbEntity
  8
SH-尺寸标注
 62
   252
370
     9
100
AcDbBlockReference
  2
_ArchTick
 10
10065.56765823319
 20
-10751.99678735776
 30
0.0
 41
28.57142986910685
 42
28.57142986910685
 43
28.57142986910685
 50
270.0
  0
INSERT
  5
88D
330
886
100
AcDbEntity
  8
SH-尺寸标注
 62
   252
370
     9
100
AcDbBlockReference
  2
_ArchTick
 10
10065.56765823319
 20
-10511.99678735776
 30
0.0
 41
28.57142986910685
 42
28.57142986910685
 43
28.57142986910685
 50
90.0
  0
MTEXT
  5
88E
330
886
100
AcDbEntity
  8
SH-尺寸标注
 62
   134
100
AcDbMText
 10
9973.599152373816
 20
-10631.99678735776
 30
0.0
 40
114.2857194764274
 41
0.0
 46
0.0
 71
     5
 72
     1
  1
\A1;240
 11
0.0
 21
1.0
 31
0.0
 73
     1
 44
1.0
  0
POINT
  5
88F
330
886
100
AcDbEntity
  8
Defpoints
 62
     0
100
AcDbPoint
 10
9894.13907901855
 20
-10751.99678735776
 30
0.0
  0
POINT
  5
890
330
886
100
AcDbEntity
  8
Defpoints
 62
     0
100
AcDbPoint
 10
9894.13907901855
 20
-10511.99678735776
 30
0.0
  0
POINT
  5
891
330
886
100
AcDbEntity
  8
Defpoints
 62
     0
100
AcDbPoint
 10
10065.56765823319
 20
-10511.99678735776
 30
0.0
  0
ENDBLK
  5
888
330
886
100
AcDbEntity
  8
0
100
AcDbBlockEnd
  0
BLOCK
  5
893
330
892
100
AcDbEntity
  8
0
100
AcDbBlockBegin
  2
*D103
 70
     1
 10
0.0
 20
0.0
 30
0.0
  3
*D103
  1

  0
LINE
  5
895
330
892
100
AcDbEntity
  8
SH-尺寸标注
  6
Continuous
 62
   252
370
     9
100
AcDbLine
 10
7626.948714238343
 20
-10751.99678735776
 30
0.0
 11
7417.424895198226
 21
-10751.99678735776
 31
0.0
  0
LINE
  5
896
330
892
100
AcDbEntity
  8
SH-尺寸标注
  6
Continuous
 62
   252
370
     9
100
AcDbLine
 10
7626.948714238343
 20
-9351.78023494058
 30
0.0
 11
7417.424895198226
 21
-9351.78023494058
 31
0.0
  0
LINE
  5
897
330
892
100
AcDbEntity
  8
SH-尺寸标注
  6
Continuous
 62
   252
370
     9
100
AcDbLine
 10
7455.520135023702
 20
-10790.09202718323
 30
0.0
 11
7455.520135023702
 21
-9313.684995115103
 31
0.0
  0
INSERT
  5
898
330
892
100
AcDbEntity
  8
SH-尺寸标注
 62
   252
370
     9
100
AcDbBlockReference
  2
_ArchTick
 10
7455.520135023702
 20
-10751.99678735776
 30
0.0
 41
28.57142986910685
 42
28.57142986910685
 43
28.57142986910685
 50
270.0
  0
INSERT
  5
899
330
892
100
AcDbEntity
  8
SH-尺寸标注
 62
   252
370
     9
100
AcDbBlockReference
  2
_ArchTick
 10
7455.520135023702
 20
-9351.78023494058
 30
0.0
 41
28.57142986910685
 42
28.57142986910685
 43
28.57142986910685
 50
90.0
  0
MTEXT
  5
89A
330
892
100
AcDbEntity
  8
SH-尺寸标注
 62
   134
100
AcDbMText
 10
7363.551629164327
 20
-10051.88851114917
 30
0.0
 40
114.2857194764274
 41
0.0
 46
0.0
 71
     5
 72
     1
  1
\A1;1400
 11
0.0
 21
1.0
 31
0.0
 73
     1
 44
1.0
  0
POINT
  5
89B
330
892
100
AcDbEntity
  8
Defpoints
 62
     0
100
AcDbPoint
 10
7626.948714238344
 20
-10751.99678735776
 30
0.0
  0
POINT
  5
89C
330
892
100
AcDbEntity
  8
Defpoints
 62
     0
100
AcDbPoint
 10
7626.948714238344
 20
-9351.78023494058
 30
0.0
  0
POINT
  5
89D
330
892
100
AcDbEntity
  8
Defpoints
 62
     0
100
AcDbPoint
 10
7455.520135023702
 20
-9351.78023494058
 30
0.0
  0
ENDBLK
  5
894
330
892
100
AcDbEntity
  8
0
100
AcDbBlockEnd
  0
BLOCK
  5
89F
330
89E
100
AcDbEntity
  8
0
100
AcDbBlockBegin
  2
*D104
 70
     1
 10
0.0
 20
0.0
 30
0.0
  3
*D104
  1

  0
LINE
  5
8A1
330
89E
100
AcDbEntity
  8
SH-尺寸标注
  6
Continuous
 62
   252
370
     9
100
AcDbLine
 10
7626.948714238343
 20
-12865.17965432835
 30
0.0
 11
7417.424895198226
 21
-12865.17965432835
 31
0.0
  0
LINE
  5
8A2
330
89E
100
AcDbEntity
  8
SH-尺寸标注
  6
Continuous
 62
   252
370
     9
100
AcDbLine
 10
7626.948714238343
 20
-10751.99678735776
 30
0.0
 11
7417.424895198226
 21
-10751.99678735776
 31
0.0
  0
LINE
  5
8A3
330
89E
100
AcDbEntity
  8
SH-尺寸标注
  6
Continuous
 62
   252
370
     9
100
AcDbLine
 10
7455.520135023702
 20
-12903.27489415382
 30
0.0
 11
7455.520135023702
 21
-10713.90154753228
 31
0.0
  0
INSERT
  5
8A4
330
89E
100
AcDbEntity
  8
SH-尺寸标注
 62
   252
370
     9
100
AcDbBlockReference
  2
_ArchTick
 10
7455.520135023702
 20
-12865.17965432835
 30
0.0
 41
28.57142986910685
 42
28.57142986910685
 43
28.57142986910685
 50
270.0
  0
INSERT
  5
8A5
330
89E
100
AcDbEntity
  8
SH-尺寸标注
 62
   252
370
     9
100
AcDbBlockReference
  2
_ArchTick
 10
7455.520135023702
 20
-10751.99678735776
 30
0.0
 41
28.57142986910685
 42
28.57142986910685
 43
28.57142986910685
 50
90.0
  0
MTEXT
  5
8A6
330
89E
100
AcDbEntity
  8
SH-尺寸标注
 62
   134
100
AcDbMText
 10
7363.551629164327
 20
-11808.58822084305
 30
0.0
 40
114.2857194764274
 41
0.0
 46
0.0
 71
     5
 72
     1
  1
\A1;2113
 11
0.0
 21
1.0
 31
0.0
 73
     1
 44
1.0
  0
POINT
  5
8A7
330
89E
100
AcDbEntity
  8
Defpoints
 62
     0
100
AcDbPoint
 10
7626.948714238344
 20
-12865.17965432835
 30
0.0
  0
POINT
  5
8A8
330
89E
100
AcDbEntity
  8
Defpoints
 62
     0
100
AcDbPoint
 10
7626.948714238344
 20
-10751.99678735776
 30
0.0
  0
POINT
  5
8A9
330
89E
100
AcDbEntity
  8
Defpoints
 62
     0
100
AcDbPoint
 10
7455.520135023702
 20
-10751.99678735776
 30
0.0
  0
ENDBLK
  5
8A0
330
89E
100
AcDbEntity
  8
0
100
AcDbBlockEnd
  0
BLOCK
  5
8AB
330
8AA
100
AcDbEntity
  8
0
100
AcDbBlockBegin
  2
*D105
 70
     1
 10
0.0
 20
0.0
 30
0.0
  3
*D105
  1

  0
LINE
  5
8AD
330
8AA
100
AcDbEntity
  8
SH-尺寸标注
  6
Continuous
 62
   252
370
     9
100
AcDbLine
 10
14380.7006469545
 20
-17626.29578741935
 30
0.0
 11
14171.17682791439
 21
-17626.29578741935
 31
0.0
  0
LINE
  5
8AE
330
8AA
100
AcDbEntity
  8
SH-尺寸标注
  6
Continuous
 62
   252
370
     9
100
AcDbLine
 10
14380.7006469545
 20
-13978.50242905984
 30
0.0
 11
14171.17682791439
 21
-13978.50242905984
 31
0.0
  0
LINE
  5
8AF
330
8AA
100
AcDbEntity
  8
SH-尺寸标注
  6
Continuous
 62
   252
370
     9
100
AcDbLine
 10
14209.27206773986
 20
-17664.39102724482
 30
0.0
 11
14209.27206773986
 21
-13940.40718923436
 31
0.0
  0
INSERT
  5
8B0
330
8AA
100
AcDbEntity
  8
SH-尺寸标注
 62
   252
370
     9
100
AcDbBlockReference
  2
_ArchTick
 10
14209.27206773986
 20
-17626.29578741935
 30
0.0
 41
28.57142986910685
 42
28.57142986910685
 43
28.57142986910685
 50
270.0
  0
INSERT
  5
8B1
330
8AA
100
AcDbEntity
  8
SH-尺寸标注
 62
   252
370
     9
100
AcDbBlockReference
  2
_ArchTick
 10
14209.27206773986
 20
-13978.50242905984
 30
0.0
 41
28.57142986910685
 42
28.57142986910685
 43
28.57142986910685
 50
90.0
  0
MTEXT
  5
8B2
330
8AA
100
AcDbEntity
  8
SH-尺寸标注
 62
   134
100
AcDbMText
 10
14117.30356188049
 20
-15802.39910823959
 30
0.0
 40
114.2857194764274
 41
0.0
 46
0.0
 71
     5
 72
     1
  1
\A1;3648
 11
0.0
 21
1.0
 31
0.0
 73
     1
 44
1.0
  0
POINT
  5
8B3
330
8AA
100
AcDbEntity
  8
Defpoints
 62
     0
100
AcDbPoint
 10
14380.7006469545
 20
-17626.29578741935
 30
0.0
  0
POINT
  5
8B4
330
8AA
100
AcDbEntity
  8
Defpoints
 62
     0
100
AcDbPoint
 10
14380.7006469545
 20
-13978.50242905984
 30
0.0
  0
POINT
  5
8B5
330
8AA
100
AcDbEntity
  8
Defpoints
 62
     0
100
AcDbPoint
 10
14209.27206773986
 20
-13978.50242905984
 30
0.0
  0
ENDBLK
  5
8AC
330
8AA
100
AcDbEntity
  8
0
100
AcDbBlockEnd
  0
BLOCK
  5
8B7
330
8B6
100
AcDbEntity
  8
0
100
AcDbBlockBegin
  2
*D106
 70
     1
 10
0.0
 20
0.0
 30
0.0
  3
*D106
  1

  0
LINE
  5
8B9
330
8B6
100
AcDbEntity
  8
SH-尺寸标注
  6
Continuous
 62
   252
370
     9
100
AcDbLine
 10
14646.70355494053
 20
-13191.45253494487
 30
0.0
 11
14856.22737398065
 21
-13191.45253494487
 31
0.0
  0
LINE
  5
8BA
330
8B6
100
AcDbEntity
  8
SH-尺寸标注
  6
Continuous
 62
   252
370
     9
100
AcDbLine
 10
14646.70355494053
 20
-13086.49142798278
 30
0.0
 11
14856.22737398065
 21
-13086.49142798278
 31
0.0
  0
LINE
  5
8BB
330
8B6
100
AcDbEntity
  8
SH-尺寸标注
  6
Continuous
 62
   252
370
     9
100
AcDbLine
 10
14818.13213415518
 20
-13229.54777477035
 30
0.0
 11
14818.13213415518
 21
-13048.3961881573
 31
0.0
  0
INSERT
  5
8BC
330
8B6
100
AcDbEntity
  8
SH-尺寸标注
 62
   252
370
     9
100
AcDbBlockReference
  2
_ArchTick
 10
14818.13213415518
 20
-13191.45253494487
 30
0.0
 41
28.57142986910685
 42
28.57142986910685
 43
28.57142986910685
 50
270.0
  0
INSERT
  5
8BD
330
8B6
100
AcDbEntity
  8
SH-尺寸标注
 62
   252
370
     9
100
AcDbBlockReference
  2
_ArchTick
 10
14818.13213415518
 20
-13086.49142798278
 30
0.0
 41
28.57142986910685
 42
28.57142986910685
 43
28.57142986910685
 50
90.0
  0
MTEXT
  5
8BE
330
8B6
100
AcDbEntity
  8
SH-尺寸标注
 62
   134
100
AcDbMText
 10
14726.1636282958
 20
-13138.97198146382
 30
0.0
 40
114.2857194764274
 41
0.0
 46
0.0
 71
     5
 72
     1
  1
\A1;105
 11
0.0
 21
1.0
 31
0.0
 73
     1
 44
1.0
  0
POINT
  5
8BF
330
8B6
100
AcDbEntity
  8
Defpoints
 62
     0
100
AcDbPoint
 10
14646.70355494053
 20
-13191.45253494487
 30
0.0
  0
POINT
  5
8C0
330
8B6
100
AcDbEntity
  8
Defpoints
 62
     0
100
AcDbPoint
 10
14646.70355494053
 20
-13086.49142798278
 30
0.0
  0
POINT
  5
8C1
330
8B6
100
AcDbEntity
  8
Defpoints
 62
     0
100
AcDbPoint
 10
14818.13213415518
 20
-13086.49142798278
 30
0.0
  0
ENDBLK
  5
8B8
330
8B6
100
AcDbEntity
  8
0
100
AcDbBlockEnd
  0
BLOCK
  5
8C3
330
8C2
100
AcDbEntity
  8
0
100
AcDbBlockBegin
  2
*D107
 70
     1
 10
0.0
 20
0.0
 30
0.0
  3
*D107
  1

  0
LINE
  5
8C5
330
8C2
100
AcDbEntity
  8
SH-尺寸标注
  6
Continuous
 62
   252
370
     9
100
AcDbLine
 10
14646.70355494053
 20
-13978.50242905984
 30
0.0
 11
14856.22737398065
 21
-13978.50242905984
 31
0.0
  0
LINE
  5
8C6
330
8C2
100
AcDbEntity
  8
SH-尺寸标注
  6
Continuous
 62
   252
370
     9
100
AcDbLine
 10
14646.70355494053
 20
-13191.45253494487
 30
0.0
 11
14856.22737398065
 21
-13191.45253494487
 31
0.0
  0
LINE
  5
8C7
330
8C2
100
AcDbEntity
  8
SH-尺寸标注
  6
Continuous
 62
   252
370
     9
100
AcDbLine
 10
14818.13213415518
 20
-14016.59766888532
 30
0.0
 11
14818.13213415518
 21
-13153.35729511939
 31
0.0
  0
INSERT
  5
8C8
330
8C2
100
AcDbEntity
  8
SH-尺寸标注
 62
   252
370
     9
100
AcDbBlockReference
  2
_ArchTick
 10
14818.13213415518
 20
-13978.50242905984
 30
0.0
 41
28.57142986910685
 42
28.57142986910685
 43
28.57142986910685
 50
270.0
  0
INSERT
  5
8C9
330
8C2
100
AcDbEntity
  8
SH-尺寸标注
 62
   252
370
     9
100
AcDbBlockReference
  2
_ArchTick
 10
14818.13213415518
 20
-13191.45253494487
 30
0.0
 41
28.57142986910685
 42
28.57142986910685
 43
28.57142986910685
 50
90.0
  0
MTEXT
  5
8CA
330
8C2
100
AcDbEntity
  8
SH-尺寸标注
 62
   134
100
AcDbMText
 10
14726.1636282958
 20
-13584.97748200236
 30
0.0
 40
114.2857194764274
 41
0.0
 46
0.0
 71
     5
 72
     1
  1
\A1;787
 11
0.0
 21
1.0
 31
0.0
 73
     1
 44
1.0
  0
POINT
  5
8CB
330
8C2
100
AcDbEntity
  8
Defpoints
 62
     0
100
AcDbPoint
 10
14646.70355494053
 20
-13978.50242905984
 30
0.0
  0
POINT
  5
8CC
330
8C2
100
AcDbEntity
  8
Defpoints
 62
     0
100
AcDbPoint
 10
14646.70355494053
 20
-13191.45253494487
 30
0.0
  0
POINT
  5
8CD
330
8C2
100
AcDbEntity
  8
Defpoints
 62
     0
100
AcDbPoint
 10
14818.13213415518
 20
-13191.45253494487
 30
0.0
  0
ENDBLK
  5
8C4
330
8C2
100
AcDbEntity
  8
0
100
AcDbBlockEnd
  0
BLOCK
  5
8CF
330
8CE
100
AcDbEntity
  8
0
100
AcDbBlockBegin
  2
*D108
 70
     1
 10
0.0
 20
0.0
 30
0.0
  3
*D108
  1

  0
LINE
  5
8D1
330
8CE
100
AcDbEntity
  8
SH-尺寸标注
  6
Continuous
 62
   252
370
     9
100
AcDbLine
 10
14646.70355494053
 20
-16685.9774724193
 30
0.0
 11
14856.22737398065
 21
-16685.9774724193
 31
0.0
  0
LINE
  5
8D2
330
8CE
100
AcDbEntity
  8
SH-尺寸标注
  6
Continuous
 62
   252
370
     9
100
AcDbLine
 10
14646.70355494053
 20
-13978.50242905984
 30
0.0
 11
14856.22737398065
 21
-13978.50242905984
 31
0.0
  0
LINE
  5
8D3
330
8CE
100
AcDbEntity
  8
SH-尺寸标注
  6
Continuous
 62
   252
370
     9
100
AcDbLine
 10
14818.13213415518
 20
-16724.07271224477
 30
0.0
 11
14818.13213415518
 21
-13940.40718923436
 31
0.0
  0
INSERT
  5
8D4
330
8CE
100
AcDbEntity
  8
SH-尺寸标注
 62
   252
370
     9
100
AcDbBlockReference
  2
_ArchTick
 10
14818.13213415518
 20
-16685.9774724193
 30
0.0
 41
28.57142986910685
 42
28.57142986910685
 43
28.57142986910685
 50
270.0
  0
INSERT
  5
8D5
330
8CE
100
AcDbEntity
  8
SH-尺寸标注
 62
   252
370
     9
100
AcDbBlockReference
  2
_ArchTick
 10
14818.13213415518
 20
-13978.50242905984
 30
0.0
 41
28.57142986910685
 42
28.57142986910685
 43
28.57142986910685
 50
90.0
  0
MTEXT
  5
8D6
330
8CE
100
AcDbEntity
  8
SH-尺寸标注
 62
   134
100
AcDbMText
 10
14726.1636282958
 20
-15332.23995073957
 30
0.0
 40
114.2857194764274
 41
0.0
 46
0.0
 71
     5
 72
     1
  1
\A1;2707
 11
0.0
 21
1.0
 31
0.0
 73
     1
 44
1.0
  0
POINT
  5
8D7
330
8CE
100
AcDbEntity
  8
Defpoints
 62
     0
100
AcDbPoint
 10
14646.70355494053
 20
-16685.9774724193
 30
0.0
  0
POINT
  5
8D8
330
8CE
100
AcDbEntity
  8
Defpoints
 62
     0
100
AcDbPoint
 10
14646.70355494053
 20
-13978.50242905984
 30
0.0
  0
POINT
  5
8D9
330
8CE
100
AcDbEntity
  8
Defpoints
 62
     0
100
AcDbPoint
 10
14818.13213415518
 20
-13978.50242905984
 30
0.0
  0
ENDBLK
  5
8D0
330
8CE
100
AcDbEntity
  8
0
100
AcDbBlockEnd
  0
BLOCK
  5
8DB
330
8DA
100
AcDbEntity
  8
0
100
AcDbBlockBegin
  2
*D109
 70
     1
 10
0.0
 20
0.0
 30
0.0
  3
*D109
  1

  0
LINE
  5
8DD
330
8DA
100
AcDbEntity
  8
SH-尺寸标注
  6
Continuous
 62
   252
370
     9
100
AcDbLine
 10
6406.453181827325
 20
-17626.29578741935
 30
0.0
 11
6196.929362787208
 21
-17626.29578741935
 31
0.0
  0
LINE
  5
8DE
330
8DA
100
AcDbEntity
  8
SH-尺寸标注
  6
Continuous
 62
   252
370
     9
100
AcDbLine
 10
6406.453181827325
 20
-13926.97676905984
 30
0.0
 11
6196.929362787208
 21
-13926.97676905984
 31
0.0
  0
LINE
  5
8DF
330
8DA
100
AcDbEntity
  8
SH-尺寸标注
  6
Continuous
 62
   252
370
     9
100
AcDbLine
 10
6235.024602612684
 20
-17664.39102724482
 30
0.0
 11
6235.024602612684
 21
-13888.88152923436
 31
0.0
  0
INSERT
  5
8E0
330
8DA
100
AcDbEntity
  8
SH-尺寸标注
 62
   252
370
     9
100
AcDbBlockReference
  2
_ArchTick
 10
6235.024602612684
 20
-17626.29578741935
 30
0.0
 41
28.57142986910685
 42
28.57142986910685
 43
28.57142986910685
 50
270.0
  0
INSERT
  5
8E1
330
8DA
100
AcDbEntity
  8
SH-尺寸标注
 62
   252
370
     9
100
AcDbBlockReference
  2
_ArchTick
 10
6235.024602612684
 20
-13926.97676905984
 30
0.0
 41
28.57142986910685
 42
28.57142986910685
 43
28.57142986910685
 50
90.0
  0
MTEXT
  5
8E2
330
8DA
100
AcDbEntity
  8
SH-尺寸标注
 62
   134
100
AcDbMText
 10
6143.056096753309
 20
-15776.63627823959
 30
0.0
 40
114.2857194764274
 41
0.0
 46
0.0
 71
     5
 72
     1
  1
\A1;3699
 11
0.0
 21
1.0
 31
0.0
 73
     1
 44
1.0
  0
POINT
  5
8E3
330
8DA
100
AcDbEntity
  8
Defpoints
 62
     0
100
AcDbPoint
 10
6406.453181827325
 20
-17626.29578741935
 30
0.0
  0
POINT
  5
8E4
330
8DA
100
AcDbEntity
  8
Defpoints
 62
     0
100
AcDbPoint
 10
6406.453181827325
 20
-13926.97676905984
 30
0.0
  0
POINT
  5
8E5
330
8DA
100
AcDbEntity
  8
Defpoints
 62
     0
100
AcDbPoint
 10
6235.024602612684
 20
-13926.97676905984
 30
0.0
  0
ENDBLK
  5
8DC
330
8DA
100
AcDbEntity
  8
0
100
AcDbBlockEnd
  0
BLOCK
  5
8E7
330
8E6
100
AcDbEntity
  8
0
100
AcDbBlockBegin
  2
*D110
 70
     1
 10
0.0
 20
0.0
 30
0.0
  3
*D110
  1

  0
LINE
  5
8E9
330
8E6
100
AcDbEntity
  8
SH-尺寸标注
  6
Continuous
 62
   252
370
     9
100
AcDbLine
 10
6912.923306859446
 20
-13926.97676905984
 30
0.0
 11
7122.447125899563
 21
-13926.97676905984
 31
0.0
  0
LINE
  5
8EA
330
8E6
100
AcDbEntity
  8
SH-尺寸标注
  6
Continuous
 62
   252
370
     9
100
AcDbLine
 10
6912.923306859446
 20
-13139.92687494487
 30
0.0
 11
7122.447125899563
 21
-13139.92687494487
 31
0.0
  0
LINE
  5
8EB
330
8E6
100
AcDbEntity
  8
SH-尺寸标注
  6
Continuous
 62
   252
370
     9
100
AcDbLine
 10
7084.351886074087
 20
-13965.07200888532
 30
0.0
 11
7084.351886074087
 21
-13101.83163511939
 31
0.0
  0
INSERT
  5
8EC
330
8E6
100
AcDbEntity
  8
SH-尺寸标注
 62
   252
370
     9
100
AcDbBlockReference
  2
_ArchTick
 10
7084.351886074087
 20
-13926.97676905984
 30
0.0
 41
28.57142986910685
 42
28.57142986910685
 43
28.57142986910685
 50
270.0
  0
INSERT
  5
8ED
330
8E6
100
AcDbEntity
  8
SH-尺寸标注
 62
   252
370
     9
100
AcDbBlockReference
  2
_ArchTick
 10
7084.351886074087
 20
-13139.92687494487
 30
0.0
 41
28.57142986910685
 42
28.57142986910685
 43
28.57142986910685
 50
90.0
  0
MTEXT
  5
8EE
330
8E6
100
AcDbEntity
  8
SH-尺寸标注
 62
   134
100
AcDbMText
 10
6992.383380214712
 20
-13533.45182200235
 30
0.0
 40
114.2857194764274
 41
0.0
 46
0.0
 71
     5
 72
     1
  1
\A1;787
 11
0.0
 21
1.0
 31
0.0
 73
     1
 44
1.0
  0
POINT
  5
8EF
330
8E6
100
AcDbEntity
  8
Defpoints
 62
     0
100
AcDbPoint
 10
6912.923306859446
 20
-13926.97676905984
 30
0.0
  0
POINT
  5
8F0
330
8E6
100
AcDbEntity
  8
Defpoints
 62
     0
100
AcDbPoint
 10
6912.923306859446
 20
-13139.92687494487
 30
0.0
  0
POINT
  5
8F1
330
8E6
100
AcDbEntity
  8
Defpoints
 62
     0
100
AcDbPoint
 10
7084.351886074087
 20
-13139.92687494487
 30
0.0
  0
ENDBLK
  5
8E8
330
8E6
100
AcDbEntity
  8
0
100
AcDbBlockEnd
  0
BLOCK
  5
8F3
330
8F2
100
AcDbEntity
  8
0
100
AcDbBlockBegin
  2
*D111
 70
     1
 10
0.0
 20
0.0
 30
0.0
  3
*D111
  1

  0
LINE
  5
8F5
330
8F2
100
AcDbEntity
  8
SH-尺寸标注
  6
Continuous
 62
   252
370
     9
100
AcDbLine
 10
6912.923306859446
 20
-13984.00505174273
 30
0.0
 11
7122.447125899563
 21
-13984.00505174273
 31
0.0
  0
LINE
  5
8F6
330
8F2
100
AcDbEntity
  8
SH-尺寸标注
  6
Continuous
 62
   252
370
     9
100
AcDbLine
 10
6912.923306859446
 20
-13926.97676905984
 30
0.0
 11
7122.447125899563
 21
-13926.97676905984
 31
0.0
  0
LINE
  5
8F7
330
8F2
100
AcDbEntity
  8
SH-尺寸标注
  6
Continuous
 62
   252
370
     9
100
AcDbLine
 10
7084.351886074087
 20
-14022.10029156821
 30
0.0
 11
7084.351886074087
 21
-13888.88152923436
 31
0.0
  0
INSERT
  5
8F8
330
8F2
100
AcDbEntity
  8
SH-尺寸标注
 62
   252
370
     9
100
AcDbBlockReference
  2
_ArchTick
 10
7084.351886074087
 20
-13984.00505174273
 30
0.0
 41
28.57142986910685
 42
28.57142986910685
 43
28.57142986910685
 50
270.0
  0
INSERT
  5
8F9
330
8F2
100
AcDbEntity
  8
SH-尺寸标注
 62
   252
370
     9
100
AcDbBlockReference
  2
_ArchTick
 10
7084.351886074087
 20
-13926.97676905984
 30
0.0
 41
28.57142986910685
 42
28.57142986910685
 43
28.57142986910685
 50
90.0
  0
MTEXT
  5
8FA
330
8F2
100
AcDbEntity
  8
SH-尺寸标注
 62
   134
100
AcDbMText
 10
6992.383380214712
 20
-13955.49091040129
 30
0.0
 40
114.2857194764274
 41
0.0
 46
0.0
 71
     5
 72
     1
  1
\A1;57
 11
0.0
 21
1.0
 31
0.0
 73
     1
 44
1.0
  0
POINT
  5
8FB
330
8F2
100
AcDbEntity
  8
Defpoints
 62
     0
100
AcDbPoint
 10
6912.923306859446
 20
-13984.00505174273
 30
0.0
  0
POINT
  5
8FC
330
8F2
100
AcDbEntity
  8
Defpoints
 62
     0
100
AcDbPoint
 10
6912.923306859446
 20
-13926.97676905984
 30
0.0
  0
POINT
  5
8FD
330
8F2
100
AcDbEntity
  8
Defpoints
 62
     0
100
AcDbPoint
 10
7084.351886074087
 20
-13926.97676905984
 30
0.0
  0
ENDBLK
  5
8F4
330
8F2
100
AcDbEntity
  8
0
100
AcDbBlockEnd
  0
BLOCK
  5
8FF
330
8FE
100
AcDbEntity
  8
0
100
AcDbBlockBegin
  2
*D112
 70
     1
 10
0.0
 20
0.0
 30
0.0
  3
*D112
  1

  0
LINE
  5
901
330
8FE
100
AcDbEntity
  8
SH-尺寸标注
  6
Continuous
 62
   252
370
     9
100
AcDbLine
 10
8917.362851358597
 20
-14104.00505174273
 30
0.0
 11
8707.839032318481
 21
-14104.00505174273
 31
0.0
  0
LINE
  5
902
330
8FE
100
AcDbEntity
  8
SH-尺寸标注
  6
Continuous
 62
   252
370
     9
100
AcDbLine
 10
8917.362851358597
 20
-13984.00505174273
 30
0.0
 11
8707.839032318481
 21
-13984.00505174273
 31
0.0
  0
LINE
  5
903
330
8FE
100
AcDbEntity
  8
SH-尺寸标注
  6
Continuous
 62
   252
370
     9
100
AcDbLine
 10
8745.934272143957
 20
-14142.10029156821
 30
0.0
 11
8745.934272143957
 21
-13945.90981191726
 31
0.0
  0
INSERT
  5
904
330
8FE
100
AcDbEntity
  8
SH-尺寸标注
 62
   252
370
     9
100
AcDbBlockReference
  2
_ArchTick
 10
8745.934272143957
 20
-14104.00505174273
 30
0.0
 41
28.57142986910685
 42
28.57142986910685
 43
28.57142986910685
 50
270.0
  0
INSERT
  5
905
330
8FE
100
AcDbEntity
  8
SH-尺寸标注
 62
   252
370
     9
100
AcDbBlockReference
  2
_ArchTick
 10
8745.934272143957
 20
-13984.00505174273
 30
0.0
 41
28.57142986910685
 42
28.57142986910685
 43
28.57142986910685
 50
90.0
  0
MTEXT
  5
906
330
8FE
100
AcDbEntity
  8
SH-尺寸标注
 62
   134
100
AcDbMText
 10
8653.965766284582
 20
-14044.00505174273
 30
0.0
 40
114.2857194764274
 41
0.0
 46
0.0
 71
     5
 72
     1
  1
\A1;120
 11
0.0
 21
1.0
 31
0.0
 73
     1
 44
1.0
  0
POINT
  5
907
330
8FE
100
AcDbEntity
  8
Defpoints
 62
     0
100
AcDbPoint
 10
8917.362851358597
 20
-14104.00505174273
 30
0.0
  0
POINT
  5
908
330
8FE
100
AcDbEntity
  8
Defpoints
 62
     0
100
AcDbPoint
 10
8917.362851358597
 20
-13984.00505174273
 30
0.0
  0
POINT
  5
909
330
8FE
100
AcDbEntity
  8
Defpoints
 62
     0
100
AcDbPoint
 10
8745.934272143957
 20
-13984.00505174273
 30
0.0
  0
ENDBLK
  5
900
330
8FE
100
AcDbEntity
  8
0
100
AcDbBlockEnd
  0
BLOCK
  5
90B
330
90A
100
AcDbEntity
  8
0
100
AcDbBlockBegin
  2
*D113
 70
     1
 10
0.0
 20
0.0
 30
0.0
  3
*D113
  1

  0
LINE
  5
90D
330
90A
100
AcDbEntity
  8
SH-尺寸标注
  6
Continuous
 62
   252
370
     9
100
AcDbLine
 10
8917.362851358597
 20
-17626.29578741935
 30
0.0
 11
8707.839032318481
 21
-17626.29578741935
 31
0.0
  0
LINE
  5
90E
330
90A
100
AcDbEntity
  8
SH-尺寸标注
  6
Continuous
 62
   252
370
     9
100
AcDbLine
 10
8917.362851358597
 20
-14104.00505174273
 30
0.0
 11
8707.839032318481
 21
-14104.00505174273
 31
0.0
  0
LINE
  5
90F
330
90A
100
AcDbEntity
  8
SH-尺寸标注
  6
Continuous
 62
   252
370
     9
100
AcDbLine
 10
8745.934272143957
 20
-17664.39102724482
 30
0.0
 11
8745.934272143957
 21
-14065.90981191726
 31
0.0
  0
INSERT
  5
910
330
90A
100
AcDbEntity
  8
SH-尺寸标注
 62
   252
370
     9
100
AcDbBlockReference
  2
_ArchTick
 10
8745.934272143957
 20
-17626.29578741935
 30
0.0
 41
28.57142986910685
 42
28.57142986910685
 43
28.57142986910685
 50
270.0
  0
INSERT
  5
911
330
90A
100
AcDbEntity
  8
SH-尺寸标注
 62
   252
370
     9
100
AcDbBlockReference
  2
_ArchTick
 10
8745.934272143957
 20
-14104.00505174273
 30
0.0
 41
28.57142986910685
 42
28.57142986910685
 43
28.57142986910685
 50
90.0
  0
MTEXT
  5
912
330
90A
100
AcDbEntity
  8
SH-尺寸标注
 62
   134
100
AcDbMText
 10
8653.965766284582
 20
-15865.15041958104
 30
0.0
 40
114.2857194764274
 41
0.0
 46
0.0
 71
     5
 72
     1
  1
\A1;3522
 11
0.0
 21
1.0
 31
0.0
 73
     1
 44
1.0
  0
POINT
  5
913
330
90A
100
AcDbEntity
  8
Defpoints
 62
     0
100
AcDbPoint
 10
8917.362851358597
 20
-17626.29578741935
 30
0.0
  0
POINT
  5
914
330
90A
100
AcDbEntity
  8
Defpoints
 62
     0
100
AcDbPoint
 10
8917.362851358597
 20
-14104.00505174273
 30
0.0
  0
POINT
  5
915
330
90A
100
AcDbEntity
  8
Defpoints
 62
     0
100
AcDbPoint
 10
8745.934272143957
 20
-14104.00505174273
 30
0.0
  0
ENDBLK
  5
90C
330
90A
100
AcDbEntity
  8
0
100
AcDbBlockEnd
  0
BLOCK
  5
917
330
916
100
AcDbEntity
  8
0
100
AcDbBlockBegin
  2
*D114
 70
     1
 10
0.0
 20
0.0
 30
0.0
  3
*D114
  1

  0
LINE
  5
919
330
916
100
AcDbEntity
  8
SH-尺寸标注
  6
Continuous
 62
   252
370
     9
100
AcDbLine
 10
9296.676503282111
 20
-9313.893734944868
 30
0.0
 11
9506.200322322227
 21
-9313.893734944868
 31
0.0
  0
LINE
  5
91A
330
916
100
AcDbEntity
  8
SH-尺寸标注
  6
Continuous
 62
   252
370
     9
100
AcDbLine
 10
9296.676503282111
 20
-8392.749205752702
 30
0.0
 11
9506.200322322227
 21
-8392.749205752702
 31
0.0
  0
LINE
  5
91B
330
916
100
AcDbEntity
  8
SH-尺寸标注
  6
Continuous
 62
   252
370
     9
100
AcDbLine
 10
9468.105082496751
 20
-9351.988974770344
 30
0.0
 11
9468.105082496751
 21
-8354.653965927226
 31
0.0
  0
INSERT
  5
91C
330
916
100
AcDbEntity
  8
SH-尺寸标注
 62
   252
370
     9
100
AcDbBlockReference
  2
_ArchTick
 10
9468.105082496751
 20
-9313.893734944868
 30
0.0
 41
28.57142986910685
 42
28.57142986910685
 43
28.57142986910685
 50
270.0
  0
INSERT
  5
91D
330
916
100
AcDbEntity
  8
SH-尺寸标注
 62
   252
370
     9
100
AcDbBlockReference
  2
_ArchTick
 10
9468.105082496751
 20
-8392.749205752702
 30
0.0
 41
28.57142986910685
 42
28.57142986910685
 43
28.57142986910685
 50
90.0
  0
MTEXT
  5
91E
330
916
100
AcDbEntity
  8
SH-尺寸标注
 62
   134
100
AcDbMText
 10
9376.136576637376
 20
-8853.321470348785
 30
0.0
 40
114.2857194764274
 41
0.0
 46
0.0
 71
     5
 72
     1
  1
\A1;921
 11
0.0
 21
1.0
 31
0.0
 73
     1
 44
1.0
  0
POINT
  5
91F
330
916
100
AcDbEntity
  8
Defpoints
 62
     0
100
AcDbPoint
 10
9296.676503282111
 20
-9313.893734944868
 30
0.0
  0
POINT
  5
920
330
916
100
AcDbEntity
  8
Defpoints
 62
     0
100
AcDbPoint
 10
9296.676503282111
 20
-8392.749205752702
 30
0.0
  0
POINT
  5
921
330
916
100
AcDbEntity
  8
Defpoints
 62
     0
100
AcDbPoint
 10
9468.105082496751
 20
-8392.749205752702
 30
0.0
  0
ENDBLK
  5
918
330
916
100
AcDbEntity
  8
0
100
AcDbBlockEnd
  0
BLOCK
  5
923
330
922
100
AcDbEntity
  8
0
100
AcDbBlockBegin
  2
*D115
 70
     1
 10
0.0
 20
0.0
 30
0.0
  3
*D115
  1

  0
LINE
  5
925
330
922
100
AcDbEntity
  8
SH-尺寸标注
  6
Continuous
 62
   252
370
     9
100
AcDbLine
 10
9296.676503282111
 20
-10100.94362905984
 30
0.0
 11
9506.200322322227
 21
-10100.94362905984
 31
0.0
  0
LINE
  5
926
330
922
100
AcDbEntity
  8
SH-尺寸标注
  6
Continuous
 62
   252
370
     9
100
AcDbLine
 10
9296.676503282111
 20
-9313.893734944868
 30
0.0
 11
9506.200322322227
 21
-9313.893734944868
 31
0.0
  0
LINE
  5
927
330
922
100
AcDbEntity
  8
SH-尺寸标注
  6
Continuous
 62
   252
370
     9
100
AcDbLine
 10
9468.105082496751
 20
-10139.03886888532
 30
0.0
 11
9468.105082496751
 21
-9275.798495119392
 31
0.0
  0
INSERT
  5
928
330
922
100
AcDbEntity
  8
SH-尺寸标注
 62
   252
370
     9
100
AcDbBlockReference
  2
_ArchTick
 10
9468.105082496751
 20
-10100.94362905984
 30
0.0
 41
28.57142986910685
 42
28.57142986910685
 43
28.57142986910685
 50
270.0
  0
INSERT
  5
929
330
922
100
AcDbEntity
  8
SH-尺寸标注
 62
   252
370
     9
100
AcDbBlockReference
  2
_ArchTick
 10
9468.105082496751
 20
-9313.893734944868
 30
0.0
 41
28.57142986910685
 42
28.57142986910685
 43
28.57142986910685
 50
90.0
  0
MTEXT
  5
92A
330
922
100
AcDbEntity
  8
SH-尺寸标注
 62
   134
100
AcDbMText
 10
9376.136576637376
 20
-9707.418682002353
 30
0.0
 40
114.2857194764274
 41
0.0
 46
0.0
 71
     5
 72
     1
  1
\A1;787
 11
0.0
 21
1.0
 31
0.0
 73
     1
 44
1.0
  0
POINT
  5
92B
330
922
100
AcDbEntity
  8
Defpoints
 62
     0
100
AcDbPoint
 10
9296.676503282111
 20
-10100.94362905984
 30
0.0
  0
POINT
  5
92C
330
922
100
AcDbEntity
  8
Defpoints
 62
     0
100
AcDbPoint
 10
9296.676503282111
 20
-9313.893734944868
 30
0.0
  0
POINT
  5
92D
330
922
100
AcDbEntity
  8
Defpoints
 62
     0
100
AcDbPoint
 10
9468.105082496751
 20
-9313.893734944868
 30
0.0
  0
ENDBLK
  5
924
330
922
100
AcDbEntity
  8
0
100
AcDbBlockEnd
  0
BLOCK
  5
92F
330
92E
100
AcDbEntity
  8
0
100
AcDbBlockBegin
  2
*D116
 70
     1
 10
0.0
 20
0.0
 30
0.0
  3
*D116
  1

  0
LINE
  5
931
330
92E
100
AcDbEntity
  8
SH-尺寸标注
  6
Continuous
 62
   252
370
     9
100
AcDbLine
 10
9296.676503282111
 20
-10511.99678735776
 30
0.0
 11
9506.200322322227
 21
-10511.99678735776
 31
0.0
  0
LINE
  5
932
330
92E
100
AcDbEntity
  8
SH-尺寸标注
  6
Continuous
 62
   252
370
     9
100
AcDbLine
 10
9296.676503282111
 20
-10100.94362905984
 30
0.0
 11
9506.200322322227
 21
-10100.94362905984
 31
0.0
  0
LINE
  5
933
330
92E
100
AcDbEntity
  8
SH-尺寸标注
  6
Continuous
 62
   252
370
     9
100
AcDbLine
 10
9468.105082496751
 20
-10550.09202718323
 30
0.0
 11
9468.105082496751
 21
-10062.84838923436
 31
0.0
  0
INSERT
  5
934
330
92E
100
AcDbEntity
  8
SH-尺寸标注
 62
   252
370
     9
100
AcDbBlockReference
  2
_ArchTick
 10
9468.105082496751
 20
-10511.99678735776
 30
0.0
 41
28.57142986910685
 42
28.57142986910685
 43
28.57142986910685
 50
270.0
  0
INSERT
  5
935
330
92E
100
AcDbEntity
  8
SH-尺寸标注
 62
   252
370
     9
100
AcDbBlockReference
  2
_ArchTick
 10
9468.105082496751
 20
-10100.94362905984
 30
0.0
 41
28.57142986910685
 42
28.57142986910685
 43
28.57142986910685
 50
90.0
  0
MTEXT
  5
936
330
92E
100
AcDbEntity
  8
SH-尺寸标注
 62
   134
100
AcDbMText
 10
9376.136576637376
 20
-10306.4702082088
 30
0.0
 40
114.2857194764274
 41
0.0
 46
0.0
 71
     5
 72
     1
  1
\A1;411
 11
0.0
 21
1.0
 31
0.0
 73
     1
 44
1.0
  0
POINT
  5
937
330
92E
100
AcDbEntity
  8
Defpoints
 62
     0
100
AcDbPoint
 10
9296.676503282111
 20
-10511.99678735776
 30
0.0
  0
POINT
  5
938
330
92E
100
AcDbEntity
  8
Defpoints
 62
     0
100
AcDbPoint
 10
9296.676503282111
 20
-10100.94362905984
 30
0.0
  0
POINT
  5
939
330
92E
100
AcDbEntity
  8
Defpoints
 62
     0
100
AcDbPoint
 10
9468.105082496751
 20
-10100.94362905984
 30
0.0
  0
ENDBLK
  5
930
330
92E
100
AcDbEntity
  8
0
100
AcDbBlockEnd
  0
BLOCK
  5
93B
330
93A
100
AcDbEntity
  8
0
100
AcDbBlockBegin
  2
*D117
 70
     1
 10
0.0
 20
0.0
 30
0.0
  3
*D117
  1

  0
LINE
  5
93D
330
93A
100
AcDbEntity
  8
SH-尺寸标注
  6
Continuous
 62
   252
370
     9
100
AcDbLine
 10
9296.676503282111
 20
-13045.62453935314
 30
0.0
 11
9506.200322322227
 21
-13045.62453935314
 31
0.0
  0
LINE
  5
93E
330
93A
100
AcDbEntity
  8
SH-尺寸标注
  6
Continuous
 62
   252
370
     9
100
AcDbLine
 10
9296.676503282111
 20
-10751.99678735776
 30
0.0
 11
9506.200322322227
 21
-10751.99678735776
 31
0.0
  0
LINE
  5
93F
330
93A
100
AcDbEntity
  8
SH-尺寸标注
  6
Continuous
 62
   252
370
     9
100
AcDbLine
 10
9468.105082496751
 20
-13083.71977917861
 30
0.0
 11
9468.105082496751
 21
-10713.90154753228
 31
0.0
  0
INSERT
  5
940
330
93A
100
AcDbEntity
  8
SH-尺寸标注
 62
   252
370
     9
100
AcDbBlockReference
  2
_ArchTick
 10
9468.105082496751
 20
-13045.62453935314
 30
0.0
 41
28.57142986910685
 42
28.57142986910685
 43
28.57142986910685
 50
270.0
  0
INSERT
  5
941
330
93A
100
AcDbEntity
  8
SH-尺寸标注
 62
   252
370
     9
100
AcDbBlockReference
  2
_ArchTick
 10
9468.105082496751
 20
-10751.99678735776
 30
0.0
 41
28.57142986910685
 42
28.57142986910685
 43
28.57142986910685
 50
90.0
  0
MTEXT
  5
942
330
93A
100
AcDbEntity
  8
SH-尺寸标注
 62
   134
100
AcDbMText
 10
9376.136576637376
 20
-11898.81066335545
 30
0.0
 40
114.2857194764274
 41
0.0
 46
0.0
 71
     5
 72
     1
  1
\A1;2294
 11
0.0
 21
1.0
 31
0.0
 73
     1
 44
1.0
  0
POINT
  5
943
330
93A
100
AcDbEntity
  8
Defpoints
 62
     0
100
AcDbPoint
 10
9296.676503282111
 20
-13045.62453935314
 30
0.0
  0
POINT
  5
944
330
93A
100
AcDbEntity
  8
Defpoints
 62
     0
100
AcDbPoint
 10
9296.676503282111
 20
-10751.99678735776
 30
0.0
  0
POINT
  5
945
330
93A
100
AcDbEntity
  8
Defpoints
 62
     0
100
AcDbPoint
 10
9468.105082496751
 20
-10751.99678735776
 30
0.0
  0
ENDBLK
  5
93C
330
93A
100
AcDbEntity
  8
0
100
AcDbBlockEnd
  0
BLOCK
  5
947
330
946
100
AcDbEntity
  8
0
100
AcDbBlockBegin
  2
*D118
 70
     1
 10
0.0
 20
0.0
 30
0.0
  3
*D118
  1

  0
LINE
  5
949
330
946
100
AcDbEntity
  8
SH-尺寸标注
  6
Continuous
 62
   252
370
     9
100
AcDbLine
 10
7894.760010389397
 20
-10511.99678735776
 30
0.0
 11
8104.283829429514
 21
-10511.99678735776
 31
0.0
  0
LINE
  5
94A
330
946
100
AcDbEntity
  8
SH-尺寸标注
  6
Continuous
 62
   252
370
     9
100
AcDbLine
 10
7894.760010389397
 20
-8685.97209925567
 30
0.0
 11
8104.283829429514
 21
-8685.97209925567
 31
0.0
  0
LINE
  5
94B
330
946
100
AcDbEntity
  8
SH-尺寸标注
  6
Continuous
 62
   252
370
     9
100
AcDbLine
 10
8066.188589604038
 20
-10550.09202718323
 30
0.0
 11
8066.188589604038
 21
-8647.876859430195
 31
0.0
  0
INSERT
  5
94C
330
946
100
AcDbEntity
  8
SH-尺寸标注
 62
   252
370
     9
100
AcDbBlockReference
  2
_ArchTick
 10
8066.188589604038
 20
-10511.99678735776
 30
0.0
 41
28.57142986910685
 42
28.57142986910685
 43
28.57142986910685
 50
270.0
  0
INSERT
  5
94D
330
946
100
AcDbEntity
  8
SH-尺寸标注
 62
   252
370
     9
100
AcDbBlockReference
  2
_ArchTick
 10
8066.188589604038
 20
-8685.97209925567
 30
0.0
 41
28.57142986910685
 42
28.57142986910685
 43
28.57142986910685
 50
90.0
  0
MTEXT
  5
94E
330
946
100
AcDbEntity
  8
SH-尺寸标注
 62
   134
100
AcDbMText
 10
7974.220083744663
 20
-9598.984443306712
 30
0.0
 40
114.2857194764274
 41
0.0
 46
0.0
 71
     5
 72
     1
  1
\A1;1826
 11
0.0
 21
1.0
 31
0.0
 73
     1
 44
1.0
  0
POINT
  5
94F
330
946
100
AcDbEntity
  8
Defpoints
 62
     0
100
AcDbPoint
 10
7894.760010389397
 20
-10511.99678735776
 30
0.0
  0
POINT
  5
950
330
946
100
AcDbEntity
  8
Defpoints
 62
     0
100
AcDbPoint
 10
7894.760010389397
 20
-8685.97209925567
 30
0.0
  0
POINT
  5
951
330
946
100
AcDbEntity
  8
Defpoints
 62
     0
100
AcDbPoint
 10
8066.188589604038
 20
-8685.97209925567
 30
0.0
  0
ENDBLK
  5
948
330
946
100
AcDbEntity
  8
0
100
AcDbBlockEnd
  0
BLOCK
  5
953
330
952
100
AcDbEntity
  8
0
100
AcDbBlockBegin
  2
*D119
 70
     1
 10
0.0
 20
0.0
 30
0.0
  3
*D119
  1

  0
LINE
  5
955
330
952
100
AcDbEntity
  8
SH-尺寸标注
  6
Continuous
 62
   252
370
     9
100
AcDbLine
 10
7939.207690903578
 20
-12925.62453935314
 30
0.0
 11
8148.731509943695
 21
-12925.62453935314
 31
0.0
  0
LINE
  5
956
330
952
100
AcDbEntity
  8
SH-尺寸标注
  6
Continuous
 62
   252
370
     9
100
AcDbLine
 10
7939.207690903578
 20
-10751.99678735776
 30
0.0
 11
8148.731509943695
 21
-10751.99678735776
 31
0.0
  0
LINE
  5
957
330
952
100
AcDbEntity
  8
SH-尺寸标注
  6
Continuous
 62
   252
370
     9
100
AcDbLine
 10
8110.636270118219
 20
-12963.71977917861
 30
0.0
 11
8110.636270118219
 21
-10713.90154753228
 31
0.0
  0
INSERT
  5
958
330
952
100
AcDbEntity
  8
SH-尺寸标注
 62
   252
370
     9
100
AcDbBlockReference
  2
_ArchTick
 10
8110.636270118219
 20
-12925.62453935314
 30
0.0
 41
28.57142986910685
 42
28.57142986910685
 43
28.57142986910685
 50
270.0
  0
INSERT
  5
959
330
952
100
AcDbEntity
  8
SH-尺寸标注
 62
   252
370
     9
100
AcDbBlockReference
  2
_ArchTick
 10
8110.636270118219
 20
-10751.99678735776
 30
0.0
 41
28.57142986910685
 42
28.57142986910685
 43
28.57142986910685
 50
90.0
  0
MTEXT
  5
95A
330
952
100
AcDbEntity
  8
SH-尺寸标注
 62
   134
100
AcDbMText
 10
8018.667764258844
 20
-11838.81066335545
 30
0.0
 40
114.2857194764274
 41
0.0
 46
0.0
 71
     5
 72
     1
  1
\A1;2174
 11
0.0
 21
1.0
 31
0.0
 73
     1
 44
1.0
  0
POINT
  5
95B
330
952
100
AcDbEntity
  8
Defpoints
 62
     0
100
AcDbPoint
 10
7939.207690903578
 20
-12925.62453935314
 30
0.0
  0
POINT
  5
95C
330
952
100
AcDbEntity
  8
Defpoints
 62
     0
100
AcDbPoint
 10
7939.207690903578
 20
-10751.99678735776
 30
0.0
  0
POINT
  5
95D
330
952
100
AcDbEntity
  8
Defpoints
 62
     0
100
AcDbPoint
 10
8110.636270118219
 20
-10751.99678735776
 30
0.0
  0
ENDBLK
  5
954
330
952
100
AcDbEntity
  8
0
100
AcDbBlockEnd
  0
BLOCK
  5
95F
330
95E
100
AcDbEntity
  8
0
100
AcDbBlockBegin
  2
*D120
 70
     1
 10
0.0
 20
0.0
 30
0.0
  3
*D120
  1

  0
LINE
  5
961
330
95E
100
AcDbEntity
  8
SH-尺寸标注
  6
Continuous
 62
   252
370
     9
100
AcDbLine
 10
7939.207690903578
 20
-13045.62453935314
 30
0.0
 11
8148.731509943695
 21
-13045.62453935314
 31
0.0
  0
LINE
  5
962
330
95E
100
AcDbEntity
  8
SH-尺寸标注
  6
Continuous
 62
   252
370
     9
100
AcDbLine
 10
7939.207690903578
 20
-12925.62453935314
 30
0.0
 11
8148.731509943695
 21
-12925.62453935314
 31
0.0
  0
LINE
  5
963
330
95E
100
AcDbEntity
  8
SH-尺寸标注
  6
Continuous
 62
   252
370
     9
100
AcDbLine
 10
8110.636270118219
 20
-13083.71977917861
 30
0.0
 11
8110.636270118219
 21
-12887.52929952766
 31
0.0
  0
INSERT
  5
964
330
95E
100
AcDbEntity
  8
SH-尺寸标注
 62
   252
370
     9
100
AcDbBlockReference
  2
_ArchTick
 10
8110.636270118219
 20
-13045.62453935314
 30
0.0
 41
28.57142986910685
 42
28.57142986910685
 43
28.57142986910685
 50
270.0
  0
INSERT
  5
965
330
95E
100
AcDbEntity
  8
SH-尺寸标注
 62
   252
370
     9
100
AcDbBlockReference
  2
_ArchTick
 10
8110.636270118219
 20
-12925.62453935314
 30
0.0
 41
28.57142986910685
 42
28.57142986910685
 43
28.57142986910685
 50
90.0
  0
MTEXT
  5
966
330
95E
100
AcDbEntity
  8
SH-尺寸标注
 62
   134
100
AcDbMText
 10
8202.604775977594
 20
-12985.62453935314
 30
0.0
 40
114.2857194764274
 41
0.0
 46
0.0
 71
     5
 72
     1
  1
\A1;120
 11
0.0
 21
1.0
 31
0.0
 73
     1
 44
1.0
  0
POINT
  5
967
330
95E
100
AcDbEntity
  8
Defpoints
 62
     0
100
AcDbPoint
 10
7939.207690903578
 20
-13045.62453935314
 30
0.0
  0
POINT
  5
968
330
95E
100
AcDbEntity
  8
Defpoints
 62
     0
100
AcDbPoint
 10
7939.207690903578
 20
-12925.62453935314
 30
0.0
  0
POINT
  5
969
330
95E
100
AcDbEntity
  8
Defpoints
 62
     0
100
AcDbPoint
 10
8110.636270118219
 20
-12925.62453935314
 30
0.0
  0
ENDBLK
  5
960
330
95E
100
AcDbEntity
  8
0
100
AcDbBlockEnd
  0
BLOCK
  5
96B
330
96A
100
AcDbEntity
  8
0
100
AcDbBlockBegin
  2
*D121
 70
     1
 10
0.0
 20
0.0
 30
0.0
  3
*D121
  1

  0
LINE
  5
96D
330
96A
100
AcDbEntity
  8
SH-尺寸标注
  6
Continuous
 62
   252
370
     9
100
AcDbLine
 10
7939.207690903578
 20
-13106.06942437793
 30
0.0
 11
8148.731509943695
 21
-13106.06942437793
 31
0.0
  0
LINE
  5
96E
330
96A
100
AcDbEntity
  8
SH-尺寸标注
  6
Continuous
 62
   252
370
     9
100
AcDbLine
 10
7939.207690903578
 20
-13045.62453935314
 30
0.0
 11
8148.731509943695
 21
-13045.62453935314
 31
0.0
  0
LINE
  5
96F
330
96A
100
AcDbEntity
  8
SH-尺寸标注
  6
Continuous
 62
   252
370
     9
100
AcDbLine
 10
8110.636270118219
 20
-13144.1646642034
 30
0.0
 11
8110.636270118219
 21
-13007.52929952766
 31
0.0
  0
INSERT
  5
970
330
96A
100
AcDbEntity
  8
SH-尺寸标注
 62
   252
370
     9
100
AcDbBlockReference
  2
_ArchTick
 10
8110.636270118219
 20
-13106.06942437793
 30
0.0
 41
28.57142986910685
 42
28.57142986910685
 43
28.57142986910685
 50
270.0
  0
INSERT
  5
971
330
96A
100
AcDbEntity
  8
SH-尺寸标注
 62
   252
370
     9
100
AcDbBlockReference
  2
_ArchTick
 10
8110.636270118219
 20
-13045.62453935314
 30
0.0
 41
28.57142986910685
 42
28.57142986910685
 43
28.57142986910685
 50
90.0
  0
MTEXT
  5
972
330
96A
100
AcDbEntity
  8
SH-尺寸标注
 62
   134
100
AcDbMText
 10
8018.667764258844
 20
-13075.84698186553
 30
0.0
 40
114.2857194764274
 41
0.0
 46
0.0
 71
     5
 72
     1
  1
\A1;60
 11
0.0
 21
1.0
 31
0.0
 73
     1
 44
1.0
  0
POINT
  5
973
330
96A
100
AcDbEntity
  8
Defpoints
 62
     0
100
AcDbPoint
 10
7939.207690903578
 20
-13106.06942437793
 30
0.0
  0
POINT
  5
974
330
96A
100
AcDbEntity
  8
Defpoints
 62
     0
100
AcDbPoint
 10
7939.207690903578
 20
-13045.62453935314
 30
0.0
  0
POINT
  5
975
330
96A
100
AcDbEntity
  8
Defpoints
 62
     0
100
AcDbPoint
 10
8110.636270118219
 20
-13045.62453935314
 30
0.0
  0
ENDBLK
  5
96C
330
96A
100
AcDbEntity
  8
0
100
AcDbBlockEnd
  0
BLOCK
  5
977
330
976
100
AcDbEntity
  8
0
100
AcDbBlockBegin
  2
*D122
 70
     1
 10
0.0
 20
0.0
 30
0.0
  3
*D122
  1

  0
LINE
  5
979
330
976
100
AcDbEntity
  8
SH-尺寸标注
  6
Continuous
 62
   252
370
     9
100
AcDbLine
 10
7888.804093425721
 20
-8695.126951063125
 30
0.0
 11
8036.959806689089
 21
-8843.282664326496
 31
0.0
  0
LINE
  5
97A
330
976
100
AcDbEntity
  8
SH-尺寸标注
  6
Continuous
 62
   252
370
     9
100
AcDbLine
 10
8182.026986928692
 20
-8401.904057560156
 30
0.0
 11
8330.182700192061
 21
-8550.059770823527
 31
0.0
  0
LINE
  5
97B
330
976
100
AcDbEntity
  8
SH-尺寸标注
  6
Continuous
 62
   252
370
     9
100
AcDbLine
 10
7983.085001866045
 20
-8843.282664326496
 30
0.0
 11
8330.182700192061
 21
-8496.184966000483
 31
0.0
  0
INSERT
  5
97C
330
976
100
AcDbEntity
  8
SH-尺寸标注
 62
   252
370
     9
100
AcDbBlockReference
  2
_ArchTick
 10
8010.022404277567
 20
-8816.345261914974
 30
0.0
 41
28.57142986910685
 42
28.57142986910685
 43
28.57142986910685
 50
224.9999999999997
  0
INSERT
  5
97D
330
976
100
AcDbEntity
  8
SH-尺寸标注
 62
   252
370
     9
100
AcDbBlockReference
  2
_ArchTick
 10
8303.245297780539
 20
-8523.122368412005
 30
0.0
 41
28.57142986910685
 42
28.57142986910685
 43
28.57142986910685
 50
44.99999999999974
  0
MTEXT
  5
97E
330
976
100
AcDbEntity
  8
SH-尺寸标注
 62
   134
100
AcDbMText
 10
8091.602296880295
 20
-8604.702261014729
 30
0.0
 40
114.2857194764274
 41
0.0
 46
0.0
 71
     5
 72
     1
  1
\A1;415
 11
0.7071067811865508
 21
0.7071067811865442
 31
0.0
 73
     1
 44
1.0
  0
POINT
  5
97F
330
976
100
AcDbEntity
  8
Defpoints
 62
     0
100
AcDbPoint
 10
7888.804093425721
 20
-8695.126951063125
 30
0.0
  0
POINT
  5
980
330
976
100
AcDbEntity
  8
Defpoints
 62
     0
100
AcDbPoint
 10
8182.026986928692
 20
-8401.904057560156
 30
0.0
  0
POINT
  5
981
330
976
100
AcDbEntity
  8
Defpoints
 62
     0
100
AcDbPoint
 10
8303.245297780539
 20
-8523.122368412005
 30
0.0
  0
ENDBLK
  5
978
330
976
100
AcDbEntity
  8
0
100
AcDbBlockEnd
  0
BLOCK
  5
983
330
982
100
AcDbEntity
  8
0
100
AcDbBlockBegin
  2
*D123
 70
     1
 10
0.0
 20
0.0
 30
0.0
  3
*D123
  1

  0
LINE
  5
985
330
982
100
AcDbEntity
  8
SH-尺寸标注
  6
Continuous
 62
   252
370
     9
100
AcDbLine
 10
3360.985337898085
 20
-9364.921960017233
 30
0.0
 11
3360.985337898085
 21
-9574.445779057349
 31
0.0
  0
LINE
  5
986
330
982
100
AcDbEntity
  8
SH-尺寸标注
  6
Continuous
 62
   252
370
     9
100
AcDbLine
 10
5040.244129634775
 20
-9364.921960017233
 30
0.0
 11
5040.244129634775
 21
-9574.445779057349
 31
0.0
  0
LINE
  5
987
330
982
100
AcDbEntity
  8
SH-尺寸标注
  6
Continuous
 62
   252
370
     9
100
AcDbLine
 10
3322.890098072609
 20
-9536.350539231871
 30
0.0
 11
5078.339369460251
 21
-9536.350539231871
 31
0.0
  0
INSERT
  5
988
330
982
100
AcDbEntity
  8
SH-尺寸标注
 62
   252
370
     9
100
AcDbBlockReference
  2
_ArchTick
 10
3360.985337898085
 20
-9536.350539231871
 30
0.0
 41
28.57142986910685
 42
28.57142986910685
 43
28.57142986910685
 50
180.0
  0
INSERT
  5
989
330
982
100
AcDbEntity
  8
SH-尺寸标注
 62
   252
370
     9
100
AcDbBlockReference
  2
_ArchTick
 10
5040.244129634775
 20
-9536.350539231871
 30
0.0
 41
28.57142986910685
 42
28.57142986910685
 43
28.57142986910685
  0
MTEXT
  5
98A
330
982
100
AcDbEntity
  8
SH-尺寸标注
 62
   134
100
AcDbMText
 10
4200.61473376643
 20
-9444.382033372498
 30
0.0
 40
114.2857194764274
 41
0.0
 46
0.0
 71
     5
 72
     1
  1
\A1;1679
 73
     1
 44
1.0
  0
POINT
  5
98B
330
982
100
AcDbEntity
  8
Defpoints
 62
     0
100
AcDbPoint
 10
3360.985337898085
 20
-9364.92196001723
 30
0.0
  0
POINT
  5
98C
330
982
100
AcDbEntity
  8
Defpoints
 62
     0
100
AcDbPoint
 10
5040.244129634775
 20
-9364.92196001723
 30
0.0
  0
POINT
  5
98D
330
982
100
AcDbEntity
  8
Defpoints
 62
     0
100
AcDbPoint
 10
5040.244129634775
 20
-9536.350539231871
 30
0.0
  0
ENDBLK
  5
984
330
982
100
AcDbEntity
  8
0
100
AcDbBlockEnd
  0
BLOCK
  5
98F
330
98E
100
AcDbEntity
  8
0
100
AcDbBlockBegin
  2
*D124
 70
     1
 10
0.0
 20
0.0
 30
0.0
  3
*D124
  1

  0
LINE
  5
991
330
98E
100
AcDbEntity
  8
SH-尺寸标注
  6
Continuous
 62
   252
370
     9
100
AcDbLine
 10
3388.159328948419
 20
-17611.36188134374
 30
0.0
 11
3388.159328948419
 21
-17401.83806230362
 31
0.0
  0
LINE
  5
992
330
98E
100
AcDbEntity
  8
SH-尺寸标注
  6
Continuous
 62
   252
370
     9
100
AcDbLine
 10
6419.365613417838
 20
-17611.36188134374
 30
0.0
 11
6419.365613417838
 21
-17401.83806230362
 31
0.0
  0
LINE
  5
993
330
98E
100
AcDbEntity
  8
SH-尺寸标注
  6
Continuous
 62
   252
370
     9
100
AcDbLine
 10
3350.064089122943
 20
-17439.9333021291
 30
0.0
 11
6457.460853243314
 21
-17439.9333021291
 31
0.0
  0
INSERT
  5
994
330
98E
100
AcDbEntity
  8
SH-尺寸标注
 62
   252
370
     9
100
AcDbBlockReference
  2
_ArchTick
 10
3388.159328948419
 20
-17439.9333021291
 30
0.0
 41
28.57142986910685
 42
28.57142986910685
 43
28.57142986910685
 50
180.0
  0
INSERT
  5
995
330
98E
100
AcDbEntity
  8
SH-尺寸标注
 62
   252
370
     9
100
AcDbBlockReference
  2
_ArchTick
 10
6419.365613417838
 20
-17439.9333021291
 30
0.0
 41
28.57142986910685
 42
28.57142986910685
 43
28.57142986910685
  0
MTEXT
  5
996
330
98E
100
AcDbEntity
  8
SH-尺寸标注
 62
   134
100
AcDbMText
 10
4903.762471183129
 20
-17347.96479626972
 30
0.0
 40
114.2857194764274
 41
0.0
 46
0.0
 71
     5
 72
     1
  1
\A1;3031
 73
     1
 44
1.0
  0
POINT
  5
997
330
98E
100
AcDbEntity
  8
Defpoints
 62
     0
100
AcDbPoint
 10
3388.159328948419
 20
-17611.36188134374
 30
0.0
  0
POINT
  5
998
330
98E
100
AcDbEntity
  8
Defpoints
 62
     0
100
AcDbPoint
 10
6419.365613417838
 20
-17611.36188134374
 30
0.0
  0
POINT
  5
999
330
98E
100
AcDbEntity
  8
Defpoints
 62
     0
100
AcDbPoint
 10
6419.365613417838
 20
-17439.9333021291
 30
0.0
  0
ENDBLK
  5
990
330
98E
100
AcDbEntity
  8
0
100
AcDbBlockEnd
  0
BLOCK
  5
99B
330
99A
100
AcDbEntity
  8
0
100
AcDbBlockBegin
  2
*D125
 70
     1
 10
0.0
 20
0.0
 30
0.0
  3
*D125
  1

  0
LINE
  5
99D
330
99A
100
AcDbEntity
  8
SH-尺寸标注
  6
Continuous
 62
   252
370
     9
100
AcDbLine
 10
8172.872135121239
 20
-8407.277340877507
 30
0.0
 11
8172.872135121239
 21
-8616.801159917622
 31
0.0
  0
LINE
  5
99E
330
99A
100
AcDbEntity
  8
SH-尺寸标注
  6
Continuous
 62
   252
370
     9
100
AcDbLine
 10
9042.595980062573
 20
-8407.277340877507
 30
0.0
 11
9042.595980062573
 21
-8616.801159917622
 31
0.0
  0
LINE
  5
99F
330
99A
100
AcDbEntity
  8
SH-尺寸标注
  6
Continuous
 62
   252
370
     9
100
AcDbLine
 10
8134.776895295763
 20
-8578.705920092147
 30
0.0
 11
9080.69121988805
 21
-8578.705920092147
 31
0.0
  0
INSERT
  5
9A0
330
99A
100
AcDbEntity
  8
SH-尺寸标注
 62
   252
370
     9
100
AcDbBlockReference
  2
_ArchTick
 10
8172.872135121239
 20
-8578.705920092147
 30
0.0
 41
28.57142986910685
 42
28.57142986910685
 43
28.57142986910685
 50
180.0
  0
INSERT
  5
9A1
330
99A
100
AcDbEntity
  8
SH-尺寸标注
 62
   252
370
     9
100
AcDbBlockReference
  2
_ArchTick
 10
9042.595980062573
 20
-8578.705920092147
 30
0.0
 41
28.57142986910685
 42
28.57142986910685
 43
28.57142986910685
  0
MTEXT
  5
9A2
330
99A
100
AcDbEntity
  8
SH-尺寸标注
 62
   134
100
AcDbMText
 10
8607.734057591906
 20
-8486.737414232772
 30
0.0
 40
114.2857194764274
 41
0.0
 46
0.0
 71
     5
 72
     1
  1
\A1;870
 73
     1
 44
1.0
  0
POINT
  5
9A3
330
99A
100
AcDbEntity
  8
Defpoints
 62
     0
100
AcDbPoint
 10
8172.872135121239
 20
-8407.277340877507
 30
0.0
  0
POINT
  5
9A4
330
99A
100
AcDbEntity
  8
Defpoints
 62
     0
100
AcDbPoint
 10
9042.595980062573
 20
-8407.277340877507
 30
0.0
  0
POINT
  5
9A5
330
99A
100
AcDbEntity
  8
Defpoints
 62
     0
100
AcDbPoint
 10
9042.595980062573
 20
-8578.705920092147
 30
0.0
  0
ENDBLK
  5
99C
330
99A
100
AcDbEntity
  8
0
100
AcDbBlockEnd
  0
BLOCK
  5
9A7
330
9A6
100
AcDbEntity
  8
0
100
AcDbBlockBegin
  2
*D126
 70
     1
 10
0.0
 20
0.0
 30
0.0
  3
*D126
  1

  0
LINE
  5
9A9
330
9A6
100
AcDbEntity
  8
SH-尺寸标注
  6
Continuous
 62
   252
370
     9
100
AcDbLine
 10
14393.95481777114
 20
-13204.64782861468
 30
0.0
 11
14393.95481777114
 21
-13414.1716476548
 31
0.0
  0
LINE
  5
9AA
330
9A6
100
AcDbEntity
  8
SH-尺寸标注
  6
Continuous
 62
   252
370
     9
100
AcDbLine
 10
14633.95481777114
 20
-13204.64782861468
 30
0.0
 11
14633.95481777114
 21
-13414.1716476548
 31
0.0
  0
LINE
  5
9AB
330
9A6
100
AcDbEntity
  8
SH-尺寸标注
  6
Continuous
 62
   252
370
     9
100
AcDbLine
 10
14355.85957794566
 20
-13376.07640782932
 30
0.0
 11
14672.05005759661
 21
-13376.07640782932
 31
0.0
  0
INSERT
  5
9AC
330
9A6
100
AcDbEntity
  8
SH-尺寸标注
 62
   252
370
     9
100
AcDbBlockReference
  2
_ArchTick
 10
14393.95481777114
 20
-13376.07640782932
 30
0.0
 41
28.57142986910685
 42
28.57142986910685
 43
28.57142986910685
 50
180.0
  0
INSERT
  5
9AD
330
9A6
100
AcDbEntity
  8
SH-尺寸标注
 62
   252
370
     9
100
AcDbBlockReference
  2
_ArchTick
 10
14633.95481777114
 20
-13376.07640782932
 30
0.0
 41
28.57142986910685
 42
28.57142986910685
 43
28.57142986910685
  0
MTEXT
  5
9AE
330
9A6
100
AcDbEntity
  8
SH-尺寸标注
 62
   134
100
AcDbMText
 10
14513.95481777114
 20
-13284.10790196995
 30
0.0
 40
114.2857194764274
 41
0.0
 46
0.0
 71
     5
 72
     1
  1
\A1;240
 73
     1
 44
1.0
  0
POINT
  5
9AF
330
9A6
100
AcDbEntity
  8
Defpoints
 62
     0
100
AcDbPoint
 10
14393.95481777114
 20
-13204.64782861468
 30
0.0
  0
POINT
  5
9B0
330
9A6
100
AcDbEntity
  8
Defpoints
 62
     0
100
AcDbPoint
 10
14633.95481777114
 20
-13204.64782861468
 30
0.0
  0
POINT
  5
9B1
330
9A6
100
AcDbEntity
  8
Defpoints
 62
     0
100
AcDbPoint
 10
14633.95481777114
 20
-13376.07640782932
 30
0.0
  0
ENDBLK
  5
9A8
330
9A6
100
AcDbEntity
  8
0
100
AcDbBlockEnd
  0
BLOCK
  5
9B3
330
9B2
100
AcDbEntity
  8
0
100
AcDbBlockBegin
  2
*D127
 70
     1
 10
0.0
 20
0.0
 30
0.0
  3
*D127
  1

  0
LINE
  5
9B5
330
9B2
100
AcDbEntity
  8
SH-尺寸标注
  6
Continuous
 62
   252
370
     9
100
AcDbLine
 10
13863.03837240953
 20
-13204.64782861468
 30
0.0
 11
13863.03837240953
 21
-13414.1716476548
 31
0.0
  0
LINE
  5
9B6
330
9B2
100
AcDbEntity
  8
SH-尺寸标注
  6
Continuous
 62
   252
370
     9
100
AcDbLine
 10
14393.95481777114
 20
-13204.64782861468
 30
0.0
 11
14393.95481777114
 21
-13414.1716476548
 31
0.0
  0
LINE
  5
9B7
330
9B2
100
AcDbEntity
  8
SH-尺寸标注
  6
Continuous
 62
   252
370
     9
100
AcDbLine
 10
13824.94313258405
 20
-13376.07640782932
 30
0.0
 11
14432.05005759661
 21
-13376.07640782932
 31
0.0
  0
INSERT
  5
9B8
330
9B2
100
AcDbEntity
  8
SH-尺寸标注
 62
   252
370
     9
100
AcDbBlockReference
  2
_ArchTick
 10
13863.03837240953
 20
-13376.07640782932
 30
0.0
 41
28.57142986910685
 42
28.57142986910685
 43
28.57142986910685
 50
180.0
  0
INSERT
  5
9B9
330
9B2
100
AcDbEntity
  8
SH-尺寸标注
 62
   252
370
     9
100
AcDbBlockReference
  2
_ArchTick
 10
14393.95481777114
 20
-13376.07640782932
 30
0.0
 41
28.57142986910685
 42
28.57142986910685
 43
28.57142986910685
  0
MTEXT
  5
9BA
330
9B2
100
AcDbEntity
  8
SH-尺寸标注
 62
   134
100
AcDbMText
 10
14128.49659509033
 20
-13284.10790196995
 30
0.0
 40
114.2857194764274
 41
0.0
 46
0.0
 71
     5
 72
     1
  1
\A1;531
 73
     1
 44
1.0
  0
POINT
  5
9BB
330
9B2
100
AcDbEntity
  8
Defpoints
 62
     0
100
AcDbPoint
 10
13863.03837240953
 20
-13204.64782861468
 30
0.0
  0
POINT
  5
9BC
330
9B2
100
AcDbEntity
  8
Defpoints
 62
     0
100
AcDbPoint
 10
14393.95481777114
 20
-13204.64782861468
 30
0.0
  0
POINT
  5
9BD
330
9B2
100
AcDbEntity
  8
Defpoints
 62
     0
100
AcDbPoint
 10
14393.95481777114
 20
-13376.07640782932
 30
0.0
  0
ENDBLK
  5
9B4
330
9B2
100
AcDbEntity
  8
0
100
AcDbBlockEnd
  0
BLOCK
  5
9BF
330
9BE
100
AcDbEntity
  8
0
100
AcDbBlockBegin
  2
*D128
 70
     1
 10
0.0
 20
0.0
 30
0.0
  3
*D128
  1

  0
LINE
  5
9C1
330
9BE
100
AcDbEntity
  8
SH-尺寸标注
  6
Continuous
 62
   252
370
     9
100
AcDbLine
 10
4439.087421192315
 20
-11738.55222233789
 30
0.0
 11
4439.087421192315
 21
-11948.07604137801
 31
0.0
  0
LINE
  5
9C2
330
9BE
100
AcDbEntity
  8
SH-尺寸标注
  6
Continuous
 62
   252
370
     9
100
AcDbLine
 10
5040.244129634775
 20
-11738.55222233789
 30
0.0
 11
5040.244129634775
 21
-11948.07604137801
 31
0.0
  0
LINE
  5
9C3
330
9BE
100
AcDbEntity
  8
SH-尺寸标注
  6
Continuous
 62
   252
370
     9
100
AcDbLine
 10
4400.992181366839
 20
-11909.98080155253
 30
0.0
 11
5078.339369460251
 21
-11909.98080155253
 31
0.0
  0
INSERT
  5
9C4
330
9BE
100
AcDbEntity
  8
SH-尺寸标注
 62
   252
370
     9
100
AcDbBlockReference
  2
_ArchTick
 10
4439.087421192315
 20
-11909.98080155253
 30
0.0
 41
28.57142986910685
 42
28.57142986910685
 43
28.57142986910685
 50
180.0
  0
INSERT
  5
9C5
330
9BE
100
AcDbEntity
  8
SH-尺寸标注
 62
   252
370
     9
100
AcDbBlockReference
  2
_ArchTick
 10
5040.244129634775
 20
-11909.98080155253
 30
0.0
 41
28.57142986910685
 42
28.57142986910685
 43
28.57142986910685
  0
MTEXT
  5
9C6
330
9BE
100
AcDbEntity
  8
SH-尺寸标注
 62
   134
100
AcDbMText
 10
4739.665775413545
 20
-11818.01229569315
 30
0.0
 40
114.2857194764274
 41
0.0
 46
0.0
 71
     5
 72
     1
  1
\A1;601
 73
     1
 44
1.0
  0
POINT
  5
9C7
330
9BE
100
AcDbEntity
  8
Defpoints
 62
     0
100
AcDbPoint
 10
4439.087421192315
 20
-11738.55222233789
 30
0.0
  0
POINT
  5
9C8
330
9BE
100
AcDbEntity
  8
Defpoints
 62
     0
100
AcDbPoint
 10
5040.244129634775
 20
-11738.55222233789
 30
0.0
  0
POINT
  5
9C9
330
9BE
100
AcDbEntity
  8
Defpoints
 62
     0
100
AcDbPoint
 10
5040.244129634775
 20
-11909.98080155253
 30
0.0
  0
ENDBLK
  5
9C0
330
9BE
100
AcDbEntity
  8
0
100
AcDbBlockEnd
  0
BLOCK
  5
9CB
330
9CA
100
AcDbEntity
  8
0
100
AcDbBlockBegin
  2
*D129
 70
     1
 10
0.0
 20
0.0
 30
0.0
  3
*D129
  1

  0
LINE
  5
9CD
330
9CA
100
AcDbEntity
  8
SH-尺寸标注
  6
Continuous
 62
   252
370
     9
100
AcDbLine
 10
3652.037527077344
 20
-11738.55222233789
 30
0.0
 11
3652.037527077344
 21
-11948.07604137801
 31
0.0
  0
LINE
  5
9CE
330
9CA
100
AcDbEntity
  8
SH-尺寸标注
  6
Continuous
 62
   252
370
     9
100
AcDbLine
 10
4439.087421192315
 20
-11738.55222233789
 30
0.0
 11
4439.087421192315
 21
-11948.07604137801
 31
0.0
  0
LINE
  5
9CF
330
9CA
100
AcDbEntity
  8
SH-尺寸标注
  6
Continuous
 62
   252
370
     9
100
AcDbLine
 10
3613.942287251868
 20
-11909.98080155253
 30
0.0
 11
4477.182661017791
 21
-11909.98080155253
 31
0.0
  0
INSERT
  5
9D0
330
9CA
100
AcDbEntity
  8
SH-尺寸标注
 62
   252
370
     9
100
AcDbBlockReference
  2
_ArchTick
 10
3652.037527077344
 20
-11909.98080155253
 30
0.0
 41
28.57142986910685
 42
28.57142986910685
 43
28.57142986910685
 50
180.0
  0
INSERT
  5
9D1
330
9CA
100
AcDbEntity
  8
SH-尺寸标注
 62
   252
370
     9
100
AcDbBlockReference
  2
_ArchTick
 10
4439.087421192315
 20
-11909.98080155253
 30
0.0
 41
28.57142986910685
 42
28.57142986910685
 43
28.57142986910685
  0
MTEXT
  5
9D2
330
9CA
100
AcDbEntity
  8
SH-尺寸标注
 62
   134
100
AcDbMText
 10
4045.562474134829
 20
-11818.01229569315
 30
0.0
 40
114.2857194764274
 41
0.0
 46
0.0
 71
     5
 72
     1
  1
\A1;787
 73
     1
 44
1.0
  0
POINT
  5
9D3
330
9CA
100
AcDbEntity
  8
Defpoints
 62
     0
100
AcDbPoint
 10
3652.037527077344
 20
-11738.55222233789
 30
0.0
  0
POINT
  5
9D4
330
9CA
100
AcDbEntity
  8
Defpoints
 62
     0
100
AcDbPoint
 10
4439.087421192315
 20
-11738.55222233789
 30
0.0
  0
POINT
  5
9D5
330
9CA
100
AcDbEntity
  8
Defpoints
 62
     0
100
AcDbPoint
 10
4439.087421192315
 20
-11909.98080155253
 30
0.0
  0
ENDBLK
  5
9CC
330
9CA
100
AcDbEntity
  8
0
100
AcDbBlockEnd
  0
BLOCK
  5
9D7
330
9D6
100
AcDbEntity
  8
0
100
AcDbBlockBegin
  2
*D130
 70
     1
 10
0.0
 20
0.0
 30
0.0
  3
*D130
  1

  0
LINE
  5
9D9
330
9D6
100
AcDbEntity
  8
SH-尺寸标注
  6
Continuous
 62
   252
370
     9
100
AcDbLine
 10
3010.943517121953
 20
-11738.55222233789
 30
0.0
 11
3010.943517121953
 21
-11948.07604137801
 31
0.0
  0
LINE
  5
9DA
330
9D6
100
AcDbEntity
  8
SH-尺寸标注
  6
Continuous
 62
   252
370
     9
100
AcDbLine
 10
3652.037527077344
 20
-11738.55222233789
 30
0.0
 11
3652.037527077344
 21
-11948.07604137801
 31
0.0
  0
LINE
  5
9DB
330
9D6
100
AcDbEntity
  8
SH-尺寸标注
  6
Continuous
 62
   252
370
     9
100
AcDbLine
 10
2972.848277296477
 20
-11909.98080155253
 30
0.0
 11
3690.13276690282
 21
-11909.98080155253
 31
0.0
  0
INSERT
  5
9DC
330
9D6
100
AcDbEntity
  8
SH-尺寸标注
 62
   252
370
     9
100
AcDbBlockReference
  2
_ArchTick
 10
3010.943517121953
 20
-11909.98080155253
 30
0.0
 41
28.57142986910685
 42
28.57142986910685
 43
28.57142986910685
 50
180.0
  0
INSERT
  5
9DD
330
9D6
100
AcDbEntity
  8
SH-尺寸标注
 62
   252
370
     9
100
AcDbBlockReference
  2
_ArchTick
 10
3652.037527077344
 20
-11909.98080155253
 30
0.0
 41
28.57142986910685
 42
28.57142986910685
 43
28.57142986910685
  0
MTEXT
  5
9DE
330
9D6
100
AcDbEntity
  8
SH-尺寸标注
 62
   134
100
AcDbMText
 10
3331.490522099648
 20
-11818.01229569315
 30
0.0
 40
114.2857194764274
 41
0.0
 46
0.0
 71
     5
 72
     1
  1
\A1;641
 73
     1
 44
1.0
  0
POINT
  5
9DF
330
9D6
100
AcDbEntity
  8
Defpoints
 62
     0
100
AcDbPoint
 10
3010.943517121953
 20
-11738.55222233789
 30
0.0
  0
POINT
  5
9E0
330
9D6
100
AcDbEntity
  8
Defpoints
 62
     0
100
AcDbPoint
 10
3652.037527077344
 20
-11738.55222233789
 30
0.0
  0
POINT
  5
9E1
330
9D6
100
AcDbEntity
  8
Defpoints
 62
     0
100
AcDbPoint
 10
3652.037527077344
 20
-11909.98080155253
 30
0.0
  0
ENDBLK
  5
9D8
330
9D6
100
AcDbEntity
  8
0
100
AcDbBlockEnd
  0
BLOCK
  5
9E3
330
9E2
100
AcDbEntity
  8
0
100
AcDbBlockBegin
  2
*D131
 70
     1
 10
0.0
 20
0.0
 30
0.0
  3
*D131
  1

  0
LINE
  5
9E5
330
9E2
100
AcDbEntity
  8
SH-尺寸标注
  6
Continuous
 62
   252
370
     9
100
AcDbLine
 10
11737.59317433846
 20
-10768.42511775227
 30
0.0
 11
11737.59317433846
 21
-10977.94893679239
 31
0.0
  0
LINE
  5
9E6
330
9E2
100
AcDbEntity
  8
SH-尺寸标注
  6
Continuous
 62
   252
370
     9
100
AcDbLine
 10
12156.75793188022
 20
-10768.42511775227
 30
0.0
 11
12156.75793188022
 21
-10977.94893679239
 31
0.0
  0
LINE
  5
9E7
330
9E2
100
AcDbEntity
  8
SH-尺寸标注
  6
Continuous
 62
   252
370
     9
100
AcDbLine
 10
11699.49793451298
 20
-10939.85369696691
 30
0.0
 11
12194.8531717057
 21
-10939.85369696691
 31
0.0
  0
INSERT
  5
9E8
330
9E2
100
AcDbEntity
  8
SH-尺寸标注
 62
   252
370
     9
100
AcDbBlockReference
  2
_ArchTick
 10
11737.59317433846
 20
-10939.85369696691
 30
0.0
 41
28.57142986910685
 42
28.57142986910685
 43
28.57142986910685
 50
180.0
  0
INSERT
  5
9E9
330
9E2
100
AcDbEntity
  8
SH-尺寸标注
 62
   252
370
     9
100
AcDbBlockReference
  2
_ArchTick
 10
12156.75793188022
 20
-10939.85369696691
 30
0.0
 41
28.57142986910685
 42
28.57142986910685
 43
28.57142986910685
  0
MTEXT
  5
9EA
330
9E2
100
AcDbEntity
  8
SH-尺寸标注
 62
   134
100
AcDbMText
 10
11947.17555310934
 20
-10847.88519110754
 30
0.0
 40
114.2857194764274
 41
0.0
 46
0.0
 71
     5
 72
     1
  1
\A1;419
 73
     1
 44
1.0
  0
POINT
  5
9EB
330
9E2
100
AcDbEntity
  8
Defpoints
 62
     0
100
AcDbPoint
 10
11737.59317433846
 20
-10768.42511775227
 30
0.0
  0
POINT
  5
9EC
330
9E2
100
AcDbEntity
  8
Defpoints
 62
     0
100
AcDbPoint
 10
12156.75793188022
 20
-10768.42511775227
 30
0.0
  0
POINT
  5
9ED
330
9E2
100
AcDbEntity
  8
Defpoints
 62
     0
100
AcDbPoint
 10
12156.75793188022
 20
-10939.85369696691
 30
0.0
  0
ENDBLK
  5
9E4
330
9E2
100
AcDbEntity
  8
0
100
AcDbBlockEnd
  0
BLOCK
  5
9EF
330
9EE
100
AcDbEntity
  8
0
100
AcDbBlockBegin
  2
*D132
 70
     1
 10
0.0
 20
0.0
 30
0.0
  3
*D132
  1

  0
LINE
  5
9F1
330
9EE
100
AcDbEntity
  8
SH-尺寸标注
  6
Continuous
 62
   252
370
     9
100
AcDbLine
 10
9881.0897139312
 20
-10768.42511775227
 30
0.0
 11
9881.0897139312
 21
-10977.94893679239
 31
0.0
  0
LINE
  5
9F2
330
9EE
100
AcDbEntity
  8
SH-尺寸标注
  6
Continuous
 62
   252
370
     9
100
AcDbLine
 10
11737.59317433846
 20
-10768.42511775227
 30
0.0
 11
11737.59317433846
 21
-10977.94893679239
 31
0.0
  0
LINE
  5
9F3
330
9EE
100
AcDbEntity
  8
SH-尺寸标注
  6
Continuous
 62
   252
370
     9
100
AcDbLine
 10
9842.994474105724
 20
-10939.85369696691
 30
0.0
 11
11775.68841416393
 21
-10939.85369696691
 31
0.0
  0
INSERT
  5
9F4
330
9EE
100
AcDbEntity
  8
SH-尺寸标注
 62
   252
370
     9
100
AcDbBlockReference
  2
_ArchTick
 10
9881.0897139312
 20
-10939.85369696691
 30
0.0
 41
28.57142986910685
 42
28.57142986910685
 43
28.57142986910685
 50
180.0
  0
INSERT
  5
9F5
330
9EE
100
AcDbEntity
  8
SH-尺寸标注
 62
   252
370
     9
100
AcDbBlockReference
  2
_ArchTick
 10
11737.59317433846
 20
-10939.85369696691
 30
0.0
 41
28.57142986910685
 42
28.57142986910685
 43
28.57142986910685
  0
MTEXT
  5
9F6
330
9EE
100
AcDbEntity
  8
SH-尺寸标注
 62
   134
100
AcDbMText
 10
10809.34144413483
 20
-10847.88519110754
 30
0.0
 40
114.2857194764274
 41
0.0
 46
0.0
 71
     5
 72
     1
  1
\A1;1857
 73
     1
 44
1.0
  0
POINT
  5
9F7
330
9EE
100
AcDbEntity
  8
Defpoints
 62
     0
100
AcDbPoint
 10
9881.0897139312
 20
-10768.42511775227
 30
0.0
  0
POINT
  5
9F8
330
9EE
100
AcDbEntity
  8
Defpoints
 62
     0
100
AcDbPoint
 10
11737.59317433846
 20
-10768.42511775227
 30
0.0
  0
POINT
  5
9F9
330
9EE
100
AcDbEntity
  8
Defpoints
 62
     0
100
AcDbPoint
 10
11737.59317433846
 20
-10939.85369696691
 30
0.0
  0
ENDBLK
  5
9F0
330
9EE
100
AcDbEntity
  8
0
100
AcDbBlockEnd
  0
BLOCK
  5
9FB
330
9FA
100
AcDbEntity
  8
0
100
AcDbBlockBegin
  2
*D133
 70
     1
 10
0.0
 20
0.0
 30
0.0
  3
*D133
  1

  0
LINE
  5
9FD
330
9FA
100
AcDbEntity
  8
SH-尺寸标注
  6
Continuous
 62
   252
370
     9
100
AcDbLine
 10
9282.595980062573
 20
-10768.42511775227
 30
0.0
 11
9282.595980062573
 21
-10977.94893679239
 31
0.0
  0
LINE
  5
9FE
330
9FA
100
AcDbEntity
  8
SH-尺寸标注
  6
Continuous
 62
   252
370
     9
100
AcDbLine
 10
9881.0897139312
 20
-10768.42511775227
 30
0.0
 11
9881.0897139312
 21
-10977.94893679239
 31
0.0
  0
LINE
  5
9FF
330
9FA
100
AcDbEntity
  8
SH-尺寸标注
  6
Continuous
 62
   252
370
     9
100
AcDbLine
 10
9244.500740237097
 20
-10939.85369696691
 30
0.0
 11
9919.184953756676
 21
-10939.85369696691
 31
0.0
  0
INSERT
  5
A00
330
9FA
100
AcDbEntity
  8
SH-尺寸标注
 62
   252
370
     9
100
AcDbBlockReference
  2
_ArchTick
 10
9282.595980062573
 20
-10939.85369696691
 30
0.0
 41
28.57142986910685
 42
28.57142986910685
 43
28.57142986910685
 50
180.0
  0
INSERT
  5
A01
330
9FA
100
AcDbEntity
  8
SH-尺寸标注
 62
   252
370
     9
100
AcDbBlockReference
  2
_ArchTick
 10
9881.0897139312
 20
-10939.85369696691
 30
0.0
 41
28.57142986910685
 42
28.57142986910685
 43
28.57142986910685
  0
MTEXT
  5
A02
330
9FA
100
AcDbEntity
  8
SH-尺寸标注
 62
   134
100
AcDbMText
 10
9581.842846996888
 20
-10847.88519110754
 30
0.0
 40
114.2857194764274
 41
0.0
 46
0.0
 71
     5
 72
     1
  1
\A1;598
 73
     1
 44
1.0
  0
POINT
  5
A03
330
9FA
100
AcDbEntity
  8
Defpoints
 62
     0
100
AcDbPoint
 10
9282.595980062573
 20
-10768.42511775227
 30
0.0
  0
POINT
  5
A04
330
9FA
100
AcDbEntity
  8
Defpoints
 62
     0
100
AcDbPoint
 10
9881.0897139312
 20
-10768.42511775227
 30
0.0
  0
POINT
  5
A05
330
9FA
100
AcDbEntity
  8
Defpoints
 62
     0
100
AcDbPoint
 10
9881.0897139312
 20
-10939.85369696691
 30
0.0
  0
ENDBLK
  5
9FC
330
9FA
100
AcDbEntity
  8
0
100
AcDbBlockEnd
  0
BLOCK
  5
A07
330
A06
100
AcDbEntity
  8
0
100
AcDbBlockBegin
  2
*D134
 70
     1
 10
0.0
 20
0.0
 30
0.0
  3
*D134
  1

  0
LINE
  5
A09
330
A06
100
AcDbEntity
  8
SH-尺寸标注
  6
Continuous
 62
   252
370
     9
100
AcDbLine
 10
7819.649241618267
 20
-10768.42511775227
 30
0.0
 11
7819.649241618267
 21
-10977.94893679239
 31
0.0
  0
LINE
  5
A0A
330
A06
100
AcDbEntity
  8
SH-尺寸标注
  6
Continuous
 62
   252
370
     9
100
AcDbLine
 10
9042.595980062573
 20
-10768.42511775227
 30
0.0
 11
9042.595980062573
 21
-10977.94893679239
 31
0.0
  0
LINE
  5
A0B
330
A06
100
AcDbEntity
  8
SH-尺寸标注
  6
Continuous
 62
   252
370
     9
100
AcDbLine
 10
7781.554001792791
 20
-10939.85369696691
 30
0.0
 11
9080.69121988805
 21
-10939.85369696691
 31
0.0
  0
INSERT
  5
A0C
330
A06
100
AcDbEntity
  8
SH-尺寸标注
 62
   252
370
     9
100
AcDbBlockReference
  2
_ArchTick
 10
7819.649241618267
 20
-10939.85369696691
 30
0.0
 41
28.57142986910685
 42
28.57142986910685
 43
28.57142986910685
 50
180.0
  0
INSERT
  5
A0D
330
A06
100
AcDbEntity
  8
SH-尺寸标注
 62
   252
370
     9
100
AcDbBlockReference
  2
_ArchTick
 10
9042.595980062573
 20
-10939.85369696691
 30
0.0
 41
28.57142986910685
 42
28.57142986910685
 43
28.57142986910685
  0
MTEXT
  5
A0E
330
A06
100
AcDbEntity
  8
SH-尺寸标注
 62
   134
100
AcDbMText
 10
8431.12261084042
 20
-10847.88519110754
 30
0.0
 40
114.2857194764274
 41
0.0
 46
0.0
 71
     5
 72
     1
  1
\A1;1223
 73
     1
 44
1.0
  0
POINT
  5
A0F
330
A06
100
AcDbEntity
  8
Defpoints
 62
     0
100
AcDbPoint
 10
7819.649241618267
 20
-10768.42511775227
 30
0.0
  0
POINT
  5
A10
330
A06
100
AcDbEntity
  8
Defpoints
 62
     0
100
AcDbPoint
 10
9042.595980062573
 20
-10768.42511775227
 30
0.0
  0
POINT
  5
A11
330
A06
100
AcDbEntity
  8
Defpoints
 62
     0
100
AcDbPoint
 10
9042.595980062573
 20
-10939.85369696691
 30
0.0
  0
ENDBLK
  5
A08
330
A06
100
AcDbEntity
  8
0
100
AcDbBlockEnd
  0
BLOCK
  5
A13
330
A12
100
AcDbEntity
  8
0
100
AcDbBlockBegin
  2
*D135
 70
     1
 10
0.0
 20
0.0
 30
0.0
  3
*D135
  1

  0
LINE
  5
A15
330
A12
100
AcDbEntity
  8
SH-尺寸标注
  6
Continuous
 62
   252
370
     9
100
AcDbLine
 10
7639.649241618267
 20
-10768.42511775227
 30
0.0
 11
7639.649241618267
 21
-10977.94893679239
 31
0.0
  0
LINE
  5
A16
330
A12
100
AcDbEntity
  8
SH-尺寸标注
  6
Continuous
 62
   252
370
     9
100
AcDbLine
 10
7699.649241618267
 20
-10768.42511775227
 30
0.0
 11
7699.649241618267
 21
-10977.94893679239
 31
0.0
  0
LINE
  5
A17
330
A12
100
AcDbEntity
  8
SH-尺寸标注
  6
Continuous
 62
   252
370
     9
100
AcDbLine
 10
7601.554001792791
 20
-10939.85369696691
 30
0.0
 11
7737.744481443743
 21
-10939.85369696691
 31
0.0
  0
INSERT
  5
A18
330
A12
100
AcDbEntity
  8
SH-尺寸标注
 62
   252
370
     9
100
AcDbBlockReference
  2
_ArchTick
 10
7639.649241618267
 20
-10939.85369696691
 30
0.0
 41
28.57142986910685
 42
28.57142986910685
 43
28.57142986910685
 50
180.0
  0
INSERT
  5
A19
330
A12
100
AcDbEntity
  8
SH-尺寸标注
 62
   252
370
     9
100
AcDbBlockReference
  2
_ArchTick
 10
7699.649241618267
 20
-10939.85369696691
 30
0.0
 41
28.57142986910685
 42
28.57142986910685
 43
28.57142986910685
  0
MTEXT
  5
A1A
330
A12
100
AcDbEntity
  8
SH-尺寸标注
 62
   134
100
AcDbMText
 10
7669.649241618267
 20
-10847.88519110754
 30
0.0
 40
114.2857194764274
 41
0.0
 46
0.0
 71
     5
 72
     1
  1
\A1;60
 73
     1
 44
1.0
  0
POINT
  5
A1B
330
A12
100
AcDbEntity
  8
Defpoints
 62
     0
100
AcDbPoint
 10
7639.649241618267
 20
-10768.42511775227
 30
0.0
  0
POINT
  5
A1C
330
A12
100
AcDbEntity
  8
Defpoints
 62
     0
100
AcDbPoint
 10
7699.649241618267
 20
-10768.42511775227
 30
0.0
  0
POINT
  5
A1D
330
A12
100
AcDbEntity
  8
Defpoints
 62
     0
100
AcDbPoint
 10
7699.649241618267
 20
-10939.85369696691
 30
0.0
  0
ENDBLK
  5
A14
330
A12
100
AcDbEntity
  8
0
100
AcDbBlockEnd
  0
BLOCK
  5
A1F
330
A1E
100
AcDbEntity
  8
0
100
AcDbBlockBegin
  2
*D136
 70
     1
 10
0.0
 20
0.0
 30
0.0
  3
*D136
  1

  0
LINE
  5
A21
330
A1E
100
AcDbEntity
  8
SH-尺寸标注
  6
Continuous
 62
   252
370
     9
100
AcDbLine
 10
9042.595980062573
 20
-10088.15169946097
 30
0.0
 11
9042.595980062573
 21
-9878.62788042085
 31
0.0
  0
LINE
  5
A22
330
A1E
100
AcDbEntity
  8
SH-尺寸标注
  6
Continuous
 62
   252
370
     9
100
AcDbLine
 10
9282.595980062573
 20
-10088.15169946097
 30
0.0
 11
9282.595980062573
 21
-9878.62788042085
 31
0.0
  0
LINE
  5
A23
330
A1E
100
AcDbEntity
  8
SH-尺寸标注
  6
Continuous
 62
   252
370
     9
100
AcDbLine
 10
9004.500740237097
 20
-9916.723120246326
 30
0.0
 11
9320.69121988805
 21
-9916.723120246326
 31
0.0
  0
INSERT
  5
A24
330
A1E
100
AcDbEntity
  8
SH-尺寸标注
 62
   252
370
     9
100
AcDbBlockReference
  2
_ArchTick
 10
9042.595980062573
 20
-9916.723120246326
 30
0.0
 41
28.57142986910685
 42
28.57142986910685
 43
28.57142986910685
 50
180.0
  0
INSERT
  5
A25
330
A1E
100
AcDbEntity
  8
SH-尺寸标注
 62
   252
370
     9
100
AcDbBlockReference
  2
_ArchTick
 10
9282.595980062573
 20
-9916.723120246326
 30
0.0
 41
28.57142986910685
 42
28.57142986910685
 43
28.57142986910685
  0
MTEXT
  5
A26
330
A1E
100
AcDbEntity
  8
SH-尺寸标注
 62
   134
100
AcDbMText
 10
9162.595980062573
 20
-9824.754614386951
 30
0.0
 40
114.2857194764274
 41
0.0
 46
0.0
 71
     5
 72
     1
  1
\A1;240
 73
     1
 44
1.0
  0
POINT
  5
A27
330
A1E
100
AcDbEntity
  8
Defpoints
 62
     0
100
AcDbPoint
 10
9042.595980062573
 20
-10088.15169946097
 30
0.0
  0
POINT
  5
A28
330
A1E
100
AcDbEntity
  8
Defpoints
 62
     0
100
AcDbPoint
 10
9282.595980062573
 20
-10088.15169946097
 30
0.0
  0
POINT
  5
A29
330
A1E
100
AcDbEntity
  8
Defpoints
 62
     0
100
AcDbPoint
 10
9282.595980062573
 20
-9916.723120246326
 30
0.0
  0
ENDBLK
  5
A20
330
A1E
100
AcDbEntity
  8
0
100
AcDbBlockEnd
  0
BLOCK
  5
A2B
330
A2A
100
AcDbEntity
  8
0
100
AcDbBlockBegin
  2
*D137
 70
     1
 10
0.0
 20
0.0
 30
0.0
  3
*D137
  1

  0
LINE
  5
A2D
330
A2A
100
AcDbEntity
  8
SH-尺寸标注
  6
Continuous
 62
   252
370
     9
100
AcDbLine
 10
8929.983521192315
 20
-13968.40785647743
 30
0.0
 11
8929.983521192315
 21
-13758.88403743732
 31
0.0
  0
LINE
  5
A2E
330
A2A
100
AcDbEntity
  8
SH-尺寸标注
  6
Continuous
 62
   252
370
     9
100
AcDbLine
 10
9282.595980062573
 20
-13968.40785647743
 30
0.0
 11
9282.595980062573
 21
-13758.88403743732
 31
0.0
  0
LINE
  5
A2F
330
A2A
100
AcDbEntity
  8
SH-尺寸标注
  6
Continuous
 62
   252
370
     9
100
AcDbLine
 10
8891.888281366839
 20
-13796.97927726279
 30
0.0
 11
9320.69121988805
 21
-13796.97927726279
 31
0.0
  0
INSERT
  5
A30
330
A2A
100
AcDbEntity
  8
SH-尺寸标注
 62
   252
370
     9
100
AcDbBlockReference
  2
_ArchTick
 10
8929.983521192315
 20
-13796.97927726279
 30
0.0
 41
28.57142986910685
 42
28.57142986910685
 43
28.57142986910685
 50
180.0
  0
INSERT
  5
A31
330
A2A
100
AcDbEntity
  8
SH-尺寸标注
 62
   252
370
     9
100
AcDbBlockReference
  2
_ArchTick
 10
9282.595980062573
 20
-13796.97927726279
 30
0.0
 41
28.57142986910685
 42
28.57142986910685
 43
28.57142986910685
  0
MTEXT
  5
A32
330
A2A
100
AcDbEntity
  8
SH-尺寸标注
 62
   134
100
AcDbMText
 10
9106.289750627444
 20
-13705.01077140342
 30
0.0
 40
114.2857194764274
 41
0.0
 46
0.0
 71
     5
 72
     1
  1
\A1;353
 73
     1
 44
1.0
  0
POINT
  5
A33
330
A2A
100
AcDbEntity
  8
Defpoints
 62
     0
100
AcDbPoint
 10
8929.983521192315
 20
-13968.40785647743
 30
0.0
  0
POINT
  5
A34
330
A2A
100
AcDbEntity
  8
Defpoints
 62
     0
100
AcDbPoint
 10
9282.595980062573
 20
-13968.40785647743
 30
0.0
  0
POINT
  5
A35
330
A2A
100
AcDbEntity
  8
Defpoints
 62
     0
100
AcDbPoint
 10
9282.595980062573
 20
-13796.97927726279
 30
0.0
  0
ENDBLK
  5
A2C
330
A2A
100
AcDbEntity
  8
0
100
AcDbBlockEnd
  0
BLOCK
  5
A37
330
A36
100
AcDbEntity
  8
0
100
AcDbBlockBegin
  2
*D138
 70
     1
 10
0.0
 20
0.0
 30
0.0
  3
*D138
  1

  0
LINE
  5
A39
330
A36
100
AcDbEntity
  8
SH-尺寸标注
  6
Continuous
 62
   252
370
     9
100
AcDbLine
 10
8711.978921192314
 20
-12912.6912458114
 30
0.0
 11
8711.978921192314
 21
-12703.16742677129
 31
0.0
  0
LINE
  5
A3A
330
A36
100
AcDbEntity
  8
SH-尺寸标注
  6
Continuous
 62
   252
370
     9
100
AcDbLine
 10
9042.595980062573
 20
-12912.6912458114
 30
0.0
 11
9042.595980062573
 21
-12703.16742677129
 31
0.0
  0
LINE
  5
A3B
330
A36
100
AcDbEntity
  8
SH-尺寸标注
  6
Continuous
 62
   252
370
     9
100
AcDbLine
 10
8673.883681366839
 20
-12741.26266659676
 30
0.0
 11
9080.69121988805
 21
-12741.26266659676
 31
0.0
  0
INSERT
  5
A3C
330
A36
100
AcDbEntity
  8
SH-尺寸标注
 62
   252
370
     9
100
AcDbBlockReference
  2
_ArchTick
 10
8711.978921192314
 20
-12741.26266659676
 30
0.0
 41
28.57142986910685
 42
28.57142986910685
 43
28.57142986910685
 50
180.0
  0
INSERT
  5
A3D
330
A36
100
AcDbEntity
  8
SH-尺寸标注
 62
   252
370
     9
100
AcDbBlockReference
  2
_ArchTick
 10
9042.595980062573
 20
-12741.26266659676
 30
0.0
 41
28.57142986910685
 42
28.57142986910685
 43
28.57142986910685
  0
MTEXT
  5
A3E
330
A36
100
AcDbEntity
  8
SH-尺寸标注
 62
   134
100
AcDbMText
 10
8877.287450627444
 20
-12649.29416073739
 30
0.0
 40
114.2857194764274
 41
0.0
 46
0.0
 71
     5
 72
     1
  1
\A1;331
 73
     1
 44
1.0
  0
POINT
  5
A3F
330
A36
100
AcDbEntity
  8
Defpoints
 62
     0
100
AcDbPoint
 10
8711.978921192314
 20
-12912.6912458114
 30
0.0
  0
POINT
  5
A40
330
A36
100
AcDbEntity
  8
Defpoints
 62
     0
100
AcDbPoint
 10
9042.595980062573
 20
-12912.6912458114
 30
0.0
  0
POINT
  5
A41
330
A36
100
AcDbEntity
  8
Defpoints
 62
     0
100
AcDbPoint
 10
9042.595980062573
 20
-12741.26266659676
 30
0.0
  0
ENDBLK
  5
A38
330
A36
100
AcDbEntity
  8
0
100
AcDbBlockEnd
  0
BLOCK
  5
A43
330
A42
100
AcDbEntity
  8
0
100
AcDbBlockBegin
  2
*D139
 70
     1
 10
0.0
 20
0.0
 30
0.0
  3
*D139
  1

  0
LINE
  5
A45
330
A42
100
AcDbEntity
  8
SH-尺寸标注
  6
Continuous
 62
   252
370
     9
100
AcDbLine
 10
7602.442206256516
 20
-12834.58860836326
 30
0.0
 11
7602.442206256516
 21
-12625.06478932315
 31
0.0
  0
LINE
  5
A46
330
A42
100
AcDbEntity
  8
SH-尺寸标注
  6
Continuous
 62
   252
370
     9
100
AcDbLine
 10
7699.649241618267
 20
-12834.58860836326
 30
0.0
 11
7699.649241618267
 21
-12625.06478932315
 31
0.0
  0
LINE
  5
A47
330
A42
100
AcDbEntity
  8
SH-尺寸标注
  6
Continuous
 62
   252
370
     9
100
AcDbLine
 10
7564.346966431041
 20
-12663.16002914862
 30
0.0
 11
7737.744481443743
 21
-12663.16002914862
 31
0.0
  0
INSERT
  5
A48
330
A42
100
AcDbEntity
  8
SH-尺寸标注
 62
   252
370
     9
100
AcDbBlockReference
  2
_ArchTick
 10
7602.442206256516
 20
-12663.16002914862
 30
0.0
 41
28.57142986910685
 42
28.57142986910685
 43
28.57142986910685
 50
180.0
  0
INSERT
  5
A49
330
A42
100
AcDbEntity
  8
SH-尺寸标注
 62
   252
370
     9
100
AcDbBlockReference
  2
_ArchTick
 10
7699.649241618267
 20
-12663.16002914862
 30
0.0
 41
28.57142986910685
 42
28.57142986910685
 43
28.57142986910685
  0
MTEXT
  5
A4A
330
A42
100
AcDbEntity
  8
SH-尺寸标注
 62
   134
100
AcDbMText
 10
7651.045723937392
 20
-12571.19152328925
 30
0.0
 40
114.2857194764274
 41
0.0
 46
0.0
 71
     5
 72
     1
  1
\A1;97
 73
     1
 44
1.0
  0
POINT
  5
A4B
330
A42
100
AcDbEntity
  8
Defpoints
 62
     0
100
AcDbPoint
 10
7602.442206256516
 20
-12834.58860836326
 30
0.0
  0
POINT
  5
A4C
330
A42
100
AcDbEntity
  8
Defpoints
 62
     0
100
AcDbPoint
 10
7699.649241618267
 20
-12834.58860836326
 30
0.0
  0
POINT
  5
A4D
330
A42
100
AcDbEntity
  8
Defpoints
 62
     0
100
AcDbPoint
 10
7699.649241618267
 20
-12663.16002914862
 30
0.0
  0
ENDBLK
  5
A44
330
A42
100
AcDbEntity
  8
0
100
AcDbBlockEnd
  0
BLOCK
  5
A4F
330
A4E
100
AcDbEntity
  8
0
100
AcDbBlockBegin
  2
*D140
 70
     1
 10
0.0
 20
0.0
 30
0.0
  3
*D140
  1

  0
LINE
  5
A51
330
A4E
100
AcDbEntity
  8
SH-尺寸标注
  6
Continuous
 62
   252
370
     9
100
AcDbLine
 10
6815.413631684211
 20
-12834.58860836326
 30
0.0
 11
6815.413631684211
 21
-12625.06478932315
 31
0.0
  0
LINE
  5
A52
330
A4E
100
AcDbEntity
  8
SH-尺寸标注
  6
Continuous
 62
   252
370
     9
100
AcDbLine
 10
7602.442206256516
 20
-12834.58860836326
 30
0.0
 11
7602.442206256516
 21
-12625.06478932315
 31
0.0
  0
LINE
  5
A53
330
A4E
100
AcDbEntity
  8
SH-尺寸标注
  6
Continuous
 62
   252
370
     9
100
AcDbLine
 10
6777.318391858736
 20
-12663.16002914862
 30
0.0
 11
7640.537446081992
 21
-12663.16002914862
 31
0.0
  0
INSERT
  5
A54
330
A4E
100
AcDbEntity
  8
SH-尺寸标注
 62
   252
370
     9
100
AcDbBlockReference
  2
_ArchTick
 10
6815.413631684211
 20
-12663.16002914862
 30
0.0
 41
28.57142986910685
 42
28.57142986910685
 43
28.57142986910685
 50
180.0
  0
INSERT
  5
A55
330
A4E
100
AcDbEntity
  8
SH-尺寸标注
 62
   252
370
     9
100
AcDbBlockReference
  2
_ArchTick
 10
7602.442206256516
 20
-12663.16002914862
 30
0.0
 41
28.57142986910685
 42
28.57142986910685
 43
28.57142986910685
  0
MTEXT
  5
A56
330
A4E
100
AcDbEntity
  8
SH-尺寸标注
 62
   134
100
AcDbMText
 10
7208.927918970364
 20
-12571.19152328925
 30
0.0
 40
114.2857194764274
 41
0.0
 46
0.0
 71
     5
 72
     1
  1
\A1;787
 73
     1
 44
1.0
  0
POINT
  5
A57
330
A4E
100
AcDbEntity
  8
Defpoints
 62
     0
100
AcDbPoint
 10
6815.413631684211
 20
-12834.58860836326
 30
0.0
  0
POINT
  5
A58
330
A4E
100
AcDbEntity
  8
Defpoints
 62
     0
100
AcDbPoint
 10
7602.442206256516
 20
-12834.58860836326
 30
0.0
  0
POINT
  5
A59
330
A4E
100
AcDbEntity
  8
Defpoints
 62
     0
100
AcDbPoint
 10
7602.442206256516
 20
-12663.16002914862
 30
0.0
  0
ENDBLK
  5
A50
330
A4E
100
AcDbEntity
  8
0
100
AcDbBlockEnd
  0
BLOCK
  5
A5B
330
A5A
100
AcDbEntity
  8
0
100
AcDbBlockBegin
  2
*D141
 70
     1
 10
0.0
 20
0.0
 30
0.0
  3
*D141
  1

  0
LINE
  5
A5D
330
A5A
100
AcDbEntity
  8
SH-尺寸标注
  6
Continuous
 62
   252
370
     9
100
AcDbLine
 10
5280.244129634775
 20
-12834.58860836326
 30
0.0
 11
5280.244129634775
 21
-12625.06478932315
 31
0.0
  0
LINE
  5
A5E
330
A5A
100
AcDbEntity
  8
SH-尺寸标注
  6
Continuous
 62
   252
370
     9
100
AcDbLine
 10
6815.413631684211
 20
-12834.58860836326
 30
0.0
 11
6815.413631684211
 21
-12625.06478932315
 31
0.0
  0
LINE
  5
A5F
330
A5A
100
AcDbEntity
  8
SH-尺寸标注
  6
Continuous
 62
   252
370
     9
100
AcDbLine
 10
5242.148889809299
 20
-12663.16002914862
 30
0.0
 11
6853.508871509687
 21
-12663.16002914862
 31
0.0
  0
INSERT
  5
A60
330
A5A
100
AcDbEntity
  8
SH-尺寸标注
 62
   252
370
     9
100
AcDbBlockReference
  2
_ArchTick
 10
5280.244129634775
 20
-12663.16002914862
 30
0.0
 41
28.57142986910685
 42
28.57142986910685
 43
28.57142986910685
 50
180.0
  0
INSERT
  5
A61
330
A5A
100
AcDbEntity
  8
SH-尺寸标注
 62
   252
370
     9
100
AcDbBlockReference
  2
_ArchTick
 10
6815.413631684211
 20
-12663.16002914862
 30
0.0
 41
28.57142986910685
 42
28.57142986910685
 43
28.57142986910685
  0
MTEXT
  5
A62
330
A5A
100
AcDbEntity
  8
SH-尺寸标注
 62
   134
100
AcDbMText
 10
6047.828880659494
 20
-12571.19152328925
 30
0.0
 40
114.2857194764274
 41
0.0
 46
0.0
 71
     5
 72
     1
  1
\A1;1535
 73
     1
 44
1.0
  0
POINT
  5
A63
330
A5A
100
AcDbEntity
  8
Defpoints
 62
     0
100
AcDbPoint
 10
5280.244129634775
 20
-12834.58860836326
 30
0.0
  0
POINT
  5
A64
330
A5A
100
AcDbEntity
  8
Defpoints
 62
     0
100
AcDbPoint
 10
6815.413631684211
 20
-12834.58860836326
 30
0.0
  0
POINT
  5
A65
330
A5A
100
AcDbEntity
  8
Defpoints
 62
     0
100
AcDbPoint
 10
6815.413631684211
 20
-12663.16002914862
 30
0.0
  0
ENDBLK
  5
A5C
330
A5A
100
AcDbEntity
  8
0
100
AcDbBlockEnd
  0
BLOCK
  5
A67
330
A66
100
AcDbEntity
  8
0
100
AcDbBlockBegin
  2
*D142
 70
     1
 10
0.0
 20
0.0
 30
0.0
  3
*D142
  1

  0
LINE
  5
A69
330
A66
100
AcDbEntity
  8
SH-尺寸标注
  6
Continuous
 62
   252
370
     9
100
AcDbLine
 10
8929.983521192315
 20
-14116.59691725603
 30
0.0
 11
8929.983521192315
 21
-14326.12073629615
 31
0.0
  0
LINE
  5
A6A
330
A66
100
AcDbEntity
  8
SH-尺寸标注
  6
Continuous
 62
   252
370
     9
100
AcDbLine
 10
9042.595980062573
 20
-14116.59691725603
 30
0.0
 11
9042.595980062573
 21
-14326.12073629615
 31
0.0
  0
LINE
  5
A6B
330
A66
100
AcDbEntity
  8
SH-尺寸标注
  6
Continuous
 62
   252
370
     9
100
AcDbLine
 10
8891.888281366839
 20
-14288.02549647067
 30
0.0
 11
9080.69121988805
 21
-14288.02549647067
 31
0.0
  0
INSERT
  5
A6C
330
A66
100
AcDbEntity
  8
SH-尺寸标注
 62
   252
370
     9
100
AcDbBlockReference
  2
_ArchTick
 10
8929.983521192315
 20
-14288.02549647067
 30
0.0
 41
28.57142986910685
 42
28.57142986910685
 43
28.57142986910685
 50
180.0
  0
INSERT
  5
A6D
330
A66
100
AcDbEntity
  8
SH-尺寸标注
 62
   252
370
     9
100
AcDbBlockReference
  2
_ArchTick
 10
9042.595980062573
 20
-14288.02549647067
 30
0.0
 41
28.57142986910685
 42
28.57142986910685
 43
28.57142986910685
  0
MTEXT
  5
A6E
330
A66
100
AcDbEntity
  8
SH-尺寸标注
 62
   134
100
AcDbMText
 10
8986.289750627444
 20
-14196.0569906113
 30
0.0
 40
114.2857194764274
 41
0.0
 46
0.0
 71
     5
 72
     1
  1
\A1;113
 73
     1
 44
1.0
  0
POINT
  5
A6F
330
A66
100
AcDbEntity
  8
Defpoints
 62
     0
100
AcDbPoint
 10
8929.983521192315
 20
-14116.59691725603
 30
0.0
  0
POINT
  5
A70
330
A66
100
AcDbEntity
  8
Defpoints
 62
     0
100
AcDbPoint
 10
9042.595980062573
 20
-14116.59691725603
 30
0.0
  0
POINT
  5
A71
330
A66
100
AcDbEntity
  8
Defpoints
 62
     0
100
AcDbPoint
 10
9042.595980062573
 20
-14288.02549647067
 30
0.0
  0
ENDBLK
  5
A68
330
A66
100
AcDbEntity
  8
0
100
AcDbBlockEnd
  0
BLOCK
  5
A73
330
A72
100
AcDbEntity
  8
0
100
AcDbBlockBegin
  2
*D143
 70
     1
 10
0.0
 20
0.0
 30
0.0
  3
*D143
  1

  0
LINE
  5
A75
330
A72
100
AcDbEntity
  8
SH-尺寸标注
  6
Continuous
 62
   252
370
     9
100
AcDbLine
 10
8142.933627077344
 20
-14116.59691725603
 30
0.0
 11
8142.933627077344
 21
-14326.12073629615
 31
0.0
  0
LINE
  5
A76
330
A72
100
AcDbEntity
  8
SH-尺寸标注
  6
Continuous
 62
   252
370
     9
100
AcDbLine
 10
8929.983521192315
 20
-14116.59691725603
 30
0.0
 11
8929.983521192315
 21
-14326.12073629615
 31
0.0
  0
LINE
  5
A77
330
A72
100
AcDbEntity
  8
SH-尺寸标注
  6
Continuous
 62
   252
370
     9
100
AcDbLine
 10
8104.838387251868
 20
-14288.02549647067
 30
0.0
 11
8968.07876101779
 21
-14288.02549647067
 31
0.0
  0
INSERT
  5
A78
330
A72
100
AcDbEntity
  8
SH-尺寸标注
 62
   252
370
     9
100
AcDbBlockReference
  2
_ArchTick
 10
8142.933627077344
 20
-14288.02549647067
 30
0.0
 41
28.57142986910685
 42
28.57142986910685
 43
28.57142986910685
 50
180.0
  0
INSERT
  5
A79
330
A72
100
AcDbEntity
  8
SH-尺寸标注
 62
   252
370
     9
100
AcDbBlockReference
  2
_ArchTick
 10
8929.983521192315
 20
-14288.02549647067
 30
0.0
 41
28.57142986910685
 42
28.57142986910685
 43
28.57142986910685
  0
MTEXT
  5
A7A
330
A72
100
AcDbEntity
  8
SH-尺寸标注
 62
   134
100
AcDbMText
 10
8536.45857413483
 20
-14196.0569906113
 30
0.0
 40
114.2857194764274
 41
0.0
 46
0.0
 71
     5
 72
     1
  1
\A1;787
 73
     1
 44
1.0
  0
POINT
  5
A7B
330
A72
100
AcDbEntity
  8
Defpoints
 62
     0
100
AcDbPoint
 10
8142.933627077344
 20
-14116.59691725603
 30
0.0
  0
POINT
  5
A7C
330
A72
100
AcDbEntity
  8
Defpoints
 62
     0
100
AcDbPoint
 10
8929.983521192315
 20
-14116.59691725603
 30
0.0
  0
POINT
  5
A7D
330
A72
100
AcDbEntity
  8
Defpoints
 62
     0
100
AcDbPoint
 10
8929.983521192315
 20
-14288.02549647067
 30
0.0
  0
ENDBLK
  5
A74
330
A72
100
AcDbEntity
  8
0
100
AcDbBlockEnd
  0
BLOCK
  5
A7F
330
A7E
100
AcDbEntity
  8
0
100
AcDbBlockBegin
  2
*D144
 70
     1
 10
0.0
 20
0.0
 30
0.0
  3
*D144
  1

  0
LINE
  5
A81
330
A7E
100
AcDbEntity
  8
SH-尺寸标注
  6
Continuous
 62
   252
370
     9
100
AcDbLine
 10
6659.365613417838
 20
-14116.59691725603
 30
0.0
 11
6659.365613417838
 21
-14326.12073629615
 31
0.0
  0
LINE
  5
A82
330
A7E
100
AcDbEntity
  8
SH-尺寸标注
  6
Continuous
 62
   252
370
     9
100
AcDbLine
 10
8142.933627077344
 20
-14116.59691725603
 30
0.0
 11
8142.933627077344
 21
-14326.12073629615
 31
0.0
  0
LINE
  5
A83
330
A7E
100
AcDbEntity
  8
SH-尺寸标注
  6
Continuous
 62
   252
370
     9
100
AcDbLine
 10
6621.270373592362
 20
-14288.02549647067
 30
0.0
 11
8181.02886690282
 21
-14288.02549647067
 31
0.0
  0
INSERT
  5
A84
330
A7E
100
AcDbEntity
  8
SH-尺寸标注
 62
   252
370
     9
100
AcDbBlockReference
  2
_ArchTick
 10
6659.365613417838
 20
-14288.02549647067
 30
0.0
 41
28.57142986910685
 42
28.57142986910685
 43
28.57142986910685
 50
180.0
  0
INSERT
  5
A85
330
A7E
100
AcDbEntity
  8
SH-尺寸标注
 62
   252
370
     9
100
AcDbBlockReference
  2
_ArchTick
 10
8142.933627077344
 20
-14288.02549647067
 30
0.0
 41
28.57142986910685
 42
28.57142986910685
 43
28.57142986910685
  0
MTEXT
  5
A86
330
A7E
100
AcDbEntity
  8
SH-尺寸标注
 62
   134
100
AcDbMText
 10
7401.149620247591
 20
-14196.0569906113
 30
0.0
 40
114.2857194764274
 41
0.0
 46
0.0
 71
     5
 72
     1
  1
\A1;1484
 73
     1
 44
1.0
  0
POINT
  5
A87
330
A7E
100
AcDbEntity
  8
Defpoints
 62
     0
100
AcDbPoint
 10
6659.365613417838
 20
-14116.59691725603
 30
0.0
  0
POINT
  5
A88
330
A7E
100
AcDbEntity
  8
Defpoints
 62
     0
100
AcDbPoint
 10
8142.933627077344
 20
-14116.59691725603
 30
0.0
  0
POINT
  5
A89
330
A7E
100
AcDbEntity
  8
Defpoints
 62
     0
100
AcDbPoint
 10
8142.933627077344
 20
-14288.02549647067
 30
0.0
  0
ENDBLK
  5
A80
330
A7E
100
AcDbEntity
  8
0
100
AcDbBlockEnd
  0
BLOCK
  5
A8B
330
A8A
100
AcDbEntity
  8
0
100
AcDbBlockBegin
  2
*D145
 70
     1
 10
0.0
 20
0.0
 30
0.0
  3
*D145
  1

  0
LINE
  5
A8D
330
A8A
100
AcDbEntity
  8
SH-尺寸标注
  6
Continuous
 62
   252
370
     9
100
AcDbLine
 10
8711.978921192314
 20
-13156.3999086414
 30
0.0
 11
8711.978921192314
 21
-13365.92372768152
 31
0.0
  0
LINE
  5
A8E
330
A8A
100
AcDbEntity
  8
SH-尺寸标注
  6
Continuous
 62
   252
370
     9
100
AcDbLine
 10
9282.595980062573
 20
-13156.3999086414
 30
0.0
 11
9282.595980062573
 21
-13365.92372768152
 31
0.0
  0
LINE
  5
A8F
330
A8A
100
AcDbEntity
  8
SH-尺寸标注
  6
Continuous
 62
   252
370
     9
100
AcDbLine
 10
8673.883681366839
 20
-13327.82848785604
 30
0.0
 11
9320.69121988805
 21
-13327.82848785604
 31
0.0
  0
INSERT
  5
A90
330
A8A
100
AcDbEntity
  8
SH-尺寸标注
 62
   252
370
     9
100
AcDbBlockReference
  2
_ArchTick
 10
8711.978921192314
 20
-13327.82848785604
 30
0.0
 41
28.57142986910685
 42
28.57142986910685
 43
28.57142986910685
 50
180.0
  0
INSERT
  5
A91
330
A8A
100
AcDbEntity
  8
SH-尺寸标注
 62
   252
370
     9
100
AcDbBlockReference
  2
_ArchTick
 10
9282.595980062573
 20
-13327.82848785604
 30
0.0
 41
28.57142986910685
 42
28.57142986910685
 43
28.57142986910685
  0
MTEXT
  5
A92
330
A8A
100
AcDbEntity
  8
SH-尺寸标注
 62
   134
100
AcDbMText
 10
8997.287450627444
 20
-13235.85998199667
 30
0.0
 40
114.2857194764274
 41
0.0
 46
0.0
 71
     5
 72
     1
  1
\A1;571
 73
     1
 44
1.0
  0
POINT
  5
A93
330
A8A
100
AcDbEntity
  8
Defpoints
 62
     0
100
AcDbPoint
 10
8711.978921192314
 20
-13156.3999086414
 30
0.0
  0
POINT
  5
A94
330
A8A
100
AcDbEntity
  8
Defpoints
 62
     0
100
AcDbPoint
 10
9282.595980062573
 20
-13156.3999086414
 30
0.0
  0
POINT
  5
A95
330
A8A
100
AcDbEntity
  8
Defpoints
 62
     0
100
AcDbPoint
 10
9282.595980062573
 20
-13327.82848785604
 30
0.0
  0
ENDBLK
  5
A8C
330
A8A
100
AcDbEntity
  8
0
100
AcDbBlockEnd
  0
BLOCK
  5
A97
330
A96
100
AcDbEntity
  8
0
100
AcDbBlockBegin
  2
*D146
 70
     1
 10
0.0
 20
0.0
 30
0.0
  3
*D146
  1

  0
LINE
  5
A99
330
A96
100
AcDbEntity
  8
SH-尺寸标注
  6
Continuous
 62
   252
370
     9
100
AcDbLine
 10
7924.929027077344
 20
-13156.3999086414
 30
0.0
 11
7924.929027077344
 21
-13365.92372768152
 31
0.0
  0
LINE
  5
A9A
330
A96
100
AcDbEntity
  8
SH-尺寸标注
  6
Continuous
 62
   252
370
     9
100
AcDbLine
 10
8711.978921192314
 20
-13156.3999086414
 30
0.0
 11
8711.978921192314
 21
-13365.92372768152
 31
0.0
  0
LINE
  5
A9B
330
A96
100
AcDbEntity
  8
SH-尺寸标注
  6
Continuous
 62
   252
370
     9
100
AcDbLine
 10
7886.833787251868
 20
-13327.82848785604
 30
0.0
 11
8750.07416101779
 21
-13327.82848785604
 31
0.0
  0
INSERT
  5
A9C
330
A96
100
AcDbEntity
  8
SH-尺寸标注
 62
   252
370
     9
100
AcDbBlockReference
  2
_ArchTick
 10
7924.929027077344
 20
-13327.82848785604
 30
0.0
 41
28.57142986910685
 42
28.57142986910685
 43
28.57142986910685
 50
180.0
  0
INSERT
  5
A9D
330
A96
100
AcDbEntity
  8
SH-尺寸标注
 62
   252
370
     9
100
AcDbBlockReference
  2
_ArchTick
 10
8711.978921192314
 20
-13327.82848785604
 30
0.0
 41
28.57142986910685
 42
28.57142986910685
 43
28.57142986910685
  0
MTEXT
  5
A9E
330
A96
100
AcDbEntity
  8
SH-尺寸标注
 62
   134
100
AcDbMText
 10
8318.453974134829
 20
-13235.85998199667
 30
0.0
 40
114.2857194764274
 41
0.0
 46
0.0
 71
     5
 72
     1
  1
\A1;787
 73
     1
 44
1.0
  0
POINT
  5
A9F
330
A96
100
AcDbEntity
  8
Defpoints
 62
     0
100
AcDbPoint
 10
7924.929027077344
 20
-13156.3999086414
 30
0.0
  0
POINT
  5
AA0
330
A96
100
AcDbEntity
  8
Defpoints
 62
     0
100
AcDbPoint
 10
8711.978921192314
 20
-13156.3999086414
 30
0.0
  0
POINT
  5
AA1
330
A96
100
AcDbEntity
  8
Defpoints
 62
     0
100
AcDbPoint
 10
8711.978921192314
 20
-13327.82848785604
 30
0.0
  0
ENDBLK
  5
A98
330
A96
100
AcDbEntity
  8
0
100
AcDbBlockEnd
  0
BLOCK
  5
AA3
330
AA2
100
AcDbEntity
  8
0
100
AcDbBlockBegin
  2
*D147
 70
     1
 10
0.0
 20
0.0
 30
0.0
  3
*D147
  1

  0
LINE
  5
AA5
330
AA2
100
AcDbEntity
  8
SH-尺寸标注
  6
Continuous
 62
   252
370
     9
100
AcDbLine
 10
7819.649241618267
 20
-13156.3999086414
 30
0.0
 11
7819.649241618267
 21
-13365.92372768152
 31
0.0
  0
LINE
  5
AA6
330
AA2
100
AcDbEntity
  8
SH-尺寸标注
  6
Continuous
 62
   252
370
     9
100
AcDbLine
 10
7924.929027077344
 20
-13156.3999086414
 30
0.0
 11
7924.929027077344
 21
-13365.92372768152
 31
0.0
  0
LINE
  5
AA7
330
AA2
100
AcDbEntity
  8
SH-尺寸标注
  6
Continuous
 62
   252
370
     9
100
AcDbLine
 10
7781.554001792791
 20
-13327.82848785604
 30
0.0
 11
7963.024266902819
 21
-13327.82848785604
 31
0.0
  0
INSERT
  5
AA8
330
AA2
100
AcDbEntity
  8
SH-尺寸标注
 62
   252
370
     9
100
AcDbBlockReference
  2
_ArchTick
 10
7819.649241618267
 20
-13327.82848785604
 30
0.0
 41
28.57142986910685
 42
28.57142986910685
 43
28.57142986910685
 50
180.0
  0
INSERT
  5
AA9
330
AA2
100
AcDbEntity
  8
SH-尺寸标注
 62
   252
370
     9
100
AcDbBlockReference
  2
_ArchTick
 10
7924.929027077344
 20
-13327.82848785604
 30
0.0
 41
28.57142986910685
 42
28.57142986910685
 43
28.57142986910685
  0
MTEXT
  5
AAA
330
AA2
100
AcDbEntity
  8
SH-尺寸标注
 62
   134
100
AcDbMText
 10
7872.289134347806
 20
-13419.79699371542
 30
0.0
 40
114.2857194764274
 41
0.0
 46
0.0
 71
     5
 72
     1
  1
\A1;105
 73
     1
 44
1.0
  0
POINT
  5
AAB
330
AA2
100
AcDbEntity
  8
Defpoints
 62
     0
100
AcDbPoint
 10
7819.649241618267
 20
-13156.3999086414
 30
0.0
  0
POINT
  5
AAC
330
AA2
100
AcDbEntity
  8
Defpoints
 62
     0
100
AcDbPoint
 10
7924.929027077344
 20
-13156.3999086414
 30
0.0
  0
POINT
  5
AAD
330
AA2
100
AcDbEntity
  8
Defpoints
 62
     0
100
AcDbPoint
 10
7924.929027077344
 20
-13327.82848785604
 30
0.0
  0
ENDBLK
  5
AA4
330
AA2
100
AcDbEntity
  8
0
100
AcDbBlockEnd
  0
BLOCK
  5
AAF
330
AAE
100
AcDbEntity
  8
0
100
AcDbBlockBegin
  2
*D148
 70
     1
 10
0.0
 20
0.0
 30
0.0
  3
*D148
  1

  0
LINE
  5
AB1
330
AAE
100
AcDbEntity
  8
SH-尺寸标注
  6
Continuous
 62
   252
370
     9
100
AcDbLine
 10
7600.675716561838
 20
-13156.3999086414
 30
0.0
 11
7600.675716561838
 21
-13365.92372768152
 31
0.0
  0
LINE
  5
AB2
330
AAE
100
AcDbEntity
  8
SH-尺寸标注
  6
Continuous
 62
   252
370
     9
100
AcDbLine
 10
7819.649241618267
 20
-13156.3999086414
 30
0.0
 11
7819.649241618267
 21
-13365.92372768152
 31
0.0
  0
LINE
  5
AB3
330
AAE
100
AcDbEntity
  8
SH-尺寸标注
  6
Continuous
 62
   252
370
     9
100
AcDbLine
 10
7562.580476736362
 20
-13327.82848785604
 30
0.0
 11
7857.744481443743
 21
-13327.82848785604
 31
0.0
  0
INSERT
  5
AB4
330
AAE
100
AcDbEntity
  8
SH-尺寸标注
 62
   252
370
     9
100
AcDbBlockReference
  2
_ArchTick
 10
7600.675716561838
 20
-13327.82848785604
 30
0.0
 41
28.57142986910685
 42
28.57142986910685
 43
28.57142986910685
 50
180.0
  0
INSERT
  5
AB5
330
AAE
100
AcDbEntity
  8
SH-尺寸标注
 62
   252
370
     9
100
AcDbBlockReference
  2
_ArchTick
 10
7819.649241618267
 20
-13327.82848785604
 30
0.0
 41
28.57142986910685
 42
28.57142986910685
 43
28.57142986910685
  0
MTEXT
  5
AB6
330
AAE
100
AcDbEntity
  8
SH-尺寸标注
 62
   134
100
AcDbMText
 10
7710.162479090053
 20
-13235.85998199667
 30
0.0
 40
114.2857194764274
 41
0.0
 46
0.0
 71
     5
 72
     1
  1
\A1;219
 73
     1
 44
1.0
  0
POINT
  5
AB7
330
AAE
100
AcDbEntity
  8
Defpoints
 62
     0
100
AcDbPoint
 10
7600.675716561838
 20
-13156.3999086414
 30
0.0
  0
POINT
  5
AB8
330
AAE
100
AcDbEntity
  8
Defpoints
 62
     0
100
AcDbPoint
 10
7819.649241618267
 20
-13156.3999086414
 30
0.0
  0
POINT
  5
AB9
330
AAE
100
AcDbEntity
  8
Defpoints
 62
     0
100
AcDbPoint
 10
7819.649241618267
 20
-13327.82848785604
 30
0.0
  0
ENDBLK
  5
AB0
330
AAE
100
AcDbEntity
  8
0
100
AcDbBlockEnd
  0
BLOCK
  5
ABB
330
ABA
100
AcDbEntity
  8
0
100
AcDbBlockBegin
  2
*D149
 70
     1
 10
0.0
 20
0.0
 30
0.0
  3
*D149
  1

  0
LINE
  5
ABD
330
ABA
100
AcDbEntity
  8
SH-尺寸标注
  6
Continuous
 62
   252
370
     9
100
AcDbLine
 10
6813.647141989533
 20
-13156.3999086414
 30
0.0
 11
6813.647141989533
 21
-13365.92372768152
 31
0.0
  0
LINE
  5
ABE
330
ABA
100
AcDbEntity
  8
SH-尺寸标注
  6
Continuous
 62
   252
370
     9
100
AcDbLine
 10
7600.675716561838
 20
-13156.3999086414
 30
0.0
 11
7600.675716561838
 21
-13365.92372768152
 31
0.0
  0
LINE
  5
ABF
330
ABA
100
AcDbEntity
  8
SH-尺寸标注
  6
Continuous
 62
   252
370
     9
100
AcDbLine
 10
6775.551902164058
 20
-13327.82848785604
 30
0.0
 11
7638.770956387314
 21
-13327.82848785604
 31
0.0
  0
INSERT
  5
AC0
330
ABA
100
AcDbEntity
  8
SH-尺寸标注
 62
   252
370
     9
100
AcDbBlockReference
  2
_ArchTick
 10
6813.647141989533
 20
-13327.82848785604
 30
0.0
 41
28.57142986910685
 42
28.57142986910685
 43
28.57142986910685
 50
180.0
  0
INSERT
  5
AC1
330
ABA
100
AcDbEntity
  8
SH-尺寸标注
 62
   252
370
     9
100
AcDbBlockReference
  2
_ArchTick
 10
7600.675716561838
 20
-13327.82848785604
 30
0.0
 41
28.57142986910685
 42
28.57142986910685
 43
28.57142986910685
  0
MTEXT
  5
AC2
330
ABA
100
AcDbEntity
  8
SH-尺寸标注
 62
   134
100
AcDbMText
 10
7207.161429275686
 20
-13235.85998199667
 30
0.0
 40
114.2857194764274
 41
0.0
 46
0.0
 71
     5
 72
     1
  1
\A1;787
 73
     1
 44
1.0
  0
POINT
  5
AC3
330
ABA
100
AcDbEntity
  8
Defpoints
 62
     0
100
AcDbPoint
 10
6813.647141989533
 20
-13156.3999086414
 30
0.0
  0
POINT
  5
AC4
330
ABA
100
AcDbEntity
  8
Defpoints
 62
     0
100
AcDbPoint
 10
7600.675716561838
 20
-13156.3999086414
 30
0.0
  0
POINT
  5
AC5
330
ABA
100
AcDbEntity
  8
Defpoints
 62
     0
100
AcDbPoint
 10
7600.675716561838
 20
-13327.82848785604
 30
0.0
  0
ENDBLK
  5
ABC
330
ABA
100
AcDbEntity
  8
0
100
AcDbBlockEnd
  0
BLOCK
  5
AC7
330
AC6
100
AcDbEntity
  8
0
100
AcDbBlockBegin
  2
*D150
 70
     1
 10
0.0
 20
0.0
 30
0.0
  3
*D150
  1

  0
LINE
  5
AC9
330
AC6
100
AcDbEntity
  8
SH-尺寸标注
  6
Continuous
 62
   252
370
     9
100
AcDbLine
 10
6659.365613417838
 20
-13156.3999086414
 30
0.0
 11
6659.365613417838
 21
-13365.92372768152
 31
0.0
  0
LINE
  5
ACA
330
AC6
100
AcDbEntity
  8
SH-尺寸标注
  6
Continuous
 62
   252
370
     9
100
AcDbLine
 10
6813.647141989533
 20
-13156.3999086414
 30
0.0
 11
6813.647141989533
 21
-13365.92372768152
 31
0.0
  0
LINE
  5
ACB
330
AC6
100
AcDbEntity
  8
SH-尺寸标注
  6
Continuous
 62
   252
370
     9
100
AcDbLine
 10
6621.270373592362
 20
-13327.82848785604
 30
0.0
 11
6851.742381815009
 21
-13327.82848785604
 31
0.0
  0
INSERT
  5
ACC
330
AC6
100
AcDbEntity
  8
SH-尺寸标注
 62
   252
370
     9
100
AcDbBlockReference
  2
_ArchTick
 10
6659.365613417838
 20
-13327.82848785604
 30
0.0
 41
28.57142986910685
 42
28.57142986910685
 43
28.57142986910685
 50
180.0
  0
INSERT
  5
ACD
330
AC6
100
AcDbEntity
  8
SH-尺寸标注
 62
   252
370
     9
100
AcDbBlockReference
  2
_ArchTick
 10
6813.647141989533
 20
-13327.82848785604
 30
0.0
 41
28.57142986910685
 42
28.57142986910685
 43
28.57142986910685
  0
MTEXT
  5
ACE
330
AC6
100
AcDbEntity
  8
SH-尺寸标注
 62
   134
100
AcDbMText
 10
6736.506377703686
 20
-13419.79699371542
 30
0.0
 40
114.2857194764274
 41
0.0
 46
0.0
 71
     5
 72
     1
  1
\A1;154
 73
     1
 44
1.0
  0
POINT
  5
ACF
330
AC6
100
AcDbEntity
  8
Defpoints
 62
     0
100
AcDbPoint
 10
6659.365613417838
 20
-13156.3999086414
 30
0.0
  0
POINT
  5
AD0
330
AC6
100
AcDbEntity
  8
Defpoints
 62
     0
100
AcDbPoint
 10
6813.647141989533
 20
-13156.3999086414
 30
0.0
  0
POINT
  5
AD1
330
AC6
100
AcDbEntity
  8
Defpoints
 62
     0
100
AcDbPoint
 10
6813.647141989533
 20
-13327.82848785604
 30
0.0
  0
ENDBLK
  5
AC8
330
AC6
100
AcDbEntity
  8
0
100
AcDbBlockEnd
  0
BLOCK
  5
AD3
330
AD2
100
AcDbEntity
  8
0
100
AcDbBlockBegin
  2
*D151
 70
     1
 10
0.0
 20
0.0
 30
0.0
  3
*D151
  1

  0
LINE
  5
AD5
330
AD2
100
AcDbEntity
  8
SH-尺寸标注
  6
Continuous
 62
   252
370
     9
100
AcDbLine
 10
6419.365613417838
 20
-13156.3999086414
 30
0.0
 11
6419.365613417838
 21
-13365.92372768152
 31
0.0
  0
LINE
  5
AD6
330
AD2
100
AcDbEntity
  8
SH-尺寸标注
  6
Continuous
 62
   252
370
     9
100
AcDbLine
 10
6659.365613417838
 20
-13156.3999086414
 30
0.0
 11
6659.365613417838
 21
-13365.92372768152
 31
0.0
  0
LINE
  5
AD7
330
AD2
100
AcDbEntity
  8
SH-尺寸标注
  6
Continuous
 62
   252
370
     9
100
AcDbLine
 10
6381.270373592362
 20
-13327.82848785604
 30
0.0
 11
6697.460853243314
 21
-13327.82848785604
 31
0.0
  0
INSERT
  5
AD8
330
AD2
100
AcDbEntity
  8
SH-尺寸标注
 62
   252
370
     9
100
AcDbBlockReference
  2
_ArchTick
 10
6419.365613417838
 20
-13327.82848785604
 30
0.0
 41
28.57142986910685
 42
28.57142986910685
 43
28.57142986910685
 50
180.0
  0
INSERT
  5
AD9
330
AD2
100
AcDbEntity
  8
SH-尺寸标注
 62
   252
370
     9
100
AcDbBlockReference
  2
_ArchTick
 10
6659.365613417838
 20
-13327.82848785604
 30
0.0
 41
28.57142986910685
 42
28.57142986910685
 43
28.57142986910685
  0
MTEXT
  5
ADA
330
AD2
100
AcDbEntity
  8
SH-尺寸标注
 62
   134
100
AcDbMText
 10
6539.365613417838
 20
-13235.85998199667
 30
0.0
 40
114.2857194764274
 41
0.0
 46
0.0
 71
     5
 72
     1
  1
\A1;240
 73
     1
 44
1.0
  0
POINT
  5
ADB
330
AD2
100
AcDbEntity
  8
Defpoints
 62
     0
100
AcDbPoint
 10
6419.365613417838
 20
-13156.3999086414
 30
0.0
  0
POINT
  5
ADC
330
AD2
100
AcDbEntity
  8
Defpoints
 62
     0
100
AcDbPoint
 10
6659.365613417838
 20
-13156.3999086414
 30
0.0
  0
POINT
  5
ADD
330
AD2
100
AcDbEntity
  8
Defpoints
 62
     0
100
AcDbPoint
 10
6659.365613417838
 20
-13327.82848785604
 30
0.0
  0
ENDBLK
  5
AD4
330
AD2
100
AcDbEntity
  8
0
100
AcDbBlockEnd
  0
BLOCK
  5
ADF
330
ADE
100
AcDbEntity
  8
0
100
AcDbBlockBegin
  2
*D152
 70
     1
 10
0.0
 20
0.0
 30
0.0
  3
*D152
  1

  0
LINE
  5
AE1
330
ADE
100
AcDbEntity
  8
SH-尺寸标注
  6
Continuous
 62
   252
370
     9
100
AcDbLine
 10
5040.244129634775
 20
-13156.3999086414
 30
0.0
 11
5040.244129634775
 21
-13365.92372768152
 31
0.0
  0
LINE
  5
AE2
330
ADE
100
AcDbEntity
  8
SH-尺寸标注
  6
Continuous
 62
   252
370
     9
100
AcDbLine
 10
6419.365613417838
 20
-13156.3999086414
 30
0.0
 11
6419.365613417838
 21
-13365.92372768152
 31
0.0
  0
LINE
  5
AE3
330
ADE
100
AcDbEntity
  8
SH-尺寸标注
  6
Continuous
 62
   252
370
     9
100
AcDbLine
 10
5002.148889809299
 20
-13327.82848785604
 30
0.0
 11
6457.460853243314
 21
-13327.82848785604
 31
0.0
  0
INSERT
  5
AE4
330
ADE
100
AcDbEntity
  8
SH-尺寸标注
 62
   252
370
     9
100
AcDbBlockReference
  2
_ArchTick
 10
5040.244129634775
 20
-13327.82848785604
 30
0.0
 41
28.57142986910685
 42
28.57142986910685
 43
28.57142986910685
 50
180.0
  0
INSERT
  5
AE5
330
ADE
100
AcDbEntity
  8
SH-尺寸标注
 62
   252
370
     9
100
AcDbBlockReference
  2
_ArchTick
 10
6419.365613417838
 20
-13327.82848785604
 30
0.0
 41
28.57142986910685
 42
28.57142986910685
 43
28.57142986910685
  0
MTEXT
  5
AE6
330
ADE
100
AcDbEntity
  8
SH-尺寸标注
 62
   134
100
AcDbMText
 10
5729.804871526307
 20
-13235.85998199667
 30
0.0
 40
114.2857194764274
 41
0.0
 46
0.0
 71
     5
 72
     1
  1
\A1;1379
 73
     1
 44
1.0
  0
POINT
  5
AE7
330
ADE
100
AcDbEntity
  8
Defpoints
 62
     0
100
AcDbPoint
 10
5040.244129634775
 20
-13156.3999086414
 30
0.0
  0
POINT
  5
AE8
330
ADE
100
AcDbEntity
  8
Defpoints
 62
     0
100
AcDbPoint
 10
6419.365613417838
 20
-13156.3999086414
 30
0.0
  0
POINT
  5
AE9
330
ADE
100
AcDbEntity
  8
Defpoints
 62
     0
100
AcDbPoint
 10
6419.365613417838
 20
-13327.82848785604
 30
0.0
  0
ENDBLK
  5
AE0
330
ADE
100
AcDbEntity
  8
0
100
AcDbBlockEnd
  0
BLOCK
  5
AEB
330
AEA
100
AcDbEntity
  8
0
100
AcDbBlockBegin
  2
*D153
 70
     1
 10
0.0
 20
0.0
 30
0.0
  3
*D153
  1

  0
LINE
  5
AED
330
AEA
100
AcDbEntity
  8
SH-尺寸标注
  6
Continuous
 62
   252
370
     9
100
AcDbLine
 10
3549.931737711593
 20
-17464.52337865617
 30
0.0
 11
3698.087450974963
 21
-17316.36766539281
 31
0.0
  0
LINE
  5
AEE
330
AEA
100
AcDbEntity
  8
SH-尺寸标注
  6
Continuous
 62
   252
370
     9
100
AcDbLine
 10
3172.715925885126
 20
-17087.30756682971
 30
0.0
 11
3320.871639148496
 21
-16939.15185356634
 31
0.0
  0
LINE
  5
AEF
330
AEA
100
AcDbEntity
  8
SH-尺寸标注
  6
Continuous
 62
   252
370
     9
100
AcDbLine
 10
3698.087450974963
 20
-17370.24247021585
 30
0.0
 11
3266.996834325452
 21
-16939.15185356634
 31
0.0
  0
INSERT
  5
AF0
330
AEA
100
AcDbEntity
  8
SH-尺寸标注
 62
   252
370
     9
100
AcDbBlockReference
  2
_ArchTick
 10
3671.150048563441
 20
-17343.30506780433
 30
0.0
 41
28.57142986910685
 42
28.57142986910685
 43
28.57142986910685
 50
315.0
  0
INSERT
  5
AF1
330
AEA
100
AcDbEntity
  8
SH-尺寸标注
 62
   252
370
     9
100
AcDbBlockReference
  2
_ArchTick
 10
3293.934236736974
 20
-16966.08925597786
 30
0.0
 41
28.57142986910685
 42
28.57142986910685
 43
28.57142986910685
 50
135.0
  0
MTEXT
  5
AF2
330
AEA
100
AcDbEntity
  8
SH-尺寸标注
 62
   134
100
AcDbMText
 10
3547.573696798966
 20
-17089.66560774233
 30
0.0
 40
114.2857194764274
 41
0.0
 46
0.0
 71
     5
 72
     1
  1
\A1;533
 11
0.7071067811865476
 21
-0.7071067811865476
 31
0.0
 73
     1
 44
1.0
  0
POINT
  5
AF3
330
AEA
100
AcDbEntity
  8
Defpoints
 62
     0
100
AcDbPoint
 10
3549.931737711593
 20
-17464.52337865617
 30
0.0
  0
POINT
  5
AF4
330
AEA
100
AcDbEntity
  8
Defpoints
 62
     0
100
AcDbPoint
 10
3172.715925885126
 20
-17087.30756682971
 30
0.0
  0
POINT
  5
AF5
330
AEA
100
AcDbEntity
  8
Defpoints
 62
     0
100
AcDbPoint
 10
3293.934236736974
 20
-16966.08925597786
 30
0.0
  0
ENDBLK
  5
AEC
330
AEA
100
AcDbEntity
  8
0
100
AcDbBlockEnd
  0
BLOCK
  5
AF7
330
AF6
100
AcDbEntity
  8
0
100
AcDbBlockBegin
  2
*D154
 70
     1
 10
0.0
 20
0.0
 30
0.0
  3
*D154
  1

  0
LINE
  5
AF9
330
AF6
100
AcDbEntity
  8
SH-尺寸标注
  6
Continuous
 62
   252
370
     9
100
AcDbLine
 10
18058.81484931232
 20
-17626.29578741935
 30
0.0
 11
18442.14817005448
 21
-17626.29578741935
 31
0.0
  0
LINE
  5
AFA
330
AF6
100
AcDbEntity
  8
SH-尺寸标注
  6
Continuous
 62
   252
370
     9
100
AcDbLine
 10
18058.81484931232
 20
-8392.749205752702
 30
0.0
 11
18442.14817005448
 21
-8392.749205752702
 31
0.0
  0
LINE
  5
AFB
330
AF6
100
AcDbEntity
  8
SH-尺寸标注
  6
Continuous
 62
   252
370
     9
100
AcDbLine
 10
18394.52912230714
 20
-17673.91483516669
 30
0.0
 11
18394.52912230714
 21
-8345.130158005362
 31
0.0
  0
INSERT
  5
AFC
330
AF6
100
AcDbEntity
  8
SH-尺寸标注
 62
   252
370
     9
100
AcDbBlockReference
  2
_ArchTick
 10
18394.52912230714
 20
-17626.29578741935
 30
0.0
 41
35.71428581050463
 42
35.71428581050463
 43
35.71428581050463
 50
270.0
  0
INSERT
  5
AFD
330
AF6
100
AcDbEntity
  8
SH-尺寸标注
 62
   252
370
     9
100
AcDbBlockReference
  2
_ArchTick
 10
18394.52912230714
 20
-8392.749205752702
 30
0.0
 41
35.71428581050463
 42
35.71428581050463
 43
35.71428581050463
 50
90.0
  0
MTEXT
  5
AFE
330
AF6
100
AcDbEntity
  8
SH-尺寸标注
 62
   134
100
AcDbMText
 10
18279.25353636965
 20
-13009.52249658602
 30
0.0
 40
142.8571432420185
 41
0.0
 46
0.0
 71
     5
 72
     1
  1
\A1;9234
 11
0.0
 21
1.0
 31
0.0
 73
     1
 44
1.0
  0
POINT
  5
AFF
330
AF6
100
AcDbEntity
  8
Defpoints
 62
     0
100
AcDbPoint
 10
18058.81484931232
 20
-17626.29578741935
 30
0.0
  0
POINT
  5
B00
330
AF6
100
AcDbEntity
  8
Defpoints
 62
     0
100
AcDbPoint
 10
18058.81484931232
 20
-8392.749205752702
 30
0.0
  0
POINT
  5
B01
330
AF6
100
AcDbEntity
  8
Defpoints
 62
     0
100
AcDbPoint
 10
18394.52912230714
 20
-8392.749205752702
 30
0.0
  0
ENDBLK
  5
AF8
330
AF6
100
AcDbEntity
  8
0
100
AcDbBlockEnd
  0
BLOCK
  5
B03
330
B02
100
AcDbEntity
  8
0
100
AcDbBlockBegin
  2
*D155
 70
     1
 10
0.0
 20
0.0
 30
0.0
  3
*D155
  1

  0
LINE
  5
B05
330
B02
100
AcDbEntity
  8
SH-尺寸标注
  6
Continuous
 62
   252
370
     9
100
AcDbLine
 10
2022.301796227828
 20
-17626.29578741935
 30
0.0
 11
1638.968475485664
 21
-17626.29578741935
 31
0.0
  0
LINE
  5
B06
330
B02
100
AcDbEntity
  8
SH-尺寸标注
  6
Continuous
 62
   252
370
     9
100
AcDbLine
 10
2022.301796227828
 20
-8392.749205752702
 30
0.0
 11
1638.968475485664
 21
-8392.749205752702
 31
0.0
  0
LINE
  5
B07
330
B02
100
AcDbEntity
  8
SH-尺寸标注
  6
Continuous
 62
   252
370
     9
100
AcDbLine
 10
1686.587523233003
 20
-17673.91483516669
 30
0.0
 11
1686.587523233004
 21
-8345.130158005362
 31
0.0
  0
INSERT
  5
B08
330
B02
100
AcDbEntity
  8
SH-尺寸标注
 62
   252
370
     9
100
AcDbBlockReference
  2
_ArchTick
 10
1686.587523233003
 20
-17626.29578741935
 30
0.0
 41
35.71428581050463
 42
35.71428581050463
 43
35.71428581050463
 50
270.0
  0
INSERT
  5
B09
330
B02
100
AcDbEntity
  8
SH-尺寸标注
 62
   252
370
     9
100
AcDbBlockReference
  2
_ArchTick
 10
1686.587523233004
 20
-8392.749205752702
 30
0.0
 41
35.71428581050463
 42
35.71428581050463
 43
35.71428581050463
 50
90.0
  0
MTEXT
  5
B0A
330
B02
100
AcDbEntity
  8
SH-尺寸标注
 62
   134
100
AcDbMText
 10
1571.311937295504
 20
-13009.52249658602
 30
0.0
 40
142.8571432420185
 41
0.0
 46
0.0
 71
     5
 72
     1
  1
\A1;9234
 11
4.924947817877178E-17
 21
1.0
 31
0.0
 73
     1
 44
1.0
  0
POINT
  5
B0B
330
B02
100
AcDbEntity
  8
Defpoints
 62
     0
100
AcDbPoint
 10
2022.301796227828
 20
-17626.29578741935
 30
0.0
  0
POINT
  5
B0C
330
B02
100
AcDbEntity
  8
Defpoints
 62
     0
100
AcDbPoint
 10
2022.301796227828
 20
-8392.749205752702
 30
0.0
  0
POINT
  5
B0D
330
B02
100
AcDbEntity
  8
Defpoints
 62
     0
100
AcDbPoint
 10
1686.587523233004
 20
-8392.749205752702
 30
0.0
  0
ENDBLK
  5
B04
330
B02
100
AcDbEntity
  8
0
100
AcDbBlockEnd
  0
BLOCK
  5
B0F
330
B0E
100
AcDbEntity
  8
0
100
AcDbBlockBegin
  2
*D156
 70
     1
 10
0.0
 20
0.0
 30
0.0
  3
*D156
  1

  0
LINE
  5
B11
330
B0E
100
AcDbEntity
  8
SH-尺寸标注
  6
Continuous
 62
   252
370
     9
100
AcDbLine
 10
3010.943517121953
 20
-7414.118720922163
 30
0.0
 11
3010.943517121953
 21
-7030.785400179999
 31
0.0
  0
LINE
  5
B12
330
B0E
100
AcDbEntity
  8
SH-尺寸标注
  6
Continuous
 62
   252
370
     9
100
AcDbLine
 10
16953.33537754599
 20
-7414.118720922163
 30
0.0
 11
16953.33537754599
 21
-7030.785400179999
 31
0.0
  0
LINE
  5
B13
330
B0E
100
AcDbEntity
  8
SH-尺寸标注
  6
Continuous
 62
   252
370
     9
100
AcDbLine
 10
2963.324469374613
 20
-7078.404447927338
 30
0.0
 11
17000.95442529333
 21
-7078.404447927338
 31
0.0
  0
INSERT
  5
B14
330
B0E
100
AcDbEntity
  8
SH-尺寸标注
 62
   252
370
     9
100
AcDbBlockReference
  2
_ArchTick
 10
3010.943517121953
 20
-7078.404447927338
 30
0.0
 41
35.71428581050463
 42
35.71428581050463
 43
35.71428581050463
 50
180.0
  0
INSERT
  5
B15
330
B0E
100
AcDbEntity
  8
SH-尺寸标注
 62
   252
370
     9
100
AcDbBlockReference
  2
_ArchTick
 10
16953.33537754599
 20
-7078.404447927338
 30
0.0
 41
35.71428581050463
 42
35.71428581050463
 43
35.71428581050463
  0
MTEXT
  5
B16
330
B0E
100
AcDbEntity
  8
SH-尺寸标注
 62
   134
100
AcDbMText
 10
9982.139447333971
 20
-6963.128861989838
 30
0.0
 40
142.8571432420185
 41
0.0
 46
0.0
 71
     5
 72
     1
  1
\A1;13942
 73
     1
 44
1.0
  0
POINT
  5
B17
330
B0E
100
AcDbEntity
  8
Defpoints
 62
     0
100
AcDbPoint
 10
3010.943517121953
 20
-7414.118720922163
 30
0.0
  0
POINT
  5
B18
330
B0E
100
AcDbEntity
  8
Defpoints
 62
     0
100
AcDbPoint
 10
16953.33537754599
 20
-7414.118720922163
 30
0.0
  0
POINT
  5
B19
330
B0E
100
AcDbEntity
  8
Defpoints
 62
     0
100
AcDbPoint
 10
16953.33537754599
 20
-7078.404447927338
 30
0.0
  0
ENDBLK
  5
B10
330
B0E
100
AcDbEntity
  8
0
100
AcDbBlockEnd
  0
BLOCK
  5
B1B
330
B1A
100
AcDbEntity
  8
0
100
AcDbBlockBegin
  2
*D157
 70
     1
 10
0.0
 20
0.0
 30
0.0
  3
*D157
  1

  0
LINE
  5
B1D
330
B1A
100
AcDbEntity
  8
SH-尺寸标注
  6
Continuous
 62
   252
370
     9
100
AcDbLine
 10
3010.943517121953
 20
-18926.9636717902
 30
0.0
 11
3010.943517121953
 21
-19310.29699253236
 31
0.0
  0
LINE
  5
B1E
330
B1A
100
AcDbEntity
  8
SH-尺寸标注
  6
Continuous
 62
   252
370
     9
100
AcDbLine
 10
16953.33537754599
 20
-18926.9636717902
 30
0.0
 11
16953.33537754599
 21
-19310.29699253236
 31
0.0
  0
LINE
  5
B1F
330
B1A
100
AcDbEntity
  8
SH-尺寸标注
  6
Continuous
 62
   252
370
     9
100
AcDbLine
 10
2963.324469374613
 20
-19262.67794478502
 30
0.0
 11
17000.95442529333
 21
-19262.67794478502
 31
0.0
  0
INSERT
  5
B20
330
B1A
100
AcDbEntity
  8
SH-尺寸标注
 62
   252
370
     9
100
AcDbBlockReference
  2
_ArchTick
 10
3010.943517121953
 20
-19262.67794478502
 30
0.0
 41
35.71428581050463
 42
35.71428581050463
 43
35.71428581050463
 50
180.0
  0
INSERT
  5
B21
330
B1A
100
AcDbEntity
  8
SH-尺寸标注
 62
   252
370
     9
100
AcDbBlockReference
  2
_ArchTick
 10
16953.33537754599
 20
-19262.67794478502
 30
0.0
 41
35.71428581050463
 42
35.71428581050463
 43
35.71428581050463
  0
MTEXT
  5
B22
330
B1A
100
AcDbEntity
  8
SH-尺寸标注
 62
   134
100
AcDbMText
 10
9982.139447333971
 20
-19147.40235884752
 30
0.0
 40
142.8571432420185
 41
0.0
 46
0.0
 71
     5
 72
     1
  1
\A1;13942
 73
     1
 44
1.0
  0
POINT
  5
B23
330
B1A
100
AcDbEntity
  8
Defpoints
 62
     0
100
AcDbPoint
 10
3010.943517121953
 20
-18926.9636717902
 30
0.0
  0
POINT
  5
B24
330
B1A
100
AcDbEntity
  8
Defpoints
 62
     0
100
AcDbPoint
 10
16953.33537754599
 20
-18926.9636717902
 30
0.0
  0
POINT
  5
B25
330
B1A
100
AcDbEntity
  8
Defpoints
 62
     0
100
AcDbPoint
 10
16953.33537754599
 20
-19262.67794478502
 30
0.0
  0
ENDBLK
  5
B1C
330
B1A
100
AcDbEntity
  8
0
100
AcDbBlockEnd
  0
BLOCK
  5
B27
330
B26
100
AcDbEntity
  8
0
100
AcDbBlockBegin
  2
*D158
 70
     1
 10
0.0
 20
0.0
 30
0.0
  3
*D158
  1

  0
LINE
  5
B29
330
B26
100
AcDbEntity
  8
SH-尺寸标注
  6
Continuous
 62
   252
370
     9
100
AcDbLine
 10
14633.95481777114
 20
-7700.394306859663
 30
0.0
 11
14633.95481777114
 21
-7317.060986117499
 31
0.0
  0
LINE
  5
B2A
330
B26
100
AcDbEntity
  8
SH-尺寸标注
  6
Continuous
 62
   252
370
     9
100
AcDbLine
 10
16953.33537754599
 20
-7700.394306859663
 30
0.0
 11
16953.33537754599
 21
-7317.060986117499
 31
0.0
  0
LINE
  5
B2B
330
B26
100
AcDbEntity
  8
SH-尺寸标注
  6
Continuous
 62
   252
370
     9
100
AcDbLine
 10
14586.3357700238
 20
-7364.680033864838
 30
0.0
 11
17000.95442529333
 21
-7364.680033864838
 31
0.0
  0
INSERT
  5
B2C
330
B26
100
AcDbEntity
  8
SH-尺寸标注
 62
   252
370
     9
100
AcDbBlockReference
  2
_ArchTick
 10
14633.95481777114
 20
-7364.680033864838
 30
0.0
 41
35.71428581050463
 42
35.71428581050463
 43
35.71428581050463
 50
180.0
  0
INSERT
  5
B2D
330
B26
100
AcDbEntity
  8
SH-尺寸标注
 62
   252
370
     9
100
AcDbBlockReference
  2
_ArchTick
 10
16953.33537754599
 20
-7364.680033864838
 30
0.0
 41
35.71428581050463
 42
35.71428581050463
 43
35.71428581050463
  0
MTEXT
  5
B2E
330
B26
100
AcDbEntity
  8
SH-尺寸标注
 62
   134
100
AcDbMText
 10
15793.64509765857
 20
-7249.404447927338
 30
0.0
 40
142.8571432420185
 41
0.0
 46
0.0
 71
     5
 72
     1
  1
\A1;2319
 73
     1
 44
1.0
  0
POINT
  5
B2F
330
B26
100
AcDbEntity
  8
Defpoints
 62
     0
100
AcDbPoint
 10
14633.95481777114
 20
-7700.394306859663
 30
0.0
  0
POINT
  5
B30
330
B26
100
AcDbEntity
  8
Defpoints
 62
     0
100
AcDbPoint
 10
16953.33537754599
 20
-7700.394306859663
 30
0.0
  0
POINT
  5
B31
330
B26
100
AcDbEntity
  8
Defpoints
 62
     0
100
AcDbPoint
 10
16953.33537754599
 20
-7364.680033864838
 30
0.0
  0
ENDBLK
  5
B28
330
B26
100
AcDbEntity
  8
0
100
AcDbBlockEnd
  0
BLOCK
  5
B33
330
B32
100
AcDbEntity
  8
0
100
AcDbBlockBegin
  2
*D159
 70
     1
 10
0.0
 20
0.0
 30
0.0
  3
*D159
  1

  0
LINE
  5
B35
330
B32
100
AcDbEntity
  8
SH-尺寸标注
  6
Continuous
 62
   252
370
     9
100
AcDbLine
 10
12156.75793188022
 20
-7700.394306859663
 30
0.0
 11
12156.75793188022
 21
-7317.060986117499
 31
0.0
  0
LINE
  5
B36
330
B32
100
AcDbEntity
  8
SH-尺寸标注
  6
Continuous
 62
   252
370
     9
100
AcDbLine
 10
14393.95481777114
 20
-7700.394306859663
 30
0.0
 11
14393.95481777114
 21
-7317.060986117499
 31
0.0
  0
LINE
  5
B37
330
B32
100
AcDbEntity
  8
SH-尺寸标注
  6
Continuous
 62
   252
370
     9
100
AcDbLine
 10
12109.13888413288
 20
-7364.680033864838
 30
0.0
 11
14441.57386551848
 21
-7364.680033864838
 31
0.0
  0
INSERT
  5
B38
330
B32
100
AcDbEntity
  8
SH-尺寸标注
 62
   252
370
     9
100
AcDbBlockReference
  2
_ArchTick
 10
12156.75793188022
 20
-7364.680033864838
 30
0.0
 41
35.71428581050463
 42
35.71428581050463
 43
35.71428581050463
 50
180.0
  0
INSERT
  5
B39
330
B32
100
AcDbEntity
  8
SH-尺寸标注
 62
   252
370
     9
100
AcDbBlockReference
  2
_ArchTick
 10
14393.95481777114
 20
-7364.680033864838
 30
0.0
 41
35.71428581050463
 42
35.71428581050463
 43
35.71428581050463
  0
MTEXT
  5
B3A
330
B32
100
AcDbEntity
  8
SH-尺寸标注
 62
   134
100
AcDbMText
 10
13275.35637482568
 20
-7249.404447927338
 30
0.0
 40
142.8571432420185
 41
0.0
 46
0.0
 71
     5
 72
     1
  1
\A1;2237
 73
     1
 44
1.0
  0
POINT
  5
B3B
330
B32
100
AcDbEntity
  8
Defpoints
 62
     0
100
AcDbPoint
 10
12156.75793188022
 20
-7700.394306859663
 30
0.0
  0
POINT
  5
B3C
330
B32
100
AcDbEntity
  8
Defpoints
 62
     0
100
AcDbPoint
 10
14393.95481777114
 20
-7700.394306859663
 30
0.0
  0
POINT
  5
B3D
330
B32
100
AcDbEntity
  8
Defpoints
 62
     0
100
AcDbPoint
 10
14393.95481777114
 20
-7364.680033864838
 30
0.0
  0
ENDBLK
  5
B34
330
B32
100
AcDbEntity
  8
0
100
AcDbBlockEnd
  0
BLOCK
  5
B3F
330
B3E
100
AcDbEntity
  8
0
100
AcDbBlockBegin
  2
*D160
 70
     1
 10
0.0
 20
0.0
 30
0.0
  3
*D160
  1

  0
LINE
  5
B41
330
B3E
100
AcDbEntity
  8
SH-尺寸标注
  6
Continuous
 62
   252
370
     9
100
AcDbLine
 10
9282.595980062573
 20
-7700.394306859663
 30
0.0
 11
9282.595980062573
 21
-7317.060986117499
 31
0.0
  0
LINE
  5
B42
330
B3E
100
AcDbEntity
  8
SH-尺寸标注
  6
Continuous
 62
   252
370
     9
100
AcDbLine
 10
12156.75793188022
 20
-7700.394306859663
 30
0.0
 11
12156.75793188022
 21
-7317.060986117499
 31
0.0
  0
LINE
  5
B43
330
B3E
100
AcDbEntity
  8
SH-尺寸标注
  6
Continuous
 62
   252
370
     9
100
AcDbLine
 10
9234.976932315234
 20
-7364.680033864838
 30
0.0
 11
12204.37697962756
 21
-7364.680033864838
 31
0.0
  0
INSERT
  5
B44
330
B3E
100
AcDbEntity
  8
SH-尺寸标注
 62
   252
370
     9
100
AcDbBlockReference
  2
_ArchTick
 10
9282.595980062573
 20
-7364.680033864838
 30
0.0
 41
35.71428581050463
 42
35.71428581050463
 43
35.71428581050463
 50
180.0
  0
INSERT
  5
B45
330
B3E
100
AcDbEntity
  8
SH-尺寸标注
 62
   252
370
     9
100
AcDbBlockReference
  2
_ArchTick
 10
12156.75793188022
 20
-7364.680033864838
 30
0.0
 41
35.71428581050463
 42
35.71428581050463
 43
35.71428581050463
  0
MTEXT
  5
B46
330
B3E
100
AcDbEntity
  8
SH-尺寸标注
 62
   134
100
AcDbMText
 10
10719.6769559714
 20
-7249.404447927338
 30
0.0
 40
142.8571432420185
 41
0.0
 46
0.0
 71
     5
 72
     1
  1
\A1;2874
 73
     1
 44
1.0
  0
POINT
  5
B47
330
B3E
100
AcDbEntity
  8
Defpoints
 62
     0
100
AcDbPoint
 10
9282.595980062573
 20
-7700.394306859663
 30
0.0
  0
POINT
  5
B48
330
B3E
100
AcDbEntity
  8
Defpoints
 62
     0
100
AcDbPoint
 10
12156.75793188022
 20
-7700.394306859663
 30
0.0
  0
POINT
  5
B49
330
B3E
100
AcDbEntity
  8
Defpoints
 62
     0
100
AcDbPoint
 10
12156.75793188022
 20
-7364.680033864838
 30
0.0
  0
ENDBLK
  5
B40
330
B3E
100
AcDbEntity
  8
0
100
AcDbBlockEnd
  0
BLOCK
  5
B4B
330
B4A
100
AcDbEntity
  8
0
100
AcDbBlockBegin
  2
*D161
 70
     1
 10
0.0
 20
0.0
 30
0.0
  3
*D161
  1

  0
LINE
  5
B4D
330
B4A
100
AcDbEntity
  8
SH-尺寸标注
  6
Continuous
 62
   252
370
     9
100
AcDbLine
 10
7879.649241618267
 20
-7700.394306859663
 30
0.0
 11
7879.649241618267
 21
-7317.060986117499
 31
0.0
  0
LINE
  5
B4E
330
B4A
100
AcDbEntity
  8
SH-尺寸标注
  6
Continuous
 62
   252
370
     9
100
AcDbLine
 10
9042.595980062573
 20
-7700.394306859663
 30
0.0
 11
9042.595980062573
 21
-7317.060986117499
 31
0.0
  0
LINE
  5
B4F
330
B4A
100
AcDbEntity
  8
SH-尺寸标注
  6
Continuous
 62
   252
370
     9
100
AcDbLine
 10
7832.030193870928
 20
-7364.680033864838
 30
0.0
 11
9090.215027809912
 21
-7364.680033864838
 31
0.0
  0
INSERT
  5
B50
330
B4A
100
AcDbEntity
  8
SH-尺寸标注
 62
   252
370
     9
100
AcDbBlockReference
  2
_ArchTick
 10
7879.649241618267
 20
-7364.680033864838
 30
0.0
 41
35.71428581050463
 42
35.71428581050463
 43
35.71428581050463
 50
180.0
  0
INSERT
  5
B51
330
B4A
100
AcDbEntity
  8
SH-尺寸标注
 62
   252
370
     9
100
AcDbBlockReference
  2
_ArchTick
 10
9042.595980062573
 20
-7364.680033864838
 30
0.0
 41
35.71428581050463
 42
35.71428581050463
 43
35.71428581050463
  0
MTEXT
  5
B52
330
B4A
100
AcDbEntity
  8
SH-尺寸标注
 62
   134
100
AcDbMText
 10
8461.12261084042
 20
-7249.404447927338
 30
0.0
 40
142.8571432420185
 41
0.0
 46
0.0
 71
     5
 72
     1
  1
\A1;1163
 73
     1
 44
1.0
  0
POINT
  5
B53
330
B4A
100
AcDbEntity
  8
Defpoints
 62
     0
100
AcDbPoint
 10
7879.649241618267
 20
-7700.394306859663
 30
0.0
  0
POINT
  5
B54
330
B4A
100
AcDbEntity
  8
Defpoints
 62
     0
100
AcDbPoint
 10
9042.595980062573
 20
-7700.394306859663
 30
0.0
  0
POINT
  5
B55
330
B4A
100
AcDbEntity
  8
Defpoints
 62
     0
100
AcDbPoint
 10
9042.595980062573
 20
-7364.680033864838
 30
0.0
  0
ENDBLK
  5
B4C
330
B4A
100
AcDbEntity
  8
0
100
AcDbBlockEnd
  0
BLOCK
  5
B57
330
B56
100
AcDbEntity
  8
0
100
AcDbBlockBegin
  2
*D162
 70
     1
 10
0.0
 20
0.0
 30
0.0
  3
*D162
  1

  0
LINE
  5
B59
330
B56
100
AcDbEntity
  8
SH-尺寸标注
  6
Continuous
 62
   252
370
     9
100
AcDbLine
 10
5280.244129634775
 20
-7700.394306859663
 30
0.0
 11
5280.244129634775
 21
-7317.060986117499
 31
0.0
  0
LINE
  5
B5A
330
B56
100
AcDbEntity
  8
SH-尺寸标注
  6
Continuous
 62
   252
370
     9
100
AcDbLine
 10
7639.649241618267
 20
-7700.394306859663
 30
0.0
 11
7639.649241618267
 21
-7317.060986117499
 31
0.0
  0
LINE
  5
B5B
330
B56
100
AcDbEntity
  8
SH-尺寸标注
  6
Continuous
 62
   252
370
     9
100
AcDbLine
 10
5232.625081887436
 20
-7364.680033864838
 30
0.0
 11
7687.268289365607
 21
-7364.680033864838
 31
0.0
  0
INSERT
  5
B5C
330
B56
100
AcDbEntity
  8
SH-尺寸标注
 62
   252
370
     9
100
AcDbBlockReference
  2
_ArchTick
 10
5280.244129634775
 20
-7364.680033864838
 30
0.0
 41
35.71428581050463
 42
35.71428581050463
 43
35.71428581050463
 50
180.0
  0
INSERT
  5
B5D
330
B56
100
AcDbEntity
  8
SH-尺寸标注
 62
   252
370
     9
100
AcDbBlockReference
  2
_ArchTick
 10
7639.649241618267
 20
-7364.680033864838
 30
0.0
 41
35.71428581050463
 42
35.71428581050463
 43
35.71428581050463
  0
MTEXT
  5
B5E
330
B56
100
AcDbEntity
  8
SH-尺寸标注
 62
   134
100
AcDbMText
 10
6459.946685626521
 20
-7249.404447927338
 30
0.0
 40
142.8571432420185
 41
0.0
 46
0.0
 71
     5
 72
     1
  1
\A1;2359
 73
     1
 44
1.0
  0
POINT
  5
B5F
330
B56
100
AcDbEntity
  8
Defpoints
 62
     0
100
AcDbPoint
 10
5280.244129634775
 20
-7700.394306859663
 30
0.0
  0
POINT
  5
B60
330
B56
100
AcDbEntity
  8
Defpoints
 62
     0
100
AcDbPoint
 10
7639.649241618267
 20
-7700.394306859663
 30
0.0
  0
POINT
  5
B61
330
B56
100
AcDbEntity
  8
Defpoints
 62
     0
100
AcDbPoint
 10
7639.649241618267
 20
-7364.680033864838
 30
0.0
  0
ENDBLK
  5
B58
330
B56
100
AcDbEntity
  8
0
100
AcDbBlockEnd
  0
BLOCK
  5
B63
330
B62
100
AcDbEntity
  8
0
100
AcDbBlockBegin
  2
*D163
 70
     1
 10
0.0
 20
0.0
 30
0.0
  3
*D163
  1

  0
LINE
  5
B65
330
B62
100
AcDbEntity
  8
SH-尺寸标注
  6
Continuous
 62
   252
370
     9
100
AcDbLine
 10
3010.943517121953
 20
-7700.394306859663
 30
0.0
 11
3010.943517121953
 21
-7317.060986117499
 31
0.0
  0
LINE
  5
B66
330
B62
100
AcDbEntity
  8
SH-尺寸标注
  6
Continuous
 62
   252
370
     9
100
AcDbLine
 10
5040.244129634775
 20
-7700.394306859663
 30
0.0
 11
5040.244129634775
 21
-7317.060986117499
 31
0.0
  0
LINE
  5
B67
330
B62
100
AcDbEntity
  8
SH-尺寸标注
  6
Continuous
 62
   252
370
     9
100
AcDbLine
 10
2963.324469374614
 20
-7364.680033864838
 30
0.0
 11
5087.863177382114
 21
-7364.680033864838
 31
0.0
  0
INSERT
  5
B68
330
B62
100
AcDbEntity
  8
SH-尺寸标注
 62
   252
370
     9
100
AcDbBlockReference
  2
_ArchTick
 10
3010.943517121953
 20
-7364.680033864838
 30
0.0
 41
35.71428581050463
 42
35.71428581050463
 43
35.71428581050463
 50
180.0
  0
INSERT
  5
B69
330
B62
100
AcDbEntity
  8
SH-尺寸标注
 62
   252
370
     9
100
AcDbBlockReference
  2
_ArchTick
 10
5040.244129634775
 20
-7364.680033864838
 30
0.0
 41
35.71428581050463
 42
35.71428581050463
 43
35.71428581050463
  0
MTEXT
  5
B6A
330
B62
100
AcDbEntity
  8
SH-尺寸标注
 62
   134
100
AcDbMText
 10
4025.593823378364
 20
-7249.404447927338
 30
0.0
 40
142.8571432420185
 41
0.0
 46
0.0
 71
     5
 72
     1
  1
\A1;2029
 73
     1
 44
1.0
  0
POINT
  5
B6B
330
B62
100
AcDbEntity
  8
Defpoints
 62
     0
100
AcDbPoint
 10
3010.943517121953
 20
-7700.394306859663
 30
0.0
  0
POINT
  5
B6C
330
B62
100
AcDbEntity
  8
Defpoints
 62
     0
100
AcDbPoint
 10
5040.244129634775
 20
-7700.394306859663
 30
0.0
  0
POINT
  5
B6D
330
B62
100
AcDbEntity
  8
Defpoints
 62
     0
100
AcDbPoint
 10
5040.244129634775
 20
-7364.680033864838
 30
0.0
  0
ENDBLK
  5
B64
330
B62
100
AcDbEntity
  8
0
100
AcDbBlockEnd
  0
BLOCK
  5
B6F
330
B6E
100
AcDbEntity
  8
0
100
AcDbBlockBegin
  2
*D164
 70
     1
 10
0.0
 20
0.0
 30
0.0
  3
*D164
  1

  0
LINE
  5
B71
330
B6E
100
AcDbEntity
  8
SH-尺寸标注
  6
Continuous
 62
   252
370
     9
100
AcDbLine
 10
14633.95481777114
 20
-18694.90025659136
 30
0.0
 11
14633.95481777114
 21
-19078.23357733353
 31
0.0
  0
LINE
  5
B72
330
B6E
100
AcDbEntity
  8
SH-尺寸标注
  6
Continuous
 62
   252
370
     9
100
AcDbLine
 10
16953.33537754599
 20
-18694.90025659136
 30
0.0
 11
16953.33537754599
 21
-19078.23357733353
 31
0.0
  0
LINE
  5
B73
330
B6E
100
AcDbEntity
  8
SH-尺寸标注
  6
Continuous
 62
   252
370
     9
100
AcDbLine
 10
14586.3357700238
 20
-19030.61452958619
 30
0.0
 11
17000.95442529333
 21
-19030.61452958619
 31
0.0
  0
INSERT
  5
B74
330
B6E
100
AcDbEntity
  8
SH-尺寸标注
 62
   252
370
     9
100
AcDbBlockReference
  2
_ArchTick
 10
14633.95481777114
 20
-19030.61452958619
 30
0.0
 41
35.71428581050463
 42
35.71428581050463
 43
35.71428581050463
 50
180.0
  0
INSERT
  5
B75
330
B6E
100
AcDbEntity
  8
SH-尺寸标注
 62
   252
370
     9
100
AcDbBlockReference
  2
_ArchTick
 10
16953.33537754599
 20
-19030.61452958619
 30
0.0
 41
35.71428581050463
 42
35.71428581050463
 43
35.71428581050463
  0
MTEXT
  5
B76
330
B6E
100
AcDbEntity
  8
SH-尺寸标注
 62
   134
100
AcDbMText
 10
15793.64509765857
 20
-18915.33894364869
 30
0.0
 40
142.8571432420185
 41
0.0
 46
0.0
 71
     5
 72
     1
  1
\A1;2319
 73
     1
 44
1.0
  0
POINT
  5
B77
330
B6E
100
AcDbEntity
  8
Defpoints
 62
     0
100
AcDbPoint
 10
14633.95481777114
 20
-18694.90025659136
 30
0.0
  0
POINT
  5
B78
330
B6E
100
AcDbEntity
  8
Defpoints
 62
     0
100
AcDbPoint
 10
16953.33537754599
 20
-18694.90025659136
 30
0.0
  0
POINT
  5
B79
330
B6E
100
AcDbEntity
  8
Defpoints
 62
     0
100
AcDbPoint
 10
16953.33537754599
 20
-19030.61452958619
 30
0.0
  0
ENDBLK
  5
B70
330
B6E
100
AcDbEntity
  8
0
100
AcDbBlockEnd
  0
BLOCK
  5
B7B
330
B7A
100
AcDbEntity
  8
0
100
AcDbBlockBegin
  2
*D165
 70
     1
 10
0.0
 20
0.0
 30
0.0
  3
*D165
  1

  0
LINE
  5
B7D
330
B7A
100
AcDbEntity
  8
SH-尺寸标注
  6
Continuous
 62
   252
370
     9
100
AcDbLine
 10
9282.595980062573
 20
-18694.90025659136
 30
0.0
 11
9282.595980062573
 21
-19078.23357733353
 31
0.0
  0
LINE
  5
B7E
330
B7A
100
AcDbEntity
  8
SH-尺寸标注
  6
Continuous
 62
   252
370
     9
100
AcDbLine
 10
14393.95481777114
 20
-18694.90025659136
 30
0.0
 11
14393.95481777114
 21
-19078.23357733353
 31
0.0
  0
LINE
  5
B7F
330
B7A
100
AcDbEntity
  8
SH-尺寸标注
  6
Continuous
 62
   252
370
     9
100
AcDbLine
 10
9234.976932315234
 20
-19030.61452958619
 30
0.0
 11
14441.57386551848
 21
-19030.61452958619
 31
0.0
  0
INSERT
  5
B80
330
B7A
100
AcDbEntity
  8
SH-尺寸标注
 62
   252
370
     9
100
AcDbBlockReference
  2
_ArchTick
 10
9282.595980062573
 20
-19030.61452958619
 30
0.0
 41
35.71428581050463
 42
35.71428581050463
 43
35.71428581050463
 50
180.0
  0
INSERT
  5
B81
330
B7A
100
AcDbEntity
  8
SH-尺寸标注
 62
   252
370
     9
100
AcDbBlockReference
  2
_ArchTick
 10
14393.95481777114
 20
-19030.61452958619
 30
0.0
 41
35.71428581050463
 42
35.71428581050463
 43
35.71428581050463
  0
MTEXT
  5
B82
330
B7A
100
AcDbEntity
  8
SH-尺寸标注
 62
   134
100
AcDbMText
 10
11838.27539891686
 20
-18915.33894364869
 30
0.0
 40
142.8571432420185
 41
0.0
 46
0.0
 71
     5
 72
     1
  1
\A1;5111
 73
     1
 44
1.0
  0
POINT
  5
B83
330
B7A
100
AcDbEntity
  8
Defpoints
 62
     0
100
AcDbPoint
 10
9282.595980062573
 20
-18694.90025659136
 30
0.0
  0
POINT
  5
B84
330
B7A
100
AcDbEntity
  8
Defpoints
 62
     0
100
AcDbPoint
 10
14393.95481777114
 20
-18694.90025659136
 30
0.0
  0
POINT
  5
B85
330
B7A
100
AcDbEntity
  8
Defpoints
 62
     0
100
AcDbPoint
 10
14393.95481777114
 20
-19030.61452958619
 30
0.0
  0
ENDBLK
  5
B7C
330
B7A
100
AcDbEntity
  8
0
100
AcDbBlockEnd
  0
BLOCK
  5
B87
330
B86
100
AcDbEntity
  8
0
100
AcDbBlockBegin
  2
*D166
 70
     1
 10
0.0
 20
0.0
 30
0.0
  3
*D166
  1

  0
LINE
  5
B89
330
B86
100
AcDbEntity
  8
SH-尺寸标注
  6
Continuous
 62
   252
370
     9
100
AcDbLine
 10
6659.365613417838
 20
-18694.90025659136
 30
0.0
 11
6659.365613417838
 21
-19078.23357733353
 31
0.0
  0
LINE
  5
B8A
330
B86
100
AcDbEntity
  8
SH-尺寸标注
  6
Continuous
 62
   252
370
     9
100
AcDbLine
 10
9042.595980062573
 20
-18694.90025659136
 30
0.0
 11
9042.595980062573
 21
-19078.23357733353
 31
0.0
  0
LINE
  5
B8B
330
B86
100
AcDbEntity
  8
SH-尺寸标注
  6
Continuous
 62
   252
370
     9
100
AcDbLine
 10
6611.746565670499
 20
-19030.61452958619
 30
0.0
 11
9090.215027809912
 21
-19030.61452958619
 31
0.0
  0
INSERT
  5
B8C
330
B86
100
AcDbEntity
  8
SH-尺寸标注
 62
   252
370
     9
100
AcDbBlockReference
  2
_ArchTick
 10
6659.365613417838
 20
-19030.61452958619
 30
0.0
 41
35.71428581050463
 42
35.71428581050463
 43
35.71428581050463
 50
180.0
  0
INSERT
  5
B8D
330
B86
100
AcDbEntity
  8
SH-尺寸标注
 62
   252
370
     9
100
AcDbBlockReference
  2
_ArchTick
 10
9042.595980062573
 20
-19030.61452958619
 30
0.0
 41
35.71428581050463
 42
35.71428581050463
 43
35.71428581050463
  0
MTEXT
  5
B8E
330
B86
100
AcDbEntity
  8
SH-尺寸标注
 62
   134
100
AcDbMText
 10
7850.980796740206
 20
-18915.33894364869
 30
0.0
 40
142.8571432420185
 41
0.0
 46
0.0
 71
     5
 72
     1
  1
\A1;2383
 73
     1
 44
1.0
  0
POINT
  5
B8F
330
B86
100
AcDbEntity
  8
Defpoints
 62
     0
100
AcDbPoint
 10
6659.365613417838
 20
-18694.90025659136
 30
0.0
  0
POINT
  5
B90
330
B86
100
AcDbEntity
  8
Defpoints
 62
     0
100
AcDbPoint
 10
9042.595980062573
 20
-18694.90025659136
 30
0.0
  0
POINT
  5
B91
330
B86
100
AcDbEntity
  8
Defpoints
 62
     0
100
AcDbPoint
 10
9042.595980062573
 20
-19030.61452958619
 30
0.0
  0
ENDBLK
  5
B88
330
B86
100
AcDbEntity
  8
0
100
AcDbBlockEnd
  0
BLOCK
  5
B93
330
B92
100
AcDbEntity
  8
0
100
AcDbBlockBegin
  2
*D167
 70
     1
 10
0.0
 20
0.0
 30
0.0
  3
*D167
  1

  0
LINE
  5
B95
330
B92
100
AcDbEntity
  8
SH-尺寸标注
  6
Continuous
 62
   252
370
     9
100
AcDbLine
 10
3010.943517121953
 20
-18694.90025659136
 30
0.0
 11
3010.943517121953
 21
-19078.23357733353
 31
0.0
  0
LINE
  5
B96
330
B92
100
AcDbEntity
  8
SH-尺寸标注
  6
Continuous
 62
   252
370
     9
100
AcDbLine
 10
6419.365613417838
 20
-18694.90025659136
 30
0.0
 11
6419.365613417838
 21
-19078.23357733353
 31
0.0
  0
LINE
  5
B97
330
B92
100
AcDbEntity
  8
SH-尺寸标注
  6
Continuous
 62
   252
370
     9
100
AcDbLine
 10
2963.324469374614
 20
-19030.61452958619
 30
0.0
 11
6466.984661165177
 21
-19030.61452958619
 31
0.0
  0
INSERT
  5
B98
330
B92
100
AcDbEntity
  8
SH-尺寸标注
 62
   252
370
     9
100
AcDbBlockReference
  2
_ArchTick
 10
3010.943517121953
 20
-19030.61452958619
 30
0.0
 41
35.71428581050463
 42
35.71428581050463
 43
35.71428581050463
 50
180.0
  0
INSERT
  5
B99
330
B92
100
AcDbEntity
  8
SH-尺寸标注
 62
   252
370
     9
100
AcDbBlockReference
  2
_ArchTick
 10
6419.365613417838
 20
-19030.61452958619
 30
0.0
 41
35.71428581050463
 42
35.71428581050463
 43
35.71428581050463
  0
MTEXT
  5
B9A
330
B92
100
AcDbEntity
  8
SH-尺寸标注
 62
   134
100
AcDbMText
 10
4715.154565269896
 20
-18915.33894364869
 30
0.0
 40
142.8571432420185
 41
0.0
 46
0.0
 71
     5
 72
     1
  1
\A1;3408
 73
     1
 44
1.0
  0
POINT
  5
B9B
330
B92
100
AcDbEntity
  8
Defpoints
 62
     0
100
AcDbPoint
 10
3010.943517121953
 20
-18694.90025659136
 30
0.0
  0
POINT
  5
B9C
330
B92
100
AcDbEntity
  8
Defpoints
 62
     0
100
AcDbPoint
 10
6419.365613417838
 20
-18694.90025659136
 30
0.0
  0
POINT
  5
B9D
330
B92
100
AcDbEntity
  8
Defpoints
 62
     0
100
AcDbPoint
 10
6419.365613417838
 20
-19030.61452958619
 30
0.0
  0
ENDBLK
  5
B94
330
B92
100
AcDbEntity
  8
0
100
AcDbBlockEnd
  0
BLOCK
  5
B9F
330
B9E
100
AcDbEntity
  8
0
100
AcDbBlockBegin
  2
*D168
 70
     1
 10
0.0
 20
0.0
 30
0.0
  3
*D168
  1

  0
LINE
  5
BA1
330
B9E
100
AcDbEntity
  8
SH-尺寸标注
  6
Continuous
 62
   252
370
     9
100
AcDbLine
 10
17825.81484931232
 20
-10511.99678735776
 30
0.0
 11
18209.14817005448
 21
-10511.99678735776
 31
0.0
  0
LINE
  5
BA2
330
B9E
100
AcDbEntity
  8
SH-尺寸标注
  6
Continuous
 62
   252
370
     9
100
AcDbLine
 10
17825.81484931232
 20
-8392.749205752702
 30
0.0
 11
18209.14817005448
 21
-8392.749205752702
 31
0.0
  0
LINE
  5
BA3
330
B9E
100
AcDbEntity
  8
SH-尺寸标注
  6
Continuous
 62
   252
370
     9
100
AcDbLine
 10
18161.52912230714
 20
-10559.6158351051
 30
0.0
 11
18161.52912230714
 21
-8345.130158005362
 31
0.0
  0
INSERT
  5
BA4
330
B9E
100
AcDbEntity
  8
SH-尺寸标注
 62
   252
370
     9
100
AcDbBlockReference
  2
_ArchTick
 10
18161.52912230714
 20
-10511.99678735776
 30
0.0
 41
35.71428581050463
 42
35.71428581050463
 43
35.71428581050463
 50
270.0
  0
INSERT
  5
BA5
330
B9E
100
AcDbEntity
  8
SH-尺寸标注
 62
   252
370
     9
100
AcDbBlockReference
  2
_ArchTick
 10
18161.52912230714
 20
-8392.749205752702
 30
0.0
 41
35.71428581050463
 42
35.71428581050463
 43
35.71428581050463
 50
90.0
  0
MTEXT
  5
BA6
330
B9E
100
AcDbEntity
  8
SH-尺寸标注
 62
   134
100
AcDbMText
 10
18046.25353636965
 20
-9452.372996555228
 30
0.0
 40
142.8571432420185
 41
0.0
 46
0.0
 71
     5
 72
     1
  1
\A1;2119
 11
0.0
 21
1.0
 31
0.0
 73
     1
 44
1.0
  0
POINT
  5
BA7
330
B9E
100
AcDbEntity
  8
Defpoints
 62
     0
100
AcDbPoint
 10
17825.81484931232
 20
-10511.99678735776
 30
0.0
  0
POINT
  5
BA8
330
B9E
100
AcDbEntity
  8
Defpoints
 62
     0
100
AcDbPoint
 10
17825.81484931232
 20
-8392.749205752702
 30
0.0
  0
POINT
  5
BA9
330
B9E
100
AcDbEntity
  8
Defpoints
 62
     0
100
AcDbPoint
 10
18161.52912230714
 20
-8392.749205752702
 30
0.0
  0
ENDBLK
  5
BA0
330
B9E
100
AcDbEntity
  8
0
100
AcDbBlockEnd
  0
BLOCK
  5
BAB
330
BAA
100
AcDbEntity
  8
0
100
AcDbBlockBegin
  2
*D169
 70
     1
 10
0.0
 20
0.0
 30
0.0
  3
*D169
  1

  0
LINE
  5
BAD
330
BAA
100
AcDbEntity
  8
SH-尺寸标注
  6
Continuous
 62
   252
370
     9
100
AcDbLine
 10
17825.81484931232
 20
-13086.49142798278
 30
0.0
 11
18209.14817005448
 21
-13086.49142798278
 31
0.0
  0
LINE
  5
BAE
330
BAA
100
AcDbEntity
  8
SH-尺寸标注
  6
Continuous
 62
   252
370
     9
100
AcDbLine
 10
17825.81484931232
 20
-10751.99678735776
 30
0.0
 11
18209.14817005448
 21
-10751.99678735776
 31
0.0
  0
LINE
  5
BAF
330
BAA
100
AcDbEntity
  8
SH-尺寸标注
  6
Continuous
 62
   252
370
     9
100
AcDbLine
 10
18161.52912230714
 20
-13134.11047573012
 30
0.0
 11
18161.52912230714
 21
-10704.37773961042
 31
0.0
  0
INSERT
  5
BB0
330
BAA
100
AcDbEntity
  8
SH-尺寸标注
 62
   252
370
     9
100
AcDbBlockReference
  2
_ArchTick
 10
18161.52912230714
 20
-13086.49142798278
 30
0.0
 41
35.71428581050463
 42
35.71428581050463
 43
35.71428581050463
 50
270.0
  0
INSERT
  5
BB1
330
BAA
100
AcDbEntity
  8
SH-尺寸标注
 62
   252
370
     9
100
AcDbBlockReference
  2
_ArchTick
 10
18161.52912230714
 20
-10751.99678735776
 30
0.0
 41
35.71428581050463
 42
35.71428581050463
 43
35.71428581050463
 50
90.0
  0
MTEXT
  5
BB2
330
BAA
100
AcDbEntity
  8
SH-尺寸标注
 62
   134
100
AcDbMText
 10
18046.25353636965
 20
-11919.24410767027
 30
0.0
 40
142.8571432420185
 41
0.0
 46
0.0
 71
     5
 72
     1
  1
\A1;2334
 11
0.0
 21
1.0
 31
0.0
 73
     1
 44
1.0
  0
POINT
  5
BB3
330
BAA
100
AcDbEntity
  8
Defpoints
 62
     0
100
AcDbPoint
 10
17825.81484931232
 20
-13086.49142798278
 30
0.0
  0
POINT
  5
BB4
330
BAA
100
AcDbEntity
  8
Defpoints
 62
     0
100
AcDbPoint
 10
17825.81484931232
 20
-10751.99678735776
 30
0.0
  0
POINT
  5
BB5
330
BAA
100
AcDbEntity
  8
Defpoints
 62
     0
100
AcDbPoint
 10
18161.52912230714
 20
-10751.99678735776
 30
0.0
  0
ENDBLK
  5
BAC
330
BAA
100
AcDbEntity
  8
0
100
AcDbBlockEnd
  0
BLOCK
  5
BB7
330
BB6
100
AcDbEntity
  8
0
100
AcDbBlockBegin
  2
*D170
 70
     1
 10
0.0
 20
0.0
 30
0.0
  3
*D170
  1

  0
LINE
  5
BB9
330
BB6
100
AcDbEntity
  8
SH-尺寸标注
  6
Continuous
 62
   252
370
     9
100
AcDbLine
 10
17825.81484931232
 20
-16685.9774724193
 30
0.0
 11
18209.14817005448
 21
-16685.9774724193
 31
0.0
  0
LINE
  5
BBA
330
BB6
100
AcDbEntity
  8
SH-尺寸标注
  6
Continuous
 62
   252
370
     9
100
AcDbLine
 10
17825.81484931232
 20
-13086.49142798278
 30
0.0
 11
18209.14817005448
 21
-13086.49142798278
 31
0.0
  0
LINE
  5
BBB
330
BB6
100
AcDbEntity
  8
SH-尺寸标注
  6
Continuous
 62
   252
370
     9
100
AcDbLine
 10
18161.52912230714
 20
-16733.59652016664
 30
0.0
 11
18161.52912230714
 21
-13038.87238023544
 31
0.0
  0
INSERT
  5
BBC
330
BB6
100
AcDbEntity
  8
SH-尺寸标注
 62
   252
370
     9
100
AcDbBlockReference
  2
_ArchTick
 10
18161.52912230714
 20
-16685.9774724193
 30
0.0
 41
35.71428581050463
 42
35.71428581050463
 43
35.71428581050463
 50
270.0
  0
INSERT
  5
BBD
330
BB6
100
AcDbEntity
  8
SH-尺寸标注
 62
   252
370
     9
100
AcDbBlockReference
  2
_ArchTick
 10
18161.52912230714
 20
-13086.49142798278
 30
0.0
 41
35.71428581050463
 42
35.71428581050463
 43
35.71428581050463
 50
90.0
  0
MTEXT
  5
BBE
330
BB6
100
AcDbEntity
  8
SH-尺寸标注
 62
   134
100
AcDbMText
 10
18046.25353636965
 20
-14886.23445020104
 30
0.0
 40
142.8571432420185
 41
0.0
 46
0.0
 71
     5
 72
     1
  1
\A1;3599
 11
0.0
 21
1.0
 31
0.0
 73
     1
 44
1.0
  0
POINT
  5
BBF
330
BB6
100
AcDbEntity
  8
Defpoints
 62
     0
100
AcDbPoint
 10
17825.81484931232
 20
-16685.9774724193
 30
0.0
  0
POINT
  5
BC0
330
BB6
100
AcDbEntity
  8
Defpoints
 62
     0
100
AcDbPoint
 10
17825.81484931232
 20
-13086.49142798278
 30
0.0
  0
POINT
  5
BC1
330
BB6
100
AcDbEntity
  8
Defpoints
 62
     0
100
AcDbPoint
 10
18161.52912230714
 20
-13086.49142798278
 30
0.0
  0
ENDBLK
  5
BB8
330
BB6
100
AcDbEntity
  8
0
100
AcDbBlockEnd
  0
BLOCK
  5
BC3
330
BC2
100
AcDbEntity
  8
0
100
AcDbBlockBegin
  2
*D171
 70
     1
 10
0.0
 20
0.0
 30
0.0
  3
*D171
  1

  0
LINE
  5
BC5
330
BC2
100
AcDbEntity
  8
SH-尺寸标注
  6
Continuous
 62
   252
370
     9
100
AcDbLine
 10
17825.81484931232
 20
-17626.29578741935
 30
0.0
 11
18209.14817005448
 21
-17626.29578741935
 31
0.0
  0
LINE
  5
BC6
330
BC2
100
AcDbEntity
  8
SH-尺寸标注
  6
Continuous
 62
   252
370
     9
100
AcDbLine
 10
17825.81484931232
 20
-16685.9774724193
 30
0.0
 11
18209.14817005448
 21
-16685.9774724193
 31
0.0
  0
LINE
  5
BC7
330
BC2
100
AcDbEntity
  8
SH-尺寸标注
  6
Continuous
 62
   252
370
     9
100
AcDbLine
 10
18161.52912230714
 20
-17673.91483516669
 30
0.0
 11
18161.52912230714
 21
-16638.35842467196
 31
0.0
  0
INSERT
  5
BC8
330
BC2
100
AcDbEntity
  8
SH-尺寸标注
 62
   252
370
     9
100
AcDbBlockReference
  2
_ArchTick
 10
18161.52912230714
 20
-17626.29578741935
 30
0.0
 41
35.71428581050463
 42
35.71428581050463
 43
35.71428581050463
 50
270.0
  0
INSERT
  5
BC9
330
BC2
100
AcDbEntity
  8
SH-尺寸标注
 62
   252
370
     9
100
AcDbBlockReference
  2
_ArchTick
 10
18161.52912230714
 20
-16685.9774724193
 30
0.0
 41
35.71428581050463
 42
35.71428581050463
 43
35.71428581050463
 50
90.0
  0
MTEXT
  5
BCA
330
BC2
100
AcDbEntity
  8
SH-尺寸标注
 62
   134
100
AcDbMText
 10
18046.25353636965
 20
-17156.13662991932
 30
0.0
 40
142.8571432420185
 41
0.0
 46
0.0
 71
     5
 72
     1
  1
\A1;940
 11
0.0
 21
1.0
 31
0.0
 73
     1
 44
1.0
  0
POINT
  5
BCB
330
BC2
100
AcDbEntity
  8
Defpoints
 62
     0
100
AcDbPoint
 10
17825.81484931232
 20
-17626.29578741935
 30
0.0
  0
POINT
  5
BCC
330
BC2
100
AcDbEntity
  8
Defpoints
 62
     0
100
AcDbPoint
 10
17825.81484931232
 20
-16685.9774724193
 30
0.0
  0
POINT
  5
BCD
330
BC2
100
AcDbEntity
  8
Defpoints
 62
     0
100
AcDbPoint
 10
18161.52912230714
 20
-16685.9774724193
 30
0.0
  0
ENDBLK
  5
BC4
330
BC2
100
AcDbEntity
  8
0
100
AcDbBlockEnd
  0
BLOCK
  5
BCF
330
BCE
100
AcDbEntity
  8
0
100
AcDbBlockBegin
  2
*D172
 70
     1
 10
0.0
 20
0.0
 30
0.0
  3
*D172
  1

  0
LINE
  5
BD1
330
BCE
100
AcDbEntity
  8
SH-尺寸标注
  6
Continuous
 62
   252
370
     9
100
AcDbLine
 10
2308.577390208226
 20
-9351.78023494058
 30
0.0
 11
1925.244069466062
 21
-9351.78023494058
 31
0.0
  0
LINE
  5
BD2
330
BCE
100
AcDbEntity
  8
SH-尺寸标注
  6
Continuous
 62
   252
370
     9
100
AcDbLine
 10
2308.577390208226
 20
-8392.749205752702
 30
0.0
 11
1925.244069466062
 21
-8392.749205752702
 31
0.0
  0
LINE
  5
BD3
330
BCE
100
AcDbEntity
  8
SH-尺寸标注
  6
Continuous
 62
   252
370
     9
100
AcDbLine
 10
1972.863117213401
 20
-9399.399282687918
 30
0.0
 11
1972.863117213401
 21
-8345.130158005362
 31
0.0
  0
INSERT
  5
BD4
330
BCE
100
AcDbEntity
  8
SH-尺寸标注
 62
   252
370
     9
100
AcDbBlockReference
  2
_ArchTick
 10
1972.863117213401
 20
-9351.78023494058
 30
0.0
 41
35.71428581050463
 42
35.71428581050463
 43
35.71428581050463
 50
270.0
  0
INSERT
  5
BD5
330
BCE
100
AcDbEntity
  8
SH-尺寸标注
 62
   252
370
     9
100
AcDbBlockReference
  2
_ArchTick
 10
1972.863117213401
 20
-8392.749205752702
 30
0.0
 41
35.71428581050463
 42
35.71428581050463
 43
35.71428581050463
 50
90.0
  0
MTEXT
  5
BD6
330
BCE
100
AcDbEntity
  8
SH-尺寸标注
 62
   134
100
AcDbMText
 10
1857.587531275901
 20
-8872.26472034664
 30
0.0
 40
142.8571432420185
 41
0.0
 46
0.0
 71
     5
 72
     1
  1
\A1;959
 11
0.0
 21
1.0
 31
0.0
 73
     1
 44
1.0
  0
POINT
  5
BD7
330
BCE
100
AcDbEntity
  8
Defpoints
 62
     0
100
AcDbPoint
 10
2308.577390208226
 20
-9351.78023494058
 30
0.0
  0
POINT
  5
BD8
330
BCE
100
AcDbEntity
  8
Defpoints
 62
     0
100
AcDbPoint
 10
2308.577390208226
 20
-8392.749205752702
 30
0.0
  0
POINT
  5
BD9
330
BCE
100
AcDbEntity
  8
Defpoints
 62
     0
100
AcDbPoint
 10
1972.863117213401
 20
-8392.749205752702
 30
0.0
  0
ENDBLK
  5
BD0
330
BCE
100
AcDbEntity
  8
0
100
AcDbBlockEnd
  0
BLOCK
  5
BDB
330
BDA
100
AcDbEntity
  8
0
100
AcDbBlockBegin
  2
*D173
 70
     1
 10
0.0
 20
0.0
 30
0.0
  3
*D173
  1

  0
LINE
  5
BDD
330
BDA
100
AcDbEntity
  8
SH-尺寸标注
  6
Continuous
 62
   252
370
     9
100
AcDbLine
 10
2308.577390208226
 20
-11605.96735049125
 30
0.0
 11
1925.244069466062
 21
-11605.96735049125
 31
0.0
  0
LINE
  5
BDE
330
BDA
100
AcDbEntity
  8
SH-尺寸标注
  6
Continuous
 62
   252
370
     9
100
AcDbLine
 10
2308.577390208226
 20
-9351.78023494058
 30
0.0
 11
1925.244069466062
 21
-9351.78023494058
 31
0.0
  0
LINE
  5
BDF
330
BDA
100
AcDbEntity
  8
SH-尺寸标注
  6
Continuous
 62
   252
370
     9
100
AcDbLine
 10
1972.863117213401
 20
-11653.58639823859
 30
0.0
 11
1972.863117213401
 21
-9304.16118719324
 31
0.0
  0
INSERT
  5
BE0
330
BDA
100
AcDbEntity
  8
SH-尺寸标注
 62
   252
370
     9
100
AcDbBlockReference
  2
_ArchTick
 10
1972.863117213401
 20
-11605.96735049125
 30
0.0
 41
35.71428581050463
 42
35.71428581050463
 43
35.71428581050463
 50
270.0
  0
INSERT
  5
BE1
330
BDA
100
AcDbEntity
  8
SH-尺寸标注
 62
   252
370
     9
100
AcDbBlockReference
  2
_ArchTick
 10
1972.863117213401
 20
-9351.78023494058
 30
0.0
 41
35.71428581050463
 42
35.71428581050463
 43
35.71428581050463
 50
90.0
  0
MTEXT
  5
BE2
330
BDA
100
AcDbEntity
  8
SH-尺寸标注
 62
   134
100
AcDbMText
 10
1857.587531275901
 20
-10478.87379271591
 30
0.0
 40
142.8571432420185
 41
0.0
 46
0.0
 71
     5
 72
     1
  1
\A1;2254
 11
0.0
 21
1.0
 31
0.0
 73
     1
 44
1.0
  0
POINT
  5
BE3
330
BDA
100
AcDbEntity
  8
Defpoints
 62
     0
100
AcDbPoint
 10
2308.577390208226
 20
-11605.96735049125
 30
0.0
  0
POINT
  5
BE4
330
BDA
100
AcDbEntity
  8
Defpoints
 62
     0
100
AcDbPoint
 10
2308.577390208226
 20
-9351.78023494058
 30
0.0
  0
POINT
  5
BE5
330
BDA
100
AcDbEntity
  8
Defpoints
 62
     0
100
AcDbPoint
 10
1972.863117213401
 20
-9351.78023494058
 30
0.0
  0
ENDBLK
  5
BDC
330
BDA
100
AcDbEntity
  8
0
100
AcDbBlockEnd
  0
BLOCK
  5
BE7
330
BE6
100
AcDbEntity
  8
0
100
AcDbBlockBegin
  2
*D174
 70
     1
 10
0.0
 20
0.0
 30
0.0
  3
*D174
  1

  0
LINE
  5
BE9
330
BE6
100
AcDbEntity
  8
SH-尺寸标注
  6
Continuous
 62
   252
370
     9
100
AcDbLine
 10
2308.577390208225
 20
-17626.29578741935
 30
0.0
 11
1925.244069466061
 21
-17626.29578741935
 31
0.0
  0
LINE
  5
BEA
330
BE6
100
AcDbEntity
  8
SH-尺寸标注
  6
Continuous
 62
   252
370
     9
100
AcDbLine
 10
2308.577390208226
 20
-11725.96735049125
 30
0.0
 11
1925.244069466062
 21
-11725.96735049125
 31
0.0
  0
LINE
  5
BEB
330
BE6
100
AcDbEntity
  8
SH-尺寸标注
  6
Continuous
 62
   252
370
     9
100
AcDbLine
 10
1972.863117213401
 20
-17673.91483516669
 30
0.0
 11
1972.863117213401
 21
-11678.34830274391
 31
0.0
  0
INSERT
  5
BEC
330
BE6
100
AcDbEntity
  8
SH-尺寸标注
 62
   252
370
     9
100
AcDbBlockReference
  2
_ArchTick
 10
1972.863117213401
 20
-17626.29578741935
 30
0.0
 41
35.71428581050463
 42
35.71428581050463
 43
35.71428581050463
 50
270.0
  0
INSERT
  5
BED
330
BE6
100
AcDbEntity
  8
SH-尺寸标注
 62
   252
370
     9
100
AcDbBlockReference
  2
_ArchTick
 10
1972.863117213401
 20
-11725.96735049125
 30
0.0
 41
35.71428581050463
 42
35.71428581050463
 43
35.71428581050463
 50
90.0
  0
MTEXT
  5
BEE
330
BE6
100
AcDbEntity
  8
SH-尺寸标注
 62
   134
100
AcDbMText
 10
1857.587531275901
 20
-14676.1315689553
 30
0.0
 40
142.8571432420185
 41
0.0
 46
0.0
 71
     5
 72
     1
  1
\A1;5900
 11
7.707153182191672E-17
 21
1.0
 31
0.0
 73
     1
 44
1.0
  0
POINT
  5
BEF
330
BE6
100
AcDbEntity
  8
Defpoints
 62
     0
100
AcDbPoint
 10
2308.577390208226
 20
-17626.29578741935
 30
0.0
  0
POINT
  5
BF0
330
BE6
100
AcDbEntity
  8
Defpoints
 62
     0
100
AcDbPoint
 10
2308.577390208226
 20
-11725.96735049125
 30
0.0
  0
POINT
  5
BF1
330
BE6
100
AcDbEntity
  8
Defpoints
 62
     0
100
AcDbPoint
 10
1972.863117213401
 20
-11725.96735049125
 30
0.0
  0
ENDBLK
  5
BE8
330
BE6
100
AcDbEntity
  8
0
100
AcDbBlockEnd
  0
BLOCK
  5
BF3
330
BF2
100
AcDbEntity
  8
0
100
AcDbBlockBegin
  2
*D175
 70
     1
 10
0.0
 20
0.0
 30
0.0
  3
*D175
  1

  0
LINE
  5
BF5
330
BF2
100
AcDbEntity
  8
SH-尺寸标注
  6
Continuous
 62
   252
370
     9
100
AcDbLine
 10
25594.59215722942
 20
-8694.224903247425
 30
0.0
 11
25211.25883648726
 21
-8694.224903247425
 31
0.0
  0
LINE
  5
BF6
330
BF2
100
AcDbEntity
  8
SH-尺寸标注
  6
Continuous
 62
   252
370
     9
100
AcDbLine
 10
25594.59215722942
 20
-8401.002009744454
 30
0.0
 11
25211.25883648726
 21
-8401.002009744454
 31
0.0
  0
LINE
  5
BF7
330
BF2
100
AcDbEntity
  8
SH-尺寸标注
  6
Continuous
 62
   252
370
     9
100
AcDbLine
 10
25258.8778842346
 20
-8741.843950994764
 30
0.0
 11
25258.8778842346
 21
-8353.382961997115
 31
0.0
  0
INSERT
  5
BF8
330
BF2
100
AcDbEntity
  8
SH-尺寸标注
 62
   252
370
     9
100
AcDbBlockReference
  2
_ArchTick
 10
25258.8778842346
 20
-8694.224903247425
 30
0.0
 41
35.71428581050463
 42
35.71428581050463
 43
35.71428581050463
 50
270.0
  0
INSERT
  5
BF9
330
BF2
100
AcDbEntity
  8
SH-尺寸标注
 62
   252
370
     9
100
AcDbBlockReference
  2
_ArchTick
 10
25258.8778842346
 20
-8401.002009744454
 30
0.0
 41
35.71428581050463
 42
35.71428581050463
 43
35.71428581050463
 50
90.0
  0
MTEXT
  5
BFA
330
BF2
100
AcDbEntity
  8
SH-尺寸标注
 62
   134
100
AcDbMText
 10
25143.6022982971
 20
-8547.61345649594
 30
0.0
 40
142.8571432420185
 41
0.0
 46
0.0
 71
     5
 72
     1
  1
\A1;293
 11
0.0
 21
1.0
 31
0.0
 73
     1
 44
1.0
  0
POINT
  5
BFB
330
BF2
100
AcDbEntity
  8
Defpoints
 62
     0
100
AcDbPoint
 10
25594.59215722942
 20
-8694.224903247425
 30
0.0
  0
POINT
  5
BFC
330
BF2
100
AcDbEntity
  8
Defpoints
 62
     0
100
AcDbPoint
 10
25594.59215722942
 20
-8401.002009744454
 30
0.0
  0
POINT
  5
BFD
330
BF2
100
AcDbEntity
  8
Defpoints
 62
     0
100
AcDbPoint
 10
25258.8778842346
 20
-8401.002009744454
 30
0.0
  0
ENDBLK
  5
BF4
330
BF2
100
AcDbEntity
  8
0
100
AcDbBlockEnd
  0
BLOCK
  5
BFF
330
BFE
100
AcDbEntity
  8
0
100
AcDbBlockBegin
  2
*D176
 70
     1
 10
0.0
 20
0.0
 30
0.0
  3
*D176
  1

  0
LINE
  5
C01
330
BFE
100
AcDbEntity
  8
SH-尺寸标注
  6
Continuous
 62
   252
370
     9
100
AcDbLine
 10
25594.59215722942
 20
-9360.033038932334
 30
0.0
 11
25211.25883648726
 21
-9360.033038932334
 31
0.0
  0
LINE
  5
C02
330
BFE
100
AcDbEntity
  8
SH-尺寸标注
  6
Continuous
 62
   252
370
     9
100
AcDbLine
 10
25594.59215722942
 20
-8694.224903247425
 30
0.0
 11
25211.25883648726
 21
-8694.224903247425
 31
0.0
  0
LINE
  5
C03
330
BFE
100
AcDbEntity
  8
SH-尺寸标注
  6
Continuous
 62
   252
370
     9
100
AcDbLine
 10
25258.8778842346
 20
-9407.652086679673
 30
0.0
 11
25258.8778842346
 21
-8646.605855500085
 31
0.0
  0
INSERT
  5
C04
330
BFE
100
AcDbEntity
  8
SH-尺寸标注
 62
   252
370
     9
100
AcDbBlockReference
  2
_ArchTick
 10
25258.8778842346
 20
-9360.033038932334
 30
0.0
 41
35.71428581050463
 42
35.71428581050463
 43
35.71428581050463
 50
270.0
  0
INSERT
  5
C05
330
BFE
100
AcDbEntity
  8
SH-尺寸标注
 62
   252
370
     9
100
AcDbBlockReference
  2
_ArchTick
 10
25258.8778842346
 20
-8694.224903247425
 30
0.0
 41
35.71428581050463
 42
35.71428581050463
 43
35.71428581050463
 50
90.0
  0
MTEXT
  5
C06
330
BFE
100
AcDbEntity
  8
SH-尺寸标注
 62
   134
100
AcDbMText
 10
25143.6022982971
 20
-9027.128971089878
 30
0.0
 40
142.8571432420185
 41
0.0
 46
0.0
 71
     5
 72
     1
  1
\A1;666
 11
0.0
 21
1.0
 31
0.0
 73
     1
 44
1.0
  0
POINT
  5
C07
330
BFE
100
AcDbEntity
  8
Defpoints
 62
     0
100
AcDbPoint
 10
25594.59215722942
 20
-9360.033038932334
 30
0.0
  0
POINT
  5
C08
330
BFE
100
AcDbEntity
  8
Defpoints
 62
     0
100
AcDbPoint
 10
25594.59215722942
 20
-8694.224903247425
 30
0.0
  0
POINT
  5
C09
330
BFE
100
AcDbEntity
  8
Defpoints
 62
     0
100
AcDbPoint
 10
25258.8778842346
 20
-8694.224903247425
 30
0.0
  0
ENDBLK
  5
C00
330
BFE
100
AcDbEntity
  8
0
100
AcDbBlockEnd
  0
BLOCK
  5
C0B
330
C0A
100
AcDbEntity
  8
0
100
AcDbBlockBegin
  2
*D177
 70
     1
 10
0.0
 20
0.0
 30
0.0
  3
*D177
  1

  0
LINE
  5
C0D
330
C0A
100
AcDbEntity
  8
SH-尺寸标注
  6
Continuous
 62
   252
370
     9
100
AcDbLine
 10
25594.59215722942
 20
-9616.05932393016
 30
0.0
 11
25211.25883648726
 21
-9616.05932393016
 31
0.0
  0
LINE
  5
C0E
330
C0A
100
AcDbEntity
  8
SH-尺寸标注
  6
Continuous
 62
   252
370
     9
100
AcDbLine
 10
25594.59215722942
 20
-9360.033038932334
 30
0.0
 11
25211.25883648726
 21
-9360.033038932334
 31
0.0
  0
LINE
  5
C0F
330
C0A
100
AcDbEntity
  8
SH-尺寸标注
  6
Continuous
 62
   252
370
     9
100
AcDbLine
 10
25258.8778842346
 20
-9663.678371677497
 30
0.0
 11
25258.8778842346
 21
-9312.413991184994
 31
0.0
  0
INSERT
  5
C10
330
C0A
100
AcDbEntity
  8
SH-尺寸标注
 62
   252
370
     9
100
AcDbBlockReference
  2
_ArchTick
 10
25258.8778842346
 20
-9616.05932393016
 30
0.0
 41
35.71428581050463
 42
35.71428581050463
 43
35.71428581050463
 50
270.0
  0
INSERT
  5
C11
330
C0A
100
AcDbEntity
  8
SH-尺寸标注
 62
   252
370
     9
100
AcDbBlockReference
  2
_ArchTick
 10
25258.8778842346
 20
-9360.033038932334
 30
0.0
 41
35.71428581050463
 42
35.71428581050463
 43
35.71428581050463
 50
90.0
  0
MTEXT
  5
C12
330
C0A
100
AcDbEntity
  8
SH-尺寸标注
 62
   134
100
AcDbMText
 10
25143.6022982971
 20
-9488.046181431248
 30
0.0
 40
142.8571432420185
 41
0.0
 46
0.0
 71
     5
 72
     1
  1
\A1;256
 11
0.0
 21
1.0
 31
0.0
 73
     1
 44
1.0
  0
POINT
  5
C13
330
C0A
100
AcDbEntity
  8
Defpoints
 62
     0
100
AcDbPoint
 10
25594.59215722942
 20
-9616.05932393016
 30
0.0
  0
POINT
  5
C14
330
C0A
100
AcDbEntity
  8
Defpoints
 62
     0
100
AcDbPoint
 10
25594.59215722942
 20
-9360.033038932334
 30
0.0
  0
POINT
  5
C15
330
C0A
100
AcDbEntity
  8
Defpoints
 62
     0
100
AcDbPoint
 10
25258.8778842346
 20
-9360.033038932334
 30
0.0
  0
ENDBLK
  5
C0C
330
C0A
100
AcDbEntity
  8
0
100
AcDbBlockEnd
  0
BLOCK
  5
C17
330
C16
100
AcDbEntity
  8
0
100
AcDbBlockBegin
  2
*D178
 70
     1
 10
0.0
 20
0.0
 30
0.0
  3
*D178
  1

  0
LINE
  5
C19
330
C16
100
AcDbEntity
  8
SH-尺寸标注
  6
Continuous
 62
   252
370
     9
100
AcDbLine
 10
25594.59215722942
 20
-11614.220154483
 30
0.0
 11
25211.25883648726
 21
-11614.220154483
 31
0.0
  0
LINE
  5
C1A
330
C16
100
AcDbEntity
  8
SH-尺寸标注
  6
Continuous
 62
   252
370
     9
100
AcDbLine
 10
25594.59215722942
 20
-9616.05932393016
 30
0.0
 11
25211.25883648726
 21
-9616.05932393016
 31
0.0
  0
LINE
  5
C1B
330
C16
100
AcDbEntity
  8
SH-尺寸标注
  6
Continuous
 62
   252
370
     9
100
AcDbLine
 10
25258.8778842346
 20
-11661.83920223034
 30
0.0
 11
25258.8778842346
 21
-9568.44027618282
 31
0.0
  0
INSERT
  5
C1C
330
C16
100
AcDbEntity
  8
SH-尺寸标注
 62
   252
370
     9
100
AcDbBlockReference
  2
_ArchTick
 10
25258.8778842346
 20
-11614.220154483
 30
0.0
 41
35.71428581050463
 42
35.71428581050463
 43
35.71428581050463
 50
270.0
  0
INSERT
  5
C1D
330
C16
100
AcDbEntity
  8
SH-尺寸标注
 62
   252
370
     9
100
AcDbBlockReference
  2
_ArchTick
 10
25258.8778842346
 20
-9616.05932393016
 30
0.0
 41
35.71428581050463
 42
35.71428581050463
 43
35.71428581050463
 50
90.0
  0
MTEXT
  5
C1E
330
C16
100
AcDbEntity
  8
SH-尺寸标注
 62
   134
100
AcDbMText
 10
25143.6022982971
 20
-10615.13973920658
 30
0.0
 40
142.8571432420185
 41
0.0
 46
0.0
 71
     5
 72
     1
  1
\A1;1998
 11
0.0
 21
1.0
 31
0.0
 73
     1
 44
1.0
  0
POINT
  5
C1F
330
C16
100
AcDbEntity
  8
Defpoints
 62
     0
100
AcDbPoint
 10
25594.59215722942
 20
-11614.220154483
 30
0.0
  0
POINT
  5
C20
330
C16
100
AcDbEntity
  8
Defpoints
 62
     0
100
AcDbPoint
 10
25594.59215722942
 20
-9616.05932393016
 30
0.0
  0
POINT
  5
C21
330
C16
100
AcDbEntity
  8
Defpoints
 62
     0
100
AcDbPoint
 10
25258.8778842346
 20
-9616.05932393016
 30
0.0
  0
ENDBLK
  5
C18
330
C16
100
AcDbEntity
  8
0
100
AcDbBlockEnd
  0
BLOCK
  5
C23
330
C22
100
AcDbEntity
  8
0
100
AcDbBlockBegin
  2
*D179
 70
     1
 10
0.0
 20
0.0
 30
0.0
  3
*D179
  1

  0
LINE
  5
C25
330
C22
100
AcDbEntity
  8
SH-尺寸标注
  6
Continuous
 62
   252
370
     9
100
AcDbLine
 10
25594.59215722942
 20
-17257.33277958464
 30
0.0
 11
25211.25883648726
 21
-17257.33277958464
 31
0.0
  0
LINE
  5
C26
330
C22
100
AcDbEntity
  8
SH-尺寸标注
  6
Continuous
 62
   252
370
     9
100
AcDbLine
 10
25594.59215722942
 20
-11734.220154483
 30
0.0
 11
25211.25883648726
 21
-11734.220154483
 31
0.0
  0
LINE
  5
C27
330
C22
100
AcDbEntity
  8
SH-尺寸标注
  6
Continuous
 62
   252
370
     9
100
AcDbLine
 10
25258.8778842346
 20
-17304.95182733197
 30
0.0
 11
25258.8778842346
 21
-11686.60110673566
 31
0.0
  0
INSERT
  5
C28
330
C22
100
AcDbEntity
  8
SH-尺寸标注
 62
   252
370
     9
100
AcDbBlockReference
  2
_ArchTick
 10
25258.8778842346
 20
-17257.33277958464
 30
0.0
 41
35.71428581050463
 42
35.71428581050463
 43
35.71428581050463
 50
270.0
  0
INSERT
  5
C29
330
C22
100
AcDbEntity
  8
SH-尺寸标注
 62
   252
370
     9
100
AcDbBlockReference
  2
_ArchTick
 10
25258.8778842346
 20
-11734.220154483
 30
0.0
 41
35.71428581050463
 42
35.71428581050463
 43
35.71428581050463
 50
90.0
  0
MTEXT
  5
C2A
330
C22
100
AcDbEntity
  8
SH-尺寸标注
 62
   134
100
AcDbMText
 10
25143.6022982971
 20
-14495.77646703382
 30
0.0
 40
142.8571432420185
 41
0.0
 46
0.0
 71
     5
 72
     1
  1
\A1;5523
 11
0.0
 21
1.0
 31
0.0
 73
     1
 44
1.0
  0
POINT
  5
C2B
330
C22
100
AcDbEntity
  8
Defpoints
 62
     0
100
AcDbPoint
 10
25594.59215722942
 20
-17257.33277958464
 30
0.0
  0
POINT
  5
C2C
330
C22
100
AcDbEntity
  8
Defpoints
 62
     0
100
AcDbPoint
 10
25594.59215722942
 20
-11734.220154483
 30
0.0
  0
POINT
  5
C2D
330
C22
100
AcDbEntity
  8
Defpoints
 62
     0
100
AcDbPoint
 10
25258.8778842346
 20
-11734.220154483
 30
0.0
  0
ENDBLK
  5
C24
330
C22
100
AcDbEntity
  8
0
100
AcDbBlockEnd
  0
BLOCK
  5
C2F
330
C2E
100
AcDbEntity
  8
0
100
AcDbBlockBegin
  2
*D180
 70
     1
 10
0.0
 20
0.0
 30
0.0
  3
*D180
  1

  0
LINE
  5
C31
330
C2E
100
AcDbEntity
  8
SH-尺寸标注
  6
Continuous
 62
   252
370
     9
100
AcDbLine
 10
25594.59215722942
 20
-17634.5485914111
 30
0.0
 11
25211.25883648726
 21
-17634.5485914111
 31
0.0
  0
LINE
  5
C32
330
C2E
100
AcDbEntity
  8
SH-尺寸标注
  6
Continuous
 62
   252
370
     9
100
AcDbLine
 10
25594.59215722942
 20
-17257.33277958464
 30
0.0
 11
25211.25883648726
 21
-17257.33277958464
 31
0.0
  0
LINE
  5
C33
330
C2E
100
AcDbEntity
  8
SH-尺寸标注
  6
Continuous
 62
   252
370
     9
100
AcDbLine
 10
25258.8778842346
 20
-17682.16763915844
 30
0.0
 11
25258.8778842346
 21
-17209.7137318373
 31
0.0
  0
INSERT
  5
C34
330
C2E
100
AcDbEntity
  8
SH-尺寸标注
 62
   252
370
     9
100
AcDbBlockReference
  2
_ArchTick
 10
25258.8778842346
 20
-17634.5485914111
 30
0.0
 41
35.71428581050463
 42
35.71428581050463
 43
35.71428581050463
 50
270.0
  0
INSERT
  5
C35
330
C2E
100
AcDbEntity
  8
SH-尺寸标注
 62
   252
370
     9
100
AcDbBlockReference
  2
_ArchTick
 10
25258.8778842346
 20
-17257.33277958464
 30
0.0
 41
35.71428581050463
 42
35.71428581050463
 43
35.71428581050463
 50
90.0
  0
MTEXT
  5
C36
330
C2E
100
AcDbEntity
  8
SH-尺寸标注
 62
   134
100
AcDbMText
 10
25143.6022982971
 20
-17445.94068549787
 30
0.0
 40
142.8571432420185
 41
0.0
 46
0.0
 71
     5
 72
     1
  1
\A1;377
 11
0.0
 21
1.0
 31
0.0
 73
     1
 44
1.0
  0
POINT
  5
C37
330
C2E
100
AcDbEntity
  8
Defpoints
 62
     0
100
AcDbPoint
 10
25594.59215722942
 20
-17634.5485914111
 30
0.0
  0
POINT
  5
C38
330
C2E
100
AcDbEntity
  8
Defpoints
 62
     0
100
AcDbPoint
 10
25594.59215722942
 20
-17257.33277958464
 30
0.0
  0
POINT
  5
C39
330
C2E
100
AcDbEntity
  8
Defpoints
 62
     0
100
AcDbPoint
 10
25258.8778842346
 20
-17257.33277958464
 30
0.0
  0
ENDBLK
  5
C30
330
C2E
100
AcDbEntity
  8
0
100
AcDbBlockEnd
  0
BLOCK
  5
C3B
330
C3A
100
AcDbEntity
  8
0
100
AcDbBlockBegin
  2
*D181
 70
     1
 10
0.0
 20
0.0
 30
0.0
  3
*D181
  1

  0
LINE
  5
C3D
330
C3A
100
AcDbEntity
  8
SH-尺寸标注
  6
Continuous
 62
   252
370
     9
100
AcDbLine
 10
40594.11538973349
 20
-10520.24959134951
 30
0.0
 11
40977.44871047566
 21
-10520.24959134951
 31
0.0
  0
LINE
  5
C3E
330
C3A
100
AcDbEntity
  8
SH-尺寸标注
  6
Continuous
 62
   252
370
     9
100
AcDbLine
 10
40594.11538973349
 20
-8401.002009744454
 30
0.0
 11
40977.44871047566
 21
-8401.002009744454
 31
0.0
  0
LINE
  5
C3F
330
C3A
100
AcDbEntity
  8
SH-尺寸标注
  6
Continuous
 62
   252
370
     9
100
AcDbLine
 10
40929.82966272832
 20
-10567.86863909685
 30
0.0
 11
40929.82966272832
 21
-8353.382961997115
 31
0.0
  0
INSERT
  5
C40
330
C3A
100
AcDbEntity
  8
SH-尺寸标注
 62
   252
370
     9
100
AcDbBlockReference
  2
_ArchTick
 10
40929.82966272832
 20
-10520.24959134951
 30
0.0
 41
35.71428581050463
 42
35.71428581050463
 43
35.71428581050463
 50
270.0
  0
INSERT
  5
C41
330
C3A
100
AcDbEntity
  8
SH-尺寸标注
 62
   252
370
     9
100
AcDbBlockReference
  2
_ArchTick
 10
40929.82966272832
 20
-8401.002009744454
 30
0.0
 41
35.71428581050463
 42
35.71428581050463
 43
35.71428581050463
 50
90.0
  0
MTEXT
  5
C42
330
C3A
100
AcDbEntity
  8
SH-尺寸标注
 62
   134
100
AcDbMText
 10
40814.55407679081
 20
-9460.625800546983
 30
0.0
 40
142.8571432420185
 41
0.0
 46
0.0
 71
     5
 72
     1
  1
\A1;2119
 11
0.0
 21
1.0
 31
0.0
 73
     1
 44
1.0
  0
POINT
  5
C43
330
C3A
100
AcDbEntity
  8
Defpoints
 62
     0
100
AcDbPoint
 10
40594.11538973349
 20
-10520.24959134951
 30
0.0
  0
POINT
  5
C44
330
C3A
100
AcDbEntity
  8
Defpoints
 62
     0
100
AcDbPoint
 10
40594.11538973349
 20
-8401.002009744454
 30
0.0
  0
POINT
  5
C45
330
C3A
100
AcDbEntity
  8
Defpoints
 62
     0
100
AcDbPoint
 10
40929.82966272832
 20
-8401.002009744454
 30
0.0
  0
ENDBLK
  5
C3C
330
C3A
100
AcDbEntity
  8
0
100
AcDbBlockEnd
  0
BLOCK
  5
C47
330
C46
100
AcDbEntity
  8
0
100
AcDbBlockBegin
  2
*D182
 70
     1
 10
0.0
 20
0.0
 30
0.0
  3
*D182
  1

  0
LINE
  5
C49
330
C46
100
AcDbEntity
  8
SH-尺寸标注
  6
Continuous
 62
   252
370
     9
100
AcDbLine
 10
40594.11538973349
 20
-11402.56898016812
 30
0.0
 11
40977.44871047566
 21
-11402.56898016812
 31
0.0
  0
LINE
  5
C4A
330
C46
100
AcDbEntity
  8
SH-尺寸标注
  6
Continuous
 62
   252
370
     9
100
AcDbLine
 10
40594.11538973349
 20
-10760.24959134951
 30
0.0
 11
40977.44871047566
 21
-10760.24959134951
 31
0.0
  0
LINE
  5
C4B
330
C46
100
AcDbEntity
  8
SH-尺寸标注
  6
Continuous
 62
   252
370
     9
100
AcDbLine
 10
40929.82966272832
 20
-11450.18802791546
 30
0.0
 11
40929.82966272832
 21
-10712.63054360217
 31
0.0
  0
INSERT
  5
C4C
330
C46
100
AcDbEntity
  8
SH-尺寸标注
 62
   252
370
     9
100
AcDbBlockReference
  2
_ArchTick
 10
40929.82966272832
 20
-11402.56898016812
 30
0.0
 41
35.71428581050463
 42
35.71428581050463
 43
35.71428581050463
 50
270.0
  0
INSERT
  5
C4D
330
C46
100
AcDbEntity
  8
SH-尺寸标注
 62
   252
370
     9
100
AcDbBlockReference
  2
_ArchTick
 10
40929.82966272832
 20
-10760.24959134951
 30
0.0
 41
35.71428581050463
 42
35.71428581050463
 43
35.71428581050463
 50
90.0
  0
MTEXT
  5
C4E
330
C46
100
AcDbEntity
  8
SH-尺寸标注
 62
   134
100
AcDbMText
 10
40814.55407679081
 20
-11081.40928575881
 30
0.0
 40
142.8571432420185
 41
0.0
 46
0.0
 71
     5
 72
     1
  1
\A1;642
 11
0.0
 21
1.0
 31
0.0
 73
     1
 44
1.0
  0
POINT
  5
C4F
330
C46
100
AcDbEntity
  8
Defpoints
 62
     0
100
AcDbPoint
 10
40594.11538973349
 20
-11402.56898016812
 30
0.0
  0
POINT
  5
C50
330
C46
100
AcDbEntity
  8
Defpoints
 62
     0
100
AcDbPoint
 10
40594.11538973349
 20
-10760.24959134951
 30
0.0
  0
POINT
  5
C51
330
C46
100
AcDbEntity
  8
Defpoints
 62
     0
100
AcDbPoint
 10
40929.82966272832
 20
-10760.24959134951
 30
0.0
  0
ENDBLK
  5
C48
330
C46
100
AcDbEntity
  8
0
100
AcDbBlockEnd
  0
BLOCK
  5
C53
330
C52
100
AcDbEntity
  8
0
100
AcDbBlockBegin
  2
*D183
 70
     1
 10
0.0
 20
0.0
 30
0.0
  3
*D183
  1

  0
LINE
  5
C55
330
C52
100
AcDbEntity
  8
SH-尺寸标注
  6
Continuous
 62
   252
370
     9
100
AcDbLine
 10
40594.11538973349
 20
-13094.74423197453
 30
0.0
 11
40977.44871047566
 21
-13094.74423197453
 31
0.0
  0
LINE
  5
C56
330
C52
100
AcDbEntity
  8
SH-尺寸标注
  6
Continuous
 62
   252
370
     9
100
AcDbLine
 10
40594.11538973349
 20
-11402.56898016812
 30
0.0
 11
40977.44871047566
 21
-11402.56898016812
 31
0.0
  0
LINE
  5
C57
330
C52
100
AcDbEntity
  8
SH-尺寸标注
  6
Continuous
 62
   252
370
     9
100
AcDbLine
 10
40929.82966272832
 20
-13142.36327972187
 30
0.0
 11
40929.82966272832
 21
-11354.94993242078
 31
0.0
  0
INSERT
  5
C58
330
C52
100
AcDbEntity
  8
SH-尺寸标注
 62
   252
370
     9
100
AcDbBlockReference
  2
_ArchTick
 10
40929.82966272832
 20
-13094.74423197453
 30
0.0
 41
35.71428581050463
 42
35.71428581050463
 43
35.71428581050463
 50
270.0
  0
INSERT
  5
C59
330
C52
100
AcDbEntity
  8
SH-尺寸标注
 62
   252
370
     9
100
AcDbBlockReference
  2
_ArchTick
 10
40929.82966272832
 20
-11402.56898016812
 30
0.0
 41
35.71428581050463
 42
35.71428581050463
 43
35.71428581050463
 50
90.0
  0
MTEXT
  5
C5A
330
C52
100
AcDbEntity
  8
SH-尺寸标注
 62
   134
100
AcDbMText
 10
40814.55407679081
 20
-12248.65660607133
 30
0.0
 40
142.8571432420185
 41
0.0
 46
0.0
 71
     5
 72
     1
  1
\A1;1692
 11
0.0
 21
1.0
 31
0.0
 73
     1
 44
1.0
  0
POINT
  5
C5B
330
C52
100
AcDbEntity
  8
Defpoints
 62
     0
100
AcDbPoint
 10
40594.11538973349
 20
-13094.74423197453
 30
0.0
  0
POINT
  5
C5C
330
C52
100
AcDbEntity
  8
Defpoints
 62
     0
100
AcDbPoint
 10
40594.11538973349
 20
-11402.56898016812
 30
0.0
  0
POINT
  5
C5D
330
C52
100
AcDbEntity
  8
Defpoints
 62
     0
100
AcDbPoint
 10
40929.82966272832
 20
-11402.56898016812
 30
0.0
  0
ENDBLK
  5
C54
330
C52
100
AcDbEntity
  8
0
100
AcDbBlockEnd
  0
BLOCK
  5
C5F
330
C5E
100
AcDbEntity
  8
0
100
AcDbBlockBegin
  2
*D184
 70
     1
 10
0.0
 20
0.0
 30
0.0
  3
*D184
  1

  0
LINE
  5
C61
330
C5E
100
AcDbEntity
  8
SH-尺寸标注
  6
Continuous
 62
   252
370
     9
100
AcDbLine
 10
40594.11538973349
 20
-16694.23027641105
 30
0.0
 11
40977.44871047566
 21
-16694.23027641105
 31
0.0
  0
LINE
  5
C62
330
C5E
100
AcDbEntity
  8
SH-尺寸标注
  6
Continuous
 62
   252
370
     9
100
AcDbLine
 10
40594.11538973349
 20
-13094.74423197453
 30
0.0
 11
40977.44871047566
 21
-13094.74423197453
 31
0.0
  0
LINE
  5
C63
330
C5E
100
AcDbEntity
  8
SH-尺寸标注
  6
Continuous
 62
   252
370
     9
100
AcDbLine
 10
40929.82966272832
 20
-16741.84932415839
 30
0.0
 11
40929.82966272832
 21
-13047.1251842272
 31
0.0
  0
INSERT
  5
C64
330
C5E
100
AcDbEntity
  8
SH-尺寸标注
 62
   252
370
     9
100
AcDbBlockReference
  2
_ArchTick
 10
40929.82966272832
 20
-16694.23027641105
 30
0.0
 41
35.71428581050463
 42
35.71428581050463
 43
35.71428581050463
 50
270.0
  0
INSERT
  5
C65
330
C5E
100
AcDbEntity
  8
SH-尺寸标注
 62
   252
370
     9
100
AcDbBlockReference
  2
_ArchTick
 10
40929.82966272832
 20
-13094.74423197453
 30
0.0
 41
35.71428581050463
 42
35.71428581050463
 43
35.71428581050463
 50
90.0
  0
MTEXT
  5
C66
330
C5E
100
AcDbEntity
  8
SH-尺寸标注
 62
   134
100
AcDbMText
 10
40814.55407679081
 20
-14894.48725419279
 30
0.0
 40
142.8571432420185
 41
0.0
 46
0.0
 71
     5
 72
     1
  1
\A1;3599
 11
0.0
 21
1.0
 31
0.0
 73
     1
 44
1.0
  0
POINT
  5
C67
330
C5E
100
AcDbEntity
  8
Defpoints
 62
     0
100
AcDbPoint
 10
40594.11538973349
 20
-16694.23027641105
 30
0.0
  0
POINT
  5
C68
330
C5E
100
AcDbEntity
  8
Defpoints
 62
     0
100
AcDbPoint
 10
40594.11538973349
 20
-13094.74423197453
 30
0.0
  0
POINT
  5
C69
330
C5E
100
AcDbEntity
  8
Defpoints
 62
     0
100
AcDbPoint
 10
40929.82966272832
 20
-13094.74423197453
 30
0.0
  0
ENDBLK
  5
C60
330
C5E
100
AcDbEntity
  8
0
100
AcDbBlockEnd
  0
BLOCK
  5
C6B
330
C6A
100
AcDbEntity
  8
0
100
AcDbBlockBegin
  2
*D185
 70
     1
 10
0.0
 20
0.0
 30
0.0
  3
*D185
  1

  0
LINE
  5
C6D
330
C6A
100
AcDbEntity
  8
SH-尺寸标注
  6
Continuous
 62
   252
370
     9
100
AcDbLine
 10
40594.11538973349
 20
-17634.5485914111
 30
0.0
 11
40977.44871047566
 21
-17634.5485914111
 31
0.0
  0
LINE
  5
C6E
330
C6A
100
AcDbEntity
  8
SH-尺寸标注
  6
Continuous
 62
   252
370
     9
100
AcDbLine
 10
40594.11538973349
 20
-16694.23027641105
 30
0.0
 11
40977.44871047566
 21
-16694.23027641105
 31
0.0
  0
LINE
  5
C6F
330
C6A
100
AcDbEntity
  8
SH-尺寸标注
  6
Continuous
 62
   252
370
     9
100
AcDbLine
 10
40929.82966272832
 20
-17682.16763915844
 30
0.0
 11
40929.82966272832
 21
-16646.61122866371
 31
0.0
  0
INSERT
  5
C70
330
C6A
100
AcDbEntity
  8
SH-尺寸标注
 62
   252
370
     9
100
AcDbBlockReference
  2
_ArchTick
 10
40929.82966272832
 20
-17634.5485914111
 30
0.0
 41
35.71428581050463
 42
35.71428581050463
 43
35.71428581050463
 50
270.0
  0
INSERT
  5
C71
330
C6A
100
AcDbEntity
  8
SH-尺寸标注
 62
   252
370
     9
100
AcDbBlockReference
  2
_ArchTick
 10
40929.82966272832
 20
-16694.23027641105
 30
0.0
 41
35.71428581050463
 42
35.71428581050463
 43
35.71428581050463
 50
90.0
  0
MTEXT
  5
C72
330
C6A
100
AcDbEntity
  8
SH-尺寸标注
 62
   134
100
AcDbMText
 10
40814.55407679081
 20
-17164.38943391108
 30
0.0
 40
142.8571432420185
 41
0.0
 46
0.0
 71
     5
 72
     1
  1
\A1;940
 11
0.0
 21
1.0
 31
0.0
 73
     1
 44
1.0
  0
POINT
  5
C73
330
C6A
100
AcDbEntity
  8
Defpoints
 62
     0
100
AcDbPoint
 10
40594.11538973349
 20
-17634.5485914111
 30
0.0
  0
POINT
  5
C74
330
C6A
100
AcDbEntity
  8
Defpoints
 62
     0
100
AcDbPoint
 10
40594.11538973349
 20
-16694.23027641105
 30
0.0
  0
POINT
  5
C75
330
C6A
100
AcDbEntity
  8
Defpoints
 62
     0
100
AcDbPoint
 10
40929.82966272832
 20
-16694.23027641105
 30
0.0
  0
ENDBLK
  5
C6C
330
C6A
100
AcDbEntity
  8
0
100
AcDbBlockEnd
  0
BLOCK
  5
C77
330
C76
100
AcDbEntity
  8
0
100
AcDbBlockBegin
  2
*D186
 70
     1
 10
0.0
 20
0.0
 30
0.0
  3
*D186
  1

  0
LINE
  5
C79
330
C76
100
AcDbEntity
  8
SH-尺寸标注
  6
Continuous
 62
   252
370
     9
100
AcDbLine
 10
37624.69355067391
 20
-7959.217109337803
 30
0.0
 11
37624.69355067391
 21
-7575.883788595639
 31
0.0
  0
LINE
  5
C7A
330
C76
100
AcDbEntity
  8
SH-尺寸标注
  6
Continuous
 62
   252
370
     9
100
AcDbLine
 10
39944.07411044876
 20
-7959.217109337803
 30
0.0
 11
39944.07411044876
 21
-7575.883788595639
 31
0.0
  0
LINE
  5
C7B
330
C76
100
AcDbEntity
  8
SH-尺寸标注
  6
Continuous
 62
   252
370
     9
100
AcDbLine
 10
37577.07450292657
 20
-7623.502836342978
 30
0.0
 11
39991.69315819611
 21
-7623.502836342978
 31
0.0
  0
INSERT
  5
C7C
330
C76
100
AcDbEntity
  8
SH-尺寸标注
 62
   252
370
     9
100
AcDbBlockReference
  2
_ArchTick
 10
37624.69355067391
 20
-7623.502836342978
 30
0.0
 41
35.71428581050463
 42
35.71428581050463
 43
35.71428581050463
 50
180.0
  0
INSERT
  5
C7D
330
C76
100
AcDbEntity
  8
SH-尺寸标注
 62
   252
370
     9
100
AcDbBlockReference
  2
_ArchTick
 10
39944.07411044876
 20
-7623.502836342978
 30
0.0
 41
35.71428581050463
 42
35.71428581050463
 43
35.71428581050463
  0
MTEXT
  5
C7E
330
C76
100
AcDbEntity
  8
SH-尺寸标注
 62
   134
100
AcDbMText
 10
38784.38383056134
 20
-7508.227250405478
 30
0.0
 40
142.8571432420185
 41
0.0
 46
0.0
 71
     5
 72
     1
  1
\A1;2319
 73
     1
 44
1.0
  0
POINT
  5
C7F
330
C76
100
AcDbEntity
  8
Defpoints
 62
     0
100
AcDbPoint
 10
37624.69355067391
 20
-7959.217109337803
 30
0.0
  0
POINT
  5
C80
330
C76
100
AcDbEntity
  8
Defpoints
 62
     0
100
AcDbPoint
 10
39944.07411044876
 20
-7959.217109337803
 30
0.0
  0
POINT
  5
C81
330
C76
100
AcDbEntity
  8
Defpoints
 62
     0
100
AcDbPoint
 10
39944.07411044876
 20
-7623.502836342978
 30
0.0
  0
ENDBLK
  5
C78
330
C76
100
AcDbEntity
  8
0
100
AcDbBlockEnd
  0
BLOCK
  5
C83
330
C82
100
AcDbEntity
  8
0
100
AcDbBlockBegin
  2
*D187
 70
     1
 10
0.0
 20
0.0
 30
0.0
  3
*D187
  1

  0
LINE
  5
C85
330
C82
100
AcDbEntity
  8
SH-尺寸标注
  6
Continuous
 62
   252
370
     9
100
AcDbLine
 10
36812.15853560713
 20
-7959.217109337803
 30
0.0
 11
36812.15853560713
 21
-7575.883788595639
 31
0.0
  0
LINE
  5
C86
330
C82
100
AcDbEntity
  8
SH-尺寸标注
  6
Continuous
 62
   252
370
     9
100
AcDbLine
 10
37384.69355067391
 20
-7959.217109337803
 30
0.0
 11
37384.69355067391
 21
-7575.883788595639
 31
0.0
  0
LINE
  5
C87
330
C82
100
AcDbEntity
  8
SH-尺寸标注
  6
Continuous
 62
   252
370
     9
100
AcDbLine
 10
36764.53948785979
 20
-7623.502836342978
 30
0.0
 11
37432.31259842126
 21
-7623.502836342978
 31
0.0
  0
INSERT
  5
C88
330
C82
100
AcDbEntity
  8
SH-尺寸标注
 62
   252
370
     9
100
AcDbBlockReference
  2
_ArchTick
 10
36812.15853560713
 20
-7623.502836342978
 30
0.0
 41
35.71428581050463
 42
35.71428581050463
 43
35.71428581050463
 50
180.0
  0
INSERT
  5
C89
330
C82
100
AcDbEntity
  8
SH-尺寸标注
 62
   252
370
     9
100
AcDbBlockReference
  2
_ArchTick
 10
37384.69355067391
 20
-7623.502836342978
 30
0.0
 41
35.71428581050463
 42
35.71428581050463
 43
35.71428581050463
  0
MTEXT
  5
C8A
330
C82
100
AcDbEntity
  8
SH-尺寸标注
 62
   134
100
AcDbMText
 10
37098.42604314052
 20
-7508.227250405478
 30
0.0
 40
142.8571432420185
 41
0.0
 46
0.0
 71
     5
 72
     1
  1
\A1;573
 73
     1
 44
1.0
  0
POINT
  5
C8B
330
C82
100
AcDbEntity
  8
Defpoints
 62
     0
100
AcDbPoint
 10
36812.15853560713
 20
-7959.217109337803
 30
0.0
  0
POINT
  5
C8C
330
C82
100
AcDbEntity
  8
Defpoints
 62
     0
100
AcDbPoint
 10
37384.69355067391
 20
-7959.217109337803
 30
0.0
  0
POINT
  5
C8D
330
C82
100
AcDbEntity
  8
Defpoints
 62
     0
100
AcDbPoint
 10
37384.69355067391
 20
-7623.502836342978
 30
0.0
  0
ENDBLK
  5
C84
330
C82
100
AcDbEntity
  8
0
100
AcDbBlockEnd
  0
BLOCK
  5
C8F
330
C8E
100
AcDbEntity
  8
0
100
AcDbBlockBegin
  2
*D188
 70
     1
 10
0.0
 20
0.0
 30
0.0
  3
*D188
  1

  0
LINE
  5
C91
330
C8E
100
AcDbEntity
  8
SH-尺寸标注
  6
Continuous
 62
   252
370
     9
100
AcDbLine
 10
35470.59187846807
 20
-7959.217109337803
 30
0.0
 11
35470.59187846807
 21
-7575.883788595639
 31
0.0
  0
LINE
  5
C92
330
C8E
100
AcDbEntity
  8
SH-尺寸标注
  6
Continuous
 62
   252
370
     9
100
AcDbLine
 10
36812.15853560713
 20
-7959.217109337803
 30
0.0
 11
36812.15853560713
 21
-7575.883788595639
 31
0.0
  0
LINE
  5
C93
330
C8E
100
AcDbEntity
  8
SH-尺寸标注
  6
Continuous
 62
   252
370
     9
100
AcDbLine
 10
35422.97283072073
 20
-7623.502836342978
 30
0.0
 11
36859.77758335448
 21
-7623.502836342978
 31
0.0
  0
INSERT
  5
C94
330
C8E
100
AcDbEntity
  8
SH-尺寸标注
 62
   252
370
     9
100
AcDbBlockReference
  2
_ArchTick
 10
35470.59187846807
 20
-7623.502836342978
 30
0.0
 41
35.71428581050463
 42
35.71428581050463
 43
35.71428581050463
 50
180.0
  0
INSERT
  5
C95
330
C8E
100
AcDbEntity
  8
SH-尺寸标注
 62
   252
370
     9
100
AcDbBlockReference
  2
_ArchTick
 10
36812.15853560713
 20
-7623.502836342978
 30
0.0
 41
35.71428581050463
 42
35.71428581050463
 43
35.71428581050463
  0
MTEXT
  5
C96
330
C8E
100
AcDbEntity
  8
SH-尺寸标注
 62
   134
100
AcDbMText
 10
36141.3752070376
 20
-7508.227250405478
 30
0.0
 40
142.8571432420185
 41
0.0
 46
0.0
 71
     5
 72
     1
  1
\A1;1342
 73
     1
 44
1.0
  0
POINT
  5
C97
330
C8E
100
AcDbEntity
  8
Defpoints
 62
     0
100
AcDbPoint
 10
35470.59187846807
 20
-7959.217109337803
 30
0.0
  0
POINT
  5
C98
330
C8E
100
AcDbEntity
  8
Defpoints
 62
     0
100
AcDbPoint
 10
36812.15853560713
 20
-7959.217109337803
 30
0.0
  0
POINT
  5
C99
330
C8E
100
AcDbEntity
  8
Defpoints
 62
     0
100
AcDbPoint
 10
36812.15853560713
 20
-7623.502836342978
 30
0.0
  0
ENDBLK
  5
C90
330
C8E
100
AcDbEntity
  8
0
100
AcDbBlockEnd
  0
BLOCK
  5
C9B
330
C9A
100
AcDbEntity
  8
0
100
AcDbBlockBegin
  2
*D189
 70
     1
 10
0.0
 20
0.0
 30
0.0
  3
*D189
  1

  0
LINE
  5
C9D
330
C9A
100
AcDbEntity
  8
SH-尺寸标注
  6
Continuous
 62
   252
370
     9
100
AcDbLine
 10
35147.496664783
 20
-7959.217109337803
 30
0.0
 11
35147.496664783
 21
-7575.883788595639
 31
0.0
  0
LINE
  5
C9E
330
C9A
100
AcDbEntity
  8
SH-尺寸标注
  6
Continuous
 62
   252
370
     9
100
AcDbLine
 10
35470.59187846807
 20
-7959.217109337803
 30
0.0
 11
35470.59187846807
 21
-7575.883788595639
 31
0.0
  0
LINE
  5
C9F
330
C9A
100
AcDbEntity
  8
SH-尺寸标注
  6
Continuous
 62
   252
370
     9
100
AcDbLine
 10
35099.87761703565
 20
-7623.502836342978
 30
0.0
 11
35518.21092621541
 21
-7623.502836342978
 31
0.0
  0
INSERT
  5
CA0
330
C9A
100
AcDbEntity
  8
SH-尺寸标注
 62
   252
370
     9
100
AcDbBlockReference
  2
_ArchTick
 10
35147.496664783
 20
-7623.502836342978
 30
0.0
 41
35.71428581050463
 42
35.71428581050463
 43
35.71428581050463
 50
180.0
  0
INSERT
  5
CA1
330
C9A
100
AcDbEntity
  8
SH-尺寸标注
 62
   252
370
     9
100
AcDbBlockReference
  2
_ArchTick
 10
35470.59187846807
 20
-7623.502836342978
 30
0.0
 41
35.71428581050463
 42
35.71428581050463
 43
35.71428581050463
  0
MTEXT
  5
CA2
330
C9A
100
AcDbEntity
  8
SH-尺寸标注
 62
   134
100
AcDbMText
 10
35309.04427162554
 20
-7508.227250405478
 30
0.0
 40
142.8571432420185
 41
0.0
 46
0.0
 71
     5
 72
     1
  1
\A1;323
 73
     1
 44
1.0
  0
POINT
  5
CA3
330
C9A
100
AcDbEntity
  8
Defpoints
 62
     0
100
AcDbPoint
 10
35147.496664783
 20
-7959.217109337803
 30
0.0
  0
POINT
  5
CA4
330
C9A
100
AcDbEntity
  8
Defpoints
 62
     0
100
AcDbPoint
 10
35470.59187846807
 20
-7959.217109337803
 30
0.0
  0
POINT
  5
CA5
330
C9A
100
AcDbEntity
  8
Defpoints
 62
     0
100
AcDbPoint
 10
35470.59187846807
 20
-7623.502836342978
 30
0.0
  0
ENDBLK
  5
C9C
330
C9A
100
AcDbEntity
  8
0
100
AcDbBlockEnd
  0
BLOCK
  5
CA7
330
CA6
100
AcDbEntity
  8
0
100
AcDbBlockBegin
  2
*D190
 70
     1
 10
0.0
 20
0.0
 30
0.0
  3
*D190
  1

  0
LINE
  5
CA9
330
CA6
100
AcDbEntity
  8
SH-尺寸标注
  6
Continuous
 62
   252
370
     9
100
AcDbLine
 10
34277.13547221339
 20
-7959.217109337803
 30
0.0
 11
34277.13547221339
 21
-7575.883788595639
 31
0.0
  0
LINE
  5
CAA
330
CA6
100
AcDbEntity
  8
SH-尺寸标注
  6
Continuous
 62
   252
370
     9
100
AcDbLine
 10
35147.496664783
 20
-7959.217109337803
 30
0.0
 11
35147.496664783
 21
-7575.883788595639
 31
0.0
  0
LINE
  5
CAB
330
CA6
100
AcDbEntity
  8
SH-尺寸标注
  6
Continuous
 62
   252
370
     9
100
AcDbLine
 10
34229.51642446604
 20
-7623.502836342978
 30
0.0
 11
35195.11571253034
 21
-7623.502836342978
 31
0.0
  0
INSERT
  5
CAC
330
CA6
100
AcDbEntity
  8
SH-尺寸标注
 62
   252
370
     9
100
AcDbBlockReference
  2
_ArchTick
 10
34277.13547221339
 20
-7623.502836342978
 30
0.0
 41
35.71428581050463
 42
35.71428581050463
 43
35.71428581050463
 50
180.0
  0
INSERT
  5
CAD
330
CA6
100
AcDbEntity
  8
SH-尺寸标注
 62
   252
370
     9
100
AcDbBlockReference
  2
_ArchTick
 10
35147.496664783
 20
-7623.502836342978
 30
0.0
 41
35.71428581050463
 42
35.71428581050463
 43
35.71428581050463
  0
MTEXT
  5
CAE
330
CA6
100
AcDbEntity
  8
SH-尺寸标注
 62
   134
100
AcDbMText
 10
34712.31606849819
 20
-7508.227250405478
 30
0.0
 40
142.8571432420185
 41
0.0
 46
0.0
 71
     5
 72
     1
  1
\A1;870
 73
     1
 44
1.0
  0
POINT
  5
CAF
330
CA6
100
AcDbEntity
  8
Defpoints
 62
     0
100
AcDbPoint
 10
34277.13547221339
 20
-7959.217109337803
 30
0.0
  0
POINT
  5
CB0
330
CA6
100
AcDbEntity
  8
Defpoints
 62
     0
100
AcDbPoint
 10
35147.496664783
 20
-7959.217109337803
 30
0.0
  0
POINT
  5
CB1
330
CA6
100
AcDbEntity
  8
Defpoints
 62
     0
100
AcDbPoint
 10
35147.496664783
 20
-7623.502836342978
 30
0.0
  0
ENDBLK
  5
CA8
330
CA6
100
AcDbEntity
  8
0
100
AcDbBlockEnd
  0
BLOCK
  5
CB3
330
CB2
100
AcDbEntity
  8
0
100
AcDbBlockBegin
  2
*D191
 70
     1
 10
0.0
 20
0.0
 30
0.0
  3
*D191
  1

  0
LINE
  5
CB5
330
CB2
100
AcDbEntity
  8
SH-尺寸标注
  6
Continuous
 62
   252
370
     9
100
AcDbLine
 10
33038.63486186182
 20
-7959.217109337803
 30
0.0
 11
33038.63486186182
 21
-7575.883788595639
 31
0.0
  0
LINE
  5
CB6
330
CB2
100
AcDbEntity
  8
SH-尺寸标注
  6
Continuous
 62
   252
370
     9
100
AcDbLine
 10
34277.13547221339
 20
-7959.217109337803
 30
0.0
 11
34277.13547221339
 21
-7575.883788595639
 31
0.0
  0
LINE
  5
CB7
330
CB2
100
AcDbEntity
  8
SH-尺寸标注
  6
Continuous
 62
   252
370
     9
100
AcDbLine
 10
32991.01581411448
 20
-7623.502836342978
 30
0.0
 11
34324.75451996073
 21
-7623.502836342978
 31
0.0
  0
INSERT
  5
CB8
330
CB2
100
AcDbEntity
  8
SH-尺寸标注
 62
   252
370
     9
100
AcDbBlockReference
  2
_ArchTick
 10
33038.63486186182
 20
-7623.502836342978
 30
0.0
 41
35.71428581050463
 42
35.71428581050463
 43
35.71428581050463
 50
180.0
  0
INSERT
  5
CB9
330
CB2
100
AcDbEntity
  8
SH-尺寸标注
 62
   252
370
     9
100
AcDbBlockReference
  2
_ArchTick
 10
34277.13547221339
 20
-7623.502836342978
 30
0.0
 41
35.71428581050463
 42
35.71428581050463
 43
35.71428581050463
  0
MTEXT
  5
CBA
330
CB2
100
AcDbEntity
  8
SH-尺寸标注
 62
   134
100
AcDbMText
 10
33657.88516703761
 20
-7508.227250405478
 30
0.0
 40
142.8571432420185
 41
0.0
 46
0.0
 71
     5
 72
     1
  1
\A1;1239
 73
     1
 44
1.0
  0
POINT
  5
CBB
330
CB2
100
AcDbEntity
  8
Defpoints
 62
     0
100
AcDbPoint
 10
33038.63486186182
 20
-7959.217109337803
 30
0.0
  0
POINT
  5
CBC
330
CB2
100
AcDbEntity
  8
Defpoints
 62
     0
100
AcDbPoint
 10
34277.13547221339
 20
-7959.217109337803
 30
0.0
  0
POINT
  5
CBD
330
CB2
100
AcDbEntity
  8
Defpoints
 62
     0
100
AcDbPoint
 10
34277.13547221339
 20
-7623.502836342978
 30
0.0
  0
ENDBLK
  5
CB4
330
CB2
100
AcDbEntity
  8
0
100
AcDbBlockEnd
  0
BLOCK
  5
CBF
330
CBE
100
AcDbEntity
  8
0
100
AcDbBlockBegin
  2
*D192
 70
     1
 10
0.0
 20
0.0
 30
0.0
  3
*D192
  1

  0
LINE
  5
CC1
330
CBE
100
AcDbEntity
  8
SH-尺寸标注
  6
Continuous
 62
   252
370
     9
100
AcDbLine
 10
32273.33471296535
 20
-7959.217109337803
 30
0.0
 11
32273.33471296535
 21
-7575.883788595639
 31
0.0
  0
LINE
  5
CC2
330
CBE
100
AcDbEntity
  8
SH-尺寸标注
  6
Continuous
 62
   252
370
     9
100
AcDbLine
 10
33038.63486186182
 20
-7959.217109337803
 30
0.0
 11
33038.63486186182
 21
-7575.883788595639
 31
0.0
  0
LINE
  5
CC3
330
CBE
100
AcDbEntity
  8
SH-尺寸标注
  6
Continuous
 62
   252
370
     9
100
AcDbLine
 10
32225.71566521801
 20
-7623.502836342978
 30
0.0
 11
33086.25390960917
 21
-7623.502836342978
 31
0.0
  0
INSERT
  5
CC4
330
CBE
100
AcDbEntity
  8
SH-尺寸标注
 62
   252
370
     9
100
AcDbBlockReference
  2
_ArchTick
 10
32273.33471296535
 20
-7623.502836342978
 30
0.0
 41
35.71428581050463
 42
35.71428581050463
 43
35.71428581050463
 50
180.0
  0
INSERT
  5
CC5
330
CBE
100
AcDbEntity
  8
SH-尺寸标注
 62
   252
370
     9
100
AcDbBlockReference
  2
_ArchTick
 10
33038.63486186182
 20
-7623.502836342978
 30
0.0
 41
35.71428581050463
 42
35.71428581050463
 43
35.71428581050463
  0
MTEXT
  5
CC6
330
CBE
100
AcDbEntity
  8
SH-尺寸标注
 62
   134
100
AcDbMText
 10
32655.98478741359
 20
-7508.227250405478
 30
0.0
 40
142.8571432420185
 41
0.0
 46
0.0
 71
     5
 72
     1
  1
\A1;765
 73
     1
 44
1.0
  0
POINT
  5
CC7
330
CBE
100
AcDbEntity
  8
Defpoints
 62
     0
100
AcDbPoint
 10
32273.33471296535
 20
-7959.217109337803
 30
0.0
  0
POINT
  5
CC8
330
CBE
100
AcDbEntity
  8
Defpoints
 62
     0
100
AcDbPoint
 10
33038.63486186182
 20
-7959.217109337803
 30
0.0
  0
POINT
  5
CC9
330
CBE
100
AcDbEntity
  8
Defpoints
 62
     0
100
AcDbPoint
 10
33038.63486186182
 20
-7623.502836342978
 30
0.0
  0
ENDBLK
  5
CC0
330
CBE
100
AcDbEntity
  8
0
100
AcDbBlockEnd
  0
BLOCK
  5
CCB
330
CCA
100
AcDbEntity
  8
0
100
AcDbBlockBegin
  2
*D193
 70
     1
 10
0.0
 20
0.0
 30
0.0
  3
*D193
  1

  0
LINE
  5
CCD
330
CCA
100
AcDbEntity
  8
SH-尺寸标注
  6
Continuous
 62
   252
370
     9
100
AcDbLine
 10
31867.6329747296
 20
-7959.217109337803
 30
0.0
 11
31867.6329747296
 21
-7575.883788595639
 31
0.0
  0
LINE
  5
CCE
330
CCA
100
AcDbEntity
  8
SH-尺寸标注
  6
Continuous
 62
   252
370
     9
100
AcDbLine
 10
32033.33471296535
 20
-7959.217109337803
 30
0.0
 11
32033.33471296535
 21
-7575.883788595639
 31
0.0
  0
LINE
  5
CCF
330
CCA
100
AcDbEntity
  8
SH-尺寸标注
  6
Continuous
 62
   252
370
     9
100
AcDbLine
 10
31820.01392698226
 20
-7623.502836342978
 30
0.0
 11
32080.95376071269
 21
-7623.502836342978
 31
0.0
  0
INSERT
  5
CD0
330
CCA
100
AcDbEntity
  8
SH-尺寸标注
 62
   252
370
     9
100
AcDbBlockReference
  2
_ArchTick
 10
31867.6329747296
 20
-7623.502836342978
 30
0.0
 41
35.71428581050463
 42
35.71428581050463
 43
35.71428581050463
 50
180.0
  0
INSERT
  5
CD1
330
CCA
100
AcDbEntity
  8
SH-尺寸标注
 62
   252
370
     9
100
AcDbBlockReference
  2
_ArchTick
 10
32033.33471296535
 20
-7623.502836342978
 30
0.0
 41
35.71428581050463
 42
35.71428581050463
 43
35.71428581050463
  0
MTEXT
  5
CD2
330
CCA
100
AcDbEntity
  8
SH-尺寸标注
 62
   134
100
AcDbMText
 10
31950.48384384748
 20
-7508.227250405478
 30
0.0
 40
142.8571432420185
 41
0.0
 46
0.0
 71
     5
 72
     1
  1
\A1;166
 73
     1
 44
1.0
  0
POINT
  5
CD3
330
CCA
100
AcDbEntity
  8
Defpoints
 62
     0
100
AcDbPoint
 10
31867.6329747296
 20
-7959.217109337803
 30
0.0
  0
POINT
  5
CD4
330
CCA
100
AcDbEntity
  8
Defpoints
 62
     0
100
AcDbPoint
 10
32033.33471296535
 20
-7959.217109337803
 30
0.0
  0
POINT
  5
CD5
330
CCA
100
AcDbEntity
  8
Defpoints
 62
     0
100
AcDbPoint
 10
32033.33471296535
 20
-7623.502836342978
 30
0.0
  0
ENDBLK
  5
CCC
330
CCA
100
AcDbEntity
  8
0
100
AcDbBlockEnd
  0
BLOCK
  5
CD7
330
CD6
100
AcDbEntity
  8
0
100
AcDbBlockBegin
  2
*D194
 70
     1
 10
0.0
 20
0.0
 30
0.0
  3
*D194
  1

  0
LINE
  5
CD9
330
CD6
100
AcDbEntity
  8
SH-尺寸标注
  6
Continuous
 62
   252
370
     9
100
AcDbLine
 10
31163.61086802402
 20
-7959.217109337803
 30
0.0
 11
31163.61086802402
 21
-7575.883788595639
 31
0.0
  0
LINE
  5
CDA
330
CD6
100
AcDbEntity
  8
SH-尺寸标注
  6
Continuous
 62
   252
370
     9
100
AcDbLine
 10
31867.6329747296
 20
-7959.217109337803
 30
0.0
 11
31867.6329747296
 21
-7575.883788595639
 31
0.0
  0
LINE
  5
CDB
330
CD6
100
AcDbEntity
  8
SH-尺寸标注
  6
Continuous
 62
   252
370
     9
100
AcDbLine
 10
31115.99182027668
 20
-7623.502836342978
 30
0.0
 11
31915.25202247694
 21
-7623.502836342978
 31
0.0
  0
INSERT
  5
CDC
330
CD6
100
AcDbEntity
  8
SH-尺寸标注
 62
   252
370
     9
100
AcDbBlockReference
  2
_ArchTick
 10
31163.61086802402
 20
-7623.502836342978
 30
0.0
 41
35.71428581050463
 42
35.71428581050463
 43
35.71428581050463
 50
180.0
  0
INSERT
  5
CDD
330
CD6
100
AcDbEntity
  8
SH-尺寸标注
 62
   252
370
     9
100
AcDbBlockReference
  2
_ArchTick
 10
31867.6329747296
 20
-7623.502836342978
 30
0.0
 41
35.71428581050463
 42
35.71428581050463
 43
35.71428581050463
  0
MTEXT
  5
CDE
330
CD6
100
AcDbEntity
  8
SH-尺寸标注
 62
   134
100
AcDbMText
 10
31515.62192137681
 20
-7508.227250405478
 30
0.0
 40
142.8571432420185
 41
0.0
 46
0.0
 71
     5
 72
     1
  1
\A1;704
 73
     1
 44
1.0
  0
POINT
  5
CDF
330
CD6
100
AcDbEntity
  8
Defpoints
 62
     0
100
AcDbPoint
 10
31163.61086802402
 20
-7959.217109337803
 30
0.0
  0
POINT
  5
CE0
330
CD6
100
AcDbEntity
  8
Defpoints
 62
     0
100
AcDbPoint
 10
31867.6329747296
 20
-7959.217109337803
 30
0.0
  0
POINT
  5
CE1
330
CD6
100
AcDbEntity
  8
Defpoints
 62
     0
100
AcDbPoint
 10
31867.6329747296
 20
-7623.502836342978
 30
0.0
  0
ENDBLK
  5
CD8
330
CD6
100
AcDbEntity
  8
0
100
AcDbBlockEnd
  0
BLOCK
  5
CE3
330
CE2
100
AcDbEntity
  8
0
100
AcDbBlockBegin
  2
*D195
 70
     1
 10
0.0
 20
0.0
 30
0.0
  3
*D195
  1

  0
LINE
  5
CE5
330
CE2
100
AcDbEntity
  8
SH-尺寸标注
  6
Continuous
 62
   252
370
     9
100
AcDbLine
 10
30870.38797452104
 20
-7959.217109337803
 30
0.0
 11
30870.38797452104
 21
-7575.883788595639
 31
0.0
  0
LINE
  5
CE6
330
CE2
100
AcDbEntity
  8
SH-尺寸标注
  6
Continuous
 62
   252
370
     9
100
AcDbLine
 10
31163.61086802402
 20
-7959.217109337803
 30
0.0
 11
31163.61086802402
 21
-7575.883788595639
 31
0.0
  0
LINE
  5
CE7
330
CE2
100
AcDbEntity
  8
SH-尺寸标注
  6
Continuous
 62
   252
370
     9
100
AcDbLine
 10
30822.7689267737
 20
-7623.502836342978
 30
0.0
 11
31211.22991577136
 21
-7623.502836342978
 31
0.0
  0
INSERT
  5
CE8
330
CE2
100
AcDbEntity
  8
SH-尺寸标注
 62
   252
370
     9
100
AcDbBlockReference
  2
_ArchTick
 10
30870.38797452104
 20
-7623.502836342978
 30
0.0
 41
35.71428581050463
 42
35.71428581050463
 43
35.71428581050463
 50
180.0
  0
INSERT
  5
CE9
330
CE2
100
AcDbEntity
  8
SH-尺寸标注
 62
   252
370
     9
100
AcDbBlockReference
  2
_ArchTick
 10
31163.61086802402
 20
-7623.502836342978
 30
0.0
 41
35.71428581050463
 42
35.71428581050463
 43
35.71428581050463
  0
MTEXT
  5
CEA
330
CE2
100
AcDbEntity
  8
SH-尺寸标注
 62
   134
100
AcDbMText
 10
31016.99942127253
 20
-7508.227250405478
 30
0.0
 40
142.8571432420185
 41
0.0
 46
0.0
 71
     5
 72
     1
  1
\A1;293
 73
     1
 44
1.0
  0
POINT
  5
CEB
330
CE2
100
AcDbEntity
  8
Defpoints
 62
     0
100
AcDbPoint
 10
30870.38797452104
 20
-7959.217109337803
 30
0.0
  0
POINT
  5
CEC
330
CE2
100
AcDbEntity
  8
Defpoints
 62
     0
100
AcDbPoint
 10
31163.61086802402
 20
-7959.217109337803
 30
0.0
  0
POINT
  5
CED
330
CE2
100
AcDbEntity
  8
Defpoints
 62
     0
100
AcDbPoint
 10
31163.61086802402
 20
-7623.502836342978
 30
0.0
  0
ENDBLK
  5
CE4
330
CE2
100
AcDbEntity
  8
0
100
AcDbBlockEnd
  0
BLOCK
  5
CEF
330
CEE
100
AcDbEntity
  8
0
100
AcDbBlockBegin
  2
*D196
 70
     1
 10
0.0
 20
0.0
 30
0.0
  3
*D196
  1

  0
LINE
  5
CF1
330
CEE
100
AcDbEntity
  8
SH-尺寸标注
  6
Continuous
 62
   252
370
     9
100
AcDbLine
 10
30224.57881221338
 20
-7959.217109337803
 30
0.0
 11
30224.57881221338
 21
-7575.883788595639
 31
0.0
  0
LINE
  5
CF2
330
CEE
100
AcDbEntity
  8
SH-尺寸标注
  6
Continuous
 62
   252
370
     9
100
AcDbLine
 10
30630.38797452104
 20
-7959.217109337803
 30
0.0
 11
30630.38797452104
 21
-7575.883788595639
 31
0.0
  0
LINE
  5
CF3
330
CEE
100
AcDbEntity
  8
SH-尺寸标注
  6
Continuous
 62
   252
370
     9
100
AcDbLine
 10
30176.95976446605
 20
-7623.502836342978
 30
0.0
 11
30678.00702226838
 21
-7623.502836342978
 31
0.0
  0
INSERT
  5
CF4
330
CEE
100
AcDbEntity
  8
SH-尺寸标注
 62
   252
370
     9
100
AcDbBlockReference
  2
_ArchTick
 10
30224.57881221338
 20
-7623.502836342978
 30
0.0
 41
35.71428581050463
 42
35.71428581050463
 43
35.71428581050463
 50
180.0
  0
INSERT
  5
CF5
330
CEE
100
AcDbEntity
  8
SH-尺寸标注
 62
   252
370
     9
100
AcDbBlockReference
  2
_ArchTick
 10
30630.38797452104
 20
-7623.502836342978
 30
0.0
 41
35.71428581050463
 42
35.71428581050463
 43
35.71428581050463
  0
MTEXT
  5
CF6
330
CEE
100
AcDbEntity
  8
SH-尺寸标注
 62
   134
100
AcDbMText
 10
30427.48339336722
 20
-7508.227250405478
 30
0.0
 40
142.8571432420185
 41
0.0
 46
0.0
 71
     5
 72
     1
  1
\A1;406
 73
     1
 44
1.0
  0
POINT
  5
CF7
330
CEE
100
AcDbEntity
  8
Defpoints
 62
     0
100
AcDbPoint
 10
30224.57881221338
 20
-7959.217109337803
 30
0.0
  0
POINT
  5
CF8
330
CEE
100
AcDbEntity
  8
Defpoints
 62
     0
100
AcDbPoint
 10
30630.38797452104
 20
-7959.217109337803
 30
0.0
  0
POINT
  5
CF9
330
CEE
100
AcDbEntity
  8
Defpoints
 62
     0
100
AcDbPoint
 10
30630.38797452104
 20
-7623.502836342978
 30
0.0
  0
ENDBLK
  5
CF0
330
CEE
100
AcDbEntity
  8
0
100
AcDbBlockEnd
  0
BLOCK
  5
CFB
330
CFA
100
AcDbEntity
  8
0
100
AcDbBlockBegin
  2
*D197
 70
     1
 10
0.0
 20
0.0
 30
0.0
  3
*D197
  1

  0
LINE
  5
CFD
330
CFA
100
AcDbEntity
  8
SH-尺寸标注
  6
Continuous
 62
   252
370
     9
100
AcDbLine
 10
28986.07820186182
 20
-7959.217109337803
 30
0.0
 11
28986.07820186182
 21
-7575.883788595639
 31
0.0
  0
LINE
  5
CFE
330
CFA
100
AcDbEntity
  8
SH-尺寸标注
  6
Continuous
 62
   252
370
     9
100
AcDbLine
 10
30224.57881221338
 20
-7959.217109337803
 30
0.0
 11
30224.57881221338
 21
-7575.883788595639
 31
0.0
  0
LINE
  5
CFF
330
CFA
100
AcDbEntity
  8
SH-尺寸标注
  6
Continuous
 62
   252
370
     9
100
AcDbLine
 10
28938.45915411448
 20
-7623.502836342978
 30
0.0
 11
30272.19785996072
 21
-7623.502836342978
 31
0.0
  0
INSERT
  5
D00
330
CFA
100
AcDbEntity
  8
SH-尺寸标注
 62
   252
370
     9
100
AcDbBlockReference
  2
_ArchTick
 10
28986.07820186182
 20
-7623.502836342978
 30
0.0
 41
35.71428581050463
 42
35.71428581050463
 43
35.71428581050463
 50
180.0
  0
INSERT
  5
D01
330
CFA
100
AcDbEntity
  8
SH-尺寸标注
 62
   252
370
     9
100
AcDbBlockReference
  2
_ArchTick
 10
30224.57881221338
 20
-7623.502836342978
 30
0.0
 41
35.71428581050463
 42
35.71428581050463
 43
35.71428581050463
  0
MTEXT
  5
D02
330
CFA
100
AcDbEntity
  8
SH-尺寸标注
 62
   134
100
AcDbMText
 10
29605.3285070376
 20
-7508.227250405478
 30
0.0
 40
142.8571432420185
 41
0.0
 46
0.0
 71
     5
 72
     1
  1
\A1;1239
 73
     1
 44
1.0
  0
POINT
  5
D03
330
CFA
100
AcDbEntity
  8
Defpoints
 62
     0
100
AcDbPoint
 10
28986.07820186182
 20
-7959.217109337803
 30
0.0
  0
POINT
  5
D04
330
CFA
100
AcDbEntity
  8
Defpoints
 62
     0
100
AcDbPoint
 10
30224.57881221338
 20
-7959.217109337803
 30
0.0
  0
POINT
  5
D05
330
CFA
100
AcDbEntity
  8
Defpoints
 62
     0
100
AcDbPoint
 10
30224.57881221338
 20
-7623.502836342978
 30
0.0
  0
ENDBLK
  5
CFC
330
CFA
100
AcDbEntity
  8
0
100
AcDbBlockEnd
  0
BLOCK
  5
D07
330
D06
100
AcDbEntity
  8
0
100
AcDbBlockBegin
  2
*D198
 70
     1
 10
0.0
 20
0.0
 30
0.0
  3
*D198
  1

  0
LINE
  5
D09
330
D06
100
AcDbEntity
  8
SH-尺寸标注
  6
Continuous
 62
   252
370
     9
100
AcDbLine
 10
28270.98286253755
 20
-7959.217109337803
 30
0.0
 11
28270.98286253755
 21
-7575.883788595639
 31
0.0
  0
LINE
  5
D0A
330
D06
100
AcDbEntity
  8
SH-尺寸标注
  6
Continuous
 62
   252
370
     9
100
AcDbLine
 10
28986.07820186182
 20
-7959.217109337803
 30
0.0
 11
28986.07820186182
 21
-7575.883788595639
 31
0.0
  0
LINE
  5
D0B
330
D06
100
AcDbEntity
  8
SH-尺寸标注
  6
Continuous
 62
   252
370
     9
100
AcDbLine
 10
28223.36381479021
 20
-7623.502836342978
 30
0.0
 11
29033.69724960916
 21
-7623.502836342978
 31
0.0
  0
INSERT
  5
D0C
330
D06
100
AcDbEntity
  8
SH-尺寸标注
 62
   252
370
     9
100
AcDbBlockReference
  2
_ArchTick
 10
28270.98286253755
 20
-7623.502836342978
 30
0.0
 41
35.71428581050463
 42
35.71428581050463
 43
35.71428581050463
 50
180.0
  0
INSERT
  5
D0D
330
D06
100
AcDbEntity
  8
SH-尺寸标注
 62
   252
370
     9
100
AcDbBlockReference
  2
_ArchTick
 10
28986.07820186182
 20
-7623.502836342978
 30
0.0
 41
35.71428581050463
 42
35.71428581050463
 43
35.71428581050463
  0
MTEXT
  5
D0E
330
D06
100
AcDbEntity
  8
SH-尺寸标注
 62
   134
100
AcDbMText
 10
28628.53053219969
 20
-7508.227250405478
 30
0.0
 40
142.8571432420185
 41
0.0
 46
0.0
 71
     5
 72
     1
  1
\A1;715
 73
     1
 44
1.0
  0
POINT
  5
D0F
330
D06
100
AcDbEntity
  8
Defpoints
 62
     0
100
AcDbPoint
 10
28270.98286253755
 20
-7959.217109337803
 30
0.0
  0
POINT
  5
D10
330
D06
100
AcDbEntity
  8
Defpoints
 62
     0
100
AcDbPoint
 10
28986.07820186182
 20
-7959.217109337803
 30
0.0
  0
POINT
  5
D11
330
D06
100
AcDbEntity
  8
Defpoints
 62
     0
100
AcDbPoint
 10
28986.07820186182
 20
-7623.502836342978
 30
0.0
  0
ENDBLK
  5
D08
330
D06
100
AcDbEntity
  8
0
100
AcDbBlockEnd
  0
BLOCK
  5
D13
330
D12
100
AcDbEntity
  8
0
100
AcDbBlockBegin
  2
*D199
 70
     1
 10
0.0
 20
0.0
 30
0.0
  3
*D199
  1

  0
LINE
  5
D15
330
D12
100
AcDbEntity
  8
SH-尺寸标注
  6
Continuous
 62
   252
370
     9
100
AcDbLine
 10
27813.67201221339
 20
-7959.217109337803
 30
0.0
 11
27813.67201221339
 21
-7575.883788595639
 31
0.0
  0
LINE
  5
D16
330
D12
100
AcDbEntity
  8
SH-尺寸标注
  6
Continuous
 62
   252
370
     9
100
AcDbLine
 10
28030.98286253755
 20
-7959.217109337803
 30
0.0
 11
28030.98286253755
 21
-7575.883788595639
 31
0.0
  0
LINE
  5
D17
330
D12
100
AcDbEntity
  8
SH-尺寸标注
  6
Continuous
 62
   252
370
     9
100
AcDbLine
 10
27766.05296446605
 20
-7623.502836342978
 30
0.0
 11
28078.60191028489
 21
-7623.502836342978
 31
0.0
  0
INSERT
  5
D18
330
D12
100
AcDbEntity
  8
SH-尺寸标注
 62
   252
370
     9
100
AcDbBlockReference
  2
_ArchTick
 10
27813.67201221339
 20
-7623.502836342978
 30
0.0
 41
35.71428581050463
 42
35.71428581050463
 43
35.71428581050463
 50
180.0
  0
INSERT
  5
D19
330
D12
100
AcDbEntity
  8
SH-尺寸标注
 62
   252
370
     9
100
AcDbBlockReference
  2
_ArchTick
 10
28030.98286253755
 20
-7623.502836342978
 30
0.0
 41
35.71428581050463
 42
35.71428581050463
 43
35.71428581050463
  0
MTEXT
  5
D1A
330
D12
100
AcDbEntity
  8
SH-尺寸标注
 62
   134
100
AcDbMText
 10
27922.32743737547
 20
-7508.227250405478
 30
0.0
 40
142.8571432420185
 41
0.0
 46
0.0
 71
     5
 72
     1
  1
\A1;217
 73
     1
 44
1.0
  0
POINT
  5
D1B
330
D12
100
AcDbEntity
  8
Defpoints
 62
     0
100
AcDbPoint
 10
27813.67201221339
 20
-7959.217109337803
 30
0.0
  0
POINT
  5
D1C
330
D12
100
AcDbEntity
  8
Defpoints
 62
     0
100
AcDbPoint
 10
28030.98286253755
 20
-7959.217109337803
 30
0.0
  0
POINT
  5
D1D
330
D12
100
AcDbEntity
  8
Defpoints
 62
     0
100
AcDbPoint
 10
28030.98286253755
 20
-7623.502836342978
 30
0.0
  0
ENDBLK
  5
D14
330
D12
100
AcDbEntity
  8
0
100
AcDbBlockEnd
  0
BLOCK
  5
D1F
330
D1E
100
AcDbEntity
  8
0
100
AcDbBlockBegin
  2
*D200
 70
     1
 10
0.0
 20
0.0
 30
0.0
  3
*D200
  1

  0
LINE
  5
D21
330
D1E
100
AcDbEntity
  8
SH-尺寸标注
  6
Continuous
 62
   252
370
     9
100
AcDbLine
 10
26575.17140186182
 20
-7959.217109337803
 30
0.0
 11
26575.17140186182
 21
-7575.883788595639
 31
0.0
  0
LINE
  5
D22
330
D1E
100
AcDbEntity
  8
SH-尺寸标注
  6
Continuous
 62
   252
370
     9
100
AcDbLine
 10
27813.67201221339
 20
-7959.217109337803
 30
0.0
 11
27813.67201221339
 21
-7575.883788595639
 31
0.0
  0
LINE
  5
D23
330
D1E
100
AcDbEntity
  8
SH-尺寸标注
  6
Continuous
 62
   252
370
     9
100
AcDbLine
 10
26527.55235411449
 20
-7623.502836342978
 30
0.0
 11
27861.29105996073
 21
-7623.502836342978
 31
0.0
  0
INSERT
  5
D24
330
D1E
100
AcDbEntity
  8
SH-尺寸标注
 62
   252
370
     9
100
AcDbBlockReference
  2
_ArchTick
 10
26575.17140186182
 20
-7623.502836342978
 30
0.0
 41
35.71428581050463
 42
35.71428581050463
 43
35.71428581050463
 50
180.0
  0
INSERT
  5
D25
330
D1E
100
AcDbEntity
  8
SH-尺寸标注
 62
   252
370
     9
100
AcDbBlockReference
  2
_ArchTick
 10
27813.67201221339
 20
-7623.502836342978
 30
0.0
 41
35.71428581050463
 42
35.71428581050463
 43
35.71428581050463
  0
MTEXT
  5
D26
330
D1E
100
AcDbEntity
  8
SH-尺寸标注
 62
   134
100
AcDbMText
 10
27194.42170703761
 20
-7508.227250405478
 30
0.0
 40
142.8571432420185
 41
0.0
 46
0.0
 71
     5
 72
     1
  1
\A1;1239
 73
     1
 44
1.0
  0
POINT
  5
D27
330
D1E
100
AcDbEntity
  8
Defpoints
 62
     0
100
AcDbPoint
 10
26575.17140186182
 20
-7959.217109337803
 30
0.0
  0
POINT
  5
D28
330
D1E
100
AcDbEntity
  8
Defpoints
 62
     0
100
AcDbPoint
 10
27813.67201221339
 20
-7959.217109337803
 30
0.0
  0
POINT
  5
D29
330
D1E
100
AcDbEntity
  8
Defpoints
 62
     0
100
AcDbPoint
 10
27813.67201221339
 20
-7623.502836342978
 30
0.0
  0
ENDBLK
  5
D20
330
D1E
100
AcDbEntity
  8
0
100
AcDbBlockEnd
  0
BLOCK
  5
D2B
330
D2A
100
AcDbEntity
  8
0
100
AcDbBlockBegin
  2
*D201
 70
     1
 10
0.0
 20
0.0
 30
0.0
  3
*D201
  1

  0
LINE
  5
D2D
330
D2A
100
AcDbEntity
  8
SH-尺寸标注
  6
Continuous
 62
   252
370
     9
100
AcDbLine
 10
26351.72407080086
 20
-7959.217109337803
 30
0.0
 11
26351.72407080086
 21
-7575.883788595639
 31
0.0
  0
LINE
  5
D2E
330
D2A
100
AcDbEntity
  8
SH-尺寸标注
  6
Continuous
 62
   252
370
     9
100
AcDbLine
 10
26575.17140186182
 20
-7959.217109337803
 30
0.0
 11
26575.17140186182
 21
-7575.883788595639
 31
0.0
  0
LINE
  5
D2F
330
D2A
100
AcDbEntity
  8
SH-尺寸标注
  6
Continuous
 62
   252
370
     9
100
AcDbLine
 10
26304.10502305352
 20
-7623.502836342978
 30
0.0
 11
26622.79044960916
 21
-7623.502836342978
 31
0.0
  0
INSERT
  5
D30
330
D2A
100
AcDbEntity
  8
SH-尺寸标注
 62
   252
370
     9
100
AcDbBlockReference
  2
_ArchTick
 10
26351.72407080086
 20
-7623.502836342978
 30
0.0
 41
35.71428581050463
 42
35.71428581050463
 43
35.71428581050463
 50
180.0
  0
INSERT
  5
D31
330
D2A
100
AcDbEntity
  8
SH-尺寸标注
 62
   252
370
     9
100
AcDbBlockReference
  2
_ArchTick
 10
26575.17140186182
 20
-7623.502836342978
 30
0.0
 41
35.71428581050463
 42
35.71428581050463
 43
35.71428581050463
  0
MTEXT
  5
D32
330
D2A
100
AcDbEntity
  8
SH-尺寸标注
 62
   134
100
AcDbMText
 10
26463.44773633134
 20
-7738.778422280478
 30
0.0
 40
142.8571432420185
 41
0.0
 46
0.0
 71
     5
 72
     1
  1
\A1;223
 73
     1
 44
1.0
  0
POINT
  5
D33
330
D2A
100
AcDbEntity
  8
Defpoints
 62
     0
100
AcDbPoint
 10
26351.72407080086
 20
-7959.217109337803
 30
0.0
  0
POINT
  5
D34
330
D2A
100
AcDbEntity
  8
Defpoints
 62
     0
100
AcDbPoint
 10
26575.17140186182
 20
-7959.217109337803
 30
0.0
  0
POINT
  5
D35
330
D2A
100
AcDbEntity
  8
Defpoints
 62
     0
100
AcDbPoint
 10
26575.17140186182
 20
-7623.502836342978
 30
0.0
  0
ENDBLK
  5
D2C
330
D2A
100
AcDbEntity
  8
0
100
AcDbBlockEnd
  0
BLOCK
  5
D37
330
D36
100
AcDbEntity
  8
0
100
AcDbBlockBegin
  2
*D202
 70
     1
 10
0.0
 20
0.0
 30
0.0
  3
*D202
  1

  0
LINE
  5
D39
330
D36
100
AcDbEntity
  8
SH-尺寸标注
  6
Continuous
 62
   252
370
     9
100
AcDbLine
 10
26001.68225002473
 20
-7959.217109337803
 30
0.0
 11
26001.68225002473
 21
-7575.883788595639
 31
0.0
  0
LINE
  5
D3A
330
D36
100
AcDbEntity
  8
SH-尺寸标注
  6
Continuous
 62
   252
370
     9
100
AcDbLine
 10
26351.72407080086
 20
-7959.217109337803
 30
0.0
 11
26351.72407080086
 21
-7575.883788595639
 31
0.0
  0
LINE
  5
D3B
330
D36
100
AcDbEntity
  8
SH-尺寸标注
  6
Continuous
 62
   252
370
     9
100
AcDbLine
 10
25954.06320227739
 20
-7623.502836342978
 30
0.0
 11
26399.3431185482
 21
-7623.502836342978
 31
0.0
  0
INSERT
  5
D3C
330
D36
100
AcDbEntity
  8
SH-尺寸标注
 62
   252
370
     9
100
AcDbBlockReference
  2
_ArchTick
 10
26001.68225002473
 20
-7623.502836342978
 30
0.0
 41
35.71428581050463
 42
35.71428581050463
 43
35.71428581050463
 50
180.0
  0
INSERT
  5
D3D
330
D36
100
AcDbEntity
  8
SH-尺寸标注
 62
   252
370
     9
100
AcDbBlockReference
  2
_ArchTick
 10
26351.72407080086
 20
-7623.502836342978
 30
0.0
 41
35.71428581050463
 42
35.71428581050463
 43
35.71428581050463
  0
MTEXT
  5
D3E
330
D36
100
AcDbEntity
  8
SH-尺寸标注
 62
   134
100
AcDbMText
 10
26176.70316041279
 20
-7508.227250405478
 30
0.0
 40
142.8571432420185
 41
0.0
 46
0.0
 71
     5
 72
     1
  1
\A1;350
 73
     1
 44
1.0
  0
POINT
  5
D3F
330
D36
100
AcDbEntity
  8
Defpoints
 62
     0
100
AcDbPoint
 10
26001.68225002473
 20
-7959.217109337803
 30
0.0
  0
POINT
  5
D40
330
D36
100
AcDbEntity
  8
Defpoints
 62
     0
100
AcDbPoint
 10
26351.72407080086
 20
-7959.217109337803
 30
0.0
  0
POINT
  5
D41
330
D36
100
AcDbEntity
  8
Defpoints
 62
     0
100
AcDbPoint
 10
26351.72407080086
 20
-7623.502836342978
 30
0.0
  0
ENDBLK
  5
D38
330
D36
100
AcDbEntity
  8
0
100
AcDbBlockEnd
  0
BLOCK
  5
D43
330
D42
100
AcDbEntity
  8
0
100
AcDbBlockBegin
  2
*D203
 70
     1
 10
0.0
 20
0.0
 30
0.0
  3
*D203
  1

  0
LINE
  5
D45
330
D42
100
AcDbEntity
  8
SH-尺寸标注
  6
Continuous
 62
   252
370
     9
100
AcDbLine
 10
37836.21839775241
 20
-18290.25090050829
 30
0.0
 11
37836.21839775241
 21
-18673.58422125046
 31
0.0
  0
LINE
  5
D46
330
D42
100
AcDbEntity
  8
SH-尺寸标注
  6
Continuous
 62
   252
370
     9
100
AcDbLine
 10
39944.07411044876
 20
-18290.25090050829
 30
0.0
 11
39944.07411044876
 21
-18673.58422125046
 31
0.0
  0
LINE
  5
D47
330
D42
100
AcDbEntity
  8
SH-尺寸标注
  6
Continuous
 62
   252
370
     9
100
AcDbLine
 10
37788.59935000507
 20
-18625.96517350312
 30
0.0
 11
39991.69315819611
 21
-18625.96517350312
 31
0.0
  0
INSERT
  5
D48
330
D42
100
AcDbEntity
  8
SH-尺寸标注
 62
   252
370
     9
100
AcDbBlockReference
  2
_ArchTick
 10
37836.21839775241
 20
-18625.96517350312
 30
0.0
 41
35.71428581050463
 42
35.71428581050463
 43
35.71428581050463
 50
180.0
  0
INSERT
  5
D49
330
D42
100
AcDbEntity
  8
SH-尺寸标注
 62
   252
370
     9
100
AcDbBlockReference
  2
_ArchTick
 10
39944.07411044876
 20
-18625.96517350312
 30
0.0
 41
35.71428581050463
 42
35.71428581050463
 43
35.71428581050463
  0
MTEXT
  5
D4A
330
D42
100
AcDbEntity
  8
SH-尺寸标注
 62
   134
100
AcDbMText
 10
38890.14625410059
 20
-18510.68958756562
 30
0.0
 40
142.8571432420185
 41
0.0
 46
0.0
 71
     5
 72
     1
  1
\A1;2108
 73
     1
 44
1.0
  0
POINT
  5
D4B
330
D42
100
AcDbEntity
  8
Defpoints
 62
     0
100
AcDbPoint
 10
37836.21839775241
 20
-18290.25090050829
 30
0.0
  0
POINT
  5
D4C
330
D42
100
AcDbEntity
  8
Defpoints
 62
     0
100
AcDbPoint
 10
39944.07411044876
 20
-18290.25090050829
 30
0.0
  0
POINT
  5
D4D
330
D42
100
AcDbEntity
  8
Defpoints
 62
     0
100
AcDbPoint
 10
39944.07411044876
 20
-18625.96517350312
 30
0.0
  0
ENDBLK
  5
D44
330
D42
100
AcDbEntity
  8
0
100
AcDbBlockEnd
  0
BLOCK
  5
D4F
330
D4E
100
AcDbEntity
  8
0
100
AcDbBlockBegin
  2
*D204
 70
     1
 10
0.0
 20
0.0
 30
0.0
  3
*D204
  1

  0
LINE
  5
D51
330
D4E
100
AcDbEntity
  8
SH-尺寸标注
  6
Continuous
 62
   252
370
     9
100
AcDbLine
 10
37624.69355067391
 20
-18290.25090050829
 30
0.0
 11
37624.69355067391
 21
-18673.58422125046
 31
0.0
  0
LINE
  5
D52
330
D4E
100
AcDbEntity
  8
SH-尺寸标注
  6
Continuous
 62
   252
370
     9
100
AcDbLine
 10
37836.21839775241
 20
-18290.25090050829
 30
0.0
 11
37836.21839775241
 21
-18673.58422125046
 31
0.0
  0
LINE
  5
D53
330
D4E
100
AcDbEntity
  8
SH-尺寸标注
  6
Continuous
 62
   252
370
     9
100
AcDbLine
 10
37577.07450292657
 20
-18625.96517350312
 30
0.0
 11
37883.83744549976
 21
-18625.96517350312
 31
0.0
  0
INSERT
  5
D54
330
D4E
100
AcDbEntity
  8
SH-尺寸标注
 62
   252
370
     9
100
AcDbBlockReference
  2
_ArchTick
 10
37624.69355067391
 20
-18625.96517350312
 30
0.0
 41
35.71428581050463
 42
35.71428581050463
 43
35.71428581050463
 50
180.0
  0
INSERT
  5
D55
330
D4E
100
AcDbEntity
  8
SH-尺寸标注
 62
   252
370
     9
100
AcDbBlockReference
  2
_ArchTick
 10
37836.21839775241
 20
-18625.96517350312
 30
0.0
 41
35.71428581050463
 42
35.71428581050463
 43
35.71428581050463
  0
MTEXT
  5
D56
330
D4E
100
AcDbEntity
  8
SH-尺寸标注
 62
   134
100
AcDbMText
 10
37730.45597421316
 20
-18510.68958756562
 30
0.0
 40
142.8571432420185
 41
0.0
 46
0.0
 71
     5
 72
     1
  1
\A1;212
 73
     1
 44
1.0
  0
POINT
  5
D57
330
D4E
100
AcDbEntity
  8
Defpoints
 62
     0
100
AcDbPoint
 10
37624.69355067391
 20
-18290.25090050829
 30
0.0
  0
POINT
  5
D58
330
D4E
100
AcDbEntity
  8
Defpoints
 62
     0
100
AcDbPoint
 10
37836.21839775241
 20
-18290.25090050829
 30
0.0
  0
POINT
  5
D59
330
D4E
100
AcDbEntity
  8
Defpoints
 62
     0
100
AcDbPoint
 10
37836.21839775241
 20
-18625.96517350312
 30
0.0
  0
ENDBLK
  5
D50
330
D4E
100
AcDbEntity
  8
0
100
AcDbBlockEnd
  0
BLOCK
  5
D5B
330
D5A
100
AcDbEntity
  8
0
100
AcDbBlockBegin
  2
*D205
 70
     1
 10
0.0
 20
0.0
 30
0.0
  3
*D205
  1

  0
LINE
  5
D5D
330
D5A
100
AcDbEntity
  8
SH-尺寸标注
  6
Continuous
 62
   252
370
     9
100
AcDbLine
 10
37067.05569141261
 20
-18290.25090050829
 30
0.0
 11
37067.05569141261
 21
-18673.58422125046
 31
0.0
  0
LINE
  5
D5E
330
D5A
100
AcDbEntity
  8
SH-尺寸标注
  6
Continuous
 62
   252
370
     9
100
AcDbLine
 10
37384.69355067391
 20
-18290.25090050829
 30
0.0
 11
37384.69355067391
 21
-18673.58422125046
 31
0.0
  0
LINE
  5
D5F
330
D5A
100
AcDbEntity
  8
SH-尺寸标注
  6
Continuous
 62
   252
370
     9
100
AcDbLine
 10
37019.43664366527
 20
-18625.96517350312
 30
0.0
 11
37432.31259842126
 21
-18625.96517350312
 31
0.0
  0
INSERT
  5
D60
330
D5A
100
AcDbEntity
  8
SH-尺寸标注
 62
   252
370
     9
100
AcDbBlockReference
  2
_ArchTick
 10
37067.05569141261
 20
-18625.96517350312
 30
0.0
 41
35.71428581050463
 42
35.71428581050463
 43
35.71428581050463
 50
180.0
  0
INSERT
  5
D61
330
D5A
100
AcDbEntity
  8
SH-尺寸标注
 62
   252
370
     9
100
AcDbBlockReference
  2
_ArchTick
 10
37384.69355067391
 20
-18625.96517350312
 30
0.0
 41
35.71428581050463
 42
35.71428581050463
 43
35.71428581050463
  0
MTEXT
  5
D62
330
D5A
100
AcDbEntity
  8
SH-尺寸标注
 62
   134
100
AcDbMText
 10
37225.87462104326
 20
-18510.68958756562
 30
0.0
 40
142.8571432420185
 41
0.0
 46
0.0
 71
     5
 72
     1
  1
\A1;318
 73
     1
 44
1.0
  0
POINT
  5
D63
330
D5A
100
AcDbEntity
  8
Defpoints
 62
     0
100
AcDbPoint
 10
37067.05569141261
 20
-18290.25090050829
 30
0.0
  0
POINT
  5
D64
330
D5A
100
AcDbEntity
  8
Defpoints
 62
     0
100
AcDbPoint
 10
37384.69355067391
 20
-18290.25090050829
 30
0.0
  0
POINT
  5
D65
330
D5A
100
AcDbEntity
  8
Defpoints
 62
     0
100
AcDbPoint
 10
37384.69355067391
 20
-18625.96517350312
 30
0.0
  0
ENDBLK
  5
D5C
330
D5A
100
AcDbEntity
  8
0
100
AcDbBlockEnd
  0
BLOCK
  5
D67
330
D66
100
AcDbEntity
  8
0
100
AcDbBlockBegin
  2
*D206
 70
     1
 10
0.0
 20
0.0
 30
0.0
  3
*D206
  1

  0
LINE
  5
D69
330
D66
100
AcDbEntity
  8
SH-尺寸标注
  6
Continuous
 62
   252
370
     9
100
AcDbLine
 10
32613.38772266261
 20
-18290.25090050829
 30
0.0
 11
32613.38772266261
 21
-18673.58422125046
 31
0.0
  0
LINE
  5
D6A
330
D66
100
AcDbEntity
  8
SH-尺寸标注
  6
Continuous
 62
   252
370
     9
100
AcDbLine
 10
37067.05569141261
 20
-18290.25090050829
 30
0.0
 11
37067.05569141261
 21
-18673.58422125046
 31
0.0
  0
LINE
  5
D6B
330
D66
100
AcDbEntity
  8
SH-尺寸标注
  6
Continuous
 62
   252
370
     9
100
AcDbLine
 10
32565.76867491527
 20
-18625.96517350312
 30
0.0
 11
37114.67473915995
 21
-18625.96517350312
 31
0.0
  0
INSERT
  5
D6C
330
D66
100
AcDbEntity
  8
SH-尺寸标注
 62
   252
370
     9
100
AcDbBlockReference
  2
_ArchTick
 10
32613.38772266261
 20
-18625.96517350312
 30
0.0
 41
35.71428581050463
 42
35.71428581050463
 43
35.71428581050463
 50
180.0
  0
INSERT
  5
D6D
330
D66
100
AcDbEntity
  8
SH-尺寸标注
 62
   252
370
     9
100
AcDbBlockReference
  2
_ArchTick
 10
37067.05569141261
 20
-18625.96517350312
 30
0.0
 41
35.71428581050463
 42
35.71428581050463
 43
35.71428581050463
  0
MTEXT
  5
D6E
330
D66
100
AcDbEntity
  8
SH-尺寸标注
 62
   134
100
AcDbMText
 10
34840.2217070376
 20
-18510.68958756562
 30
0.0
 40
142.8571432420185
 41
0.0
 46
0.0
 71
     5
 72
     1
  1
\A1;4454
 73
     1
 44
1.0
  0
POINT
  5
D6F
330
D66
100
AcDbEntity
  8
Defpoints
 62
     0
100
AcDbPoint
 10
32613.38772266261
 20
-18290.25090050829
 30
0.0
  0
POINT
  5
D70
330
D66
100
AcDbEntity
  8
Defpoints
 62
     0
100
AcDbPoint
 10
37067.05569141261
 20
-18290.25090050829
 30
0.0
  0
POINT
  5
D71
330
D66
100
AcDbEntity
  8
Defpoints
 62
     0
100
AcDbPoint
 10
37067.05569141261
 20
-18625.96517350312
 30
0.0
  0
ENDBLK
  5
D68
330
D66
100
AcDbEntity
  8
0
100
AcDbBlockEnd
  0
BLOCK
  5
D73
330
D72
100
AcDbEntity
  8
0
100
AcDbBlockBegin
  2
*D207
 70
     1
 10
0.0
 20
0.0
 30
0.0
  3
*D207
  1

  0
LINE
  5
D75
330
D72
100
AcDbEntity
  8
SH-尺寸标注
  6
Continuous
 62
   252
370
     9
100
AcDbLine
 10
32273.33471296535
 20
-18290.25090050829
 30
0.0
 11
32273.33471296535
 21
-18673.58422125046
 31
0.0
  0
LINE
  5
D76
330
D72
100
AcDbEntity
  8
SH-尺寸标注
  6
Continuous
 62
   252
370
     9
100
AcDbLine
 10
32613.38772266261
 20
-18290.25090050829
 30
0.0
 11
32613.38772266261
 21
-18673.58422125046
 31
0.0
  0
LINE
  5
D77
330
D72
100
AcDbEntity
  8
SH-尺寸标注
  6
Continuous
 62
   252
370
     9
100
AcDbLine
 10
32225.71566521801
 20
-18625.96517350312
 30
0.0
 11
32661.00677040994
 21
-18625.96517350312
 31
0.0
  0
INSERT
  5
D78
330
D72
100
AcDbEntity
  8
SH-尺寸标注
 62
   252
370
     9
100
AcDbBlockReference
  2
_ArchTick
 10
32273.33471296535
 20
-18625.96517350312
 30
0.0
 41
35.71428581050463
 42
35.71428581050463
 43
35.71428581050463
 50
180.0
  0
INSERT
  5
D79
330
D72
100
AcDbEntity
  8
SH-尺寸标注
 62
   252
370
     9
100
AcDbBlockReference
  2
_ArchTick
 10
32613.38772266261
 20
-18625.96517350312
 30
0.0
 41
35.71428581050463
 42
35.71428581050463
 43
35.71428581050463
  0
MTEXT
  5
D7A
330
D72
100
AcDbEntity
  8
SH-尺寸标注
 62
   134
100
AcDbMText
 10
32443.36121781398
 20
-18510.68958756562
 30
0.0
 40
142.8571432420185
 41
0.0
 46
0.0
 71
     5
 72
     1
  1
\A1;340
 73
     1
 44
1.0
  0
POINT
  5
D7B
330
D72
100
AcDbEntity
  8
Defpoints
 62
     0
100
AcDbPoint
 10
32273.33471296535
 20
-18290.25090050829
 30
0.0
  0
POINT
  5
D7C
330
D72
100
AcDbEntity
  8
Defpoints
 62
     0
100
AcDbPoint
 10
32613.38772266261
 20
-18290.25090050829
 30
0.0
  0
POINT
  5
D7D
330
D72
100
AcDbEntity
  8
Defpoints
 62
     0
100
AcDbPoint
 10
32613.38772266261
 20
-18625.96517350312
 30
0.0
  0
ENDBLK
  5
D74
330
D72
100
AcDbEntity
  8
0
100
AcDbBlockEnd
  0
ENDSEC
  0
SECTION
  2
ENTITIES
  0
LINE
  5
D3
102
{ACAD_REACTORS
330
230
102
}
330
1F
100
AcDbEntity
  8
0
 60
     1
100
AcDbLine
 10
17799.44803226752
 20
-7782.338756988776
 30
0.0
 11
17703.18496720103
 21
-7906.092167979145
 31
0.0
  0
LINE
  5
D4
102
{ACAD_REACTORS
330
230
102
}
330
1F
100
AcDbEntity
  8
0
 60
     1
100
AcDbLine
 10
17703.18496720103
 20
-7906.092167979145
 30
0.0
 11
17799.44803226752
 21
-7360.157197166925
 31
0.0
  0
LINE
  5
D5
102
{ACAD_REACTORS
330
230
102
}
330
1F
100
AcDbEntity
  8
0
 60
     1
100
AcDbLine
 10
17799.44803226752
 20
-7360.157197166925
 30
0.0
 11
17895.711097334
 21
-7906.092167979145
 31
0.0
  0
LINE
  5
D6
102
{ACAD_REACTORS
330
230
102
}
330
1F
100
AcDbEntity
  8
0
 60
     1
100
AcDbLine
 10
17895.711097334
 20
-7906.092167979145
 30
0.0
 11
17799.44803226752
 21
-7782.338756988776
 31
0.0
  0
LINE
  5
D7
102
{ACAD_REACTORS
330
233
102
}
330
1F
100
AcDbEntity
  8
0
 60
     1
100
AcDbLine
 10
40799.44803226752
 20
-7782.338756988776
 30
0.0
 11
40703.18496720104
 21
-7906.092167979145
 31
0.0
  0
LINE
  5
D8
102
{ACAD_REACTORS
330
233
102
}
330
1F
100
AcDbEntity
  8
0
 60
     1
100
AcDbLine
 10
40703.18496720104
 20
-7906.092167979145
 30
0.0
 11
40799.44803226752
 21
-7360.157197166925
 31
0.0
  0
LINE
  5
D9
102
{ACAD_REACTORS
330
233
102
}
330
1F
100
AcDbEntity
  8
0
 60
     1
100
AcDbLine
 10
40799.44803226752
 20
-7360.157197166925
 30
0.0
 11
40895.711097334
 21
-7906.092167979145
 31
0.0
  0
LINE
  5
DA
102
{ACAD_REACTORS
330
233
102
}
330
1F
100
AcDbEntity
  8
0
 60
     1
100
AcDbLine
 10
40895.711097334
 20
-7906.092167979145
 30
0.0
 11
40799.44803226752
 21
-7782.338756988776
 31
0.0
  0
INSERT
  5
101
330
1F
100
AcDbEntity
  8
图框
 62
     7
100
AcDbBlockReference
  2
_Frame133990009
 10
20717.47318146736
 20
-5384.529334595369
 30
0.0
 41
0.5
 42
0.5
  0
INSERT
  5
102
330
1F
100
AcDbEntity
  8
图框
 62
     7
100
AcDbBlockReference
  2
_Frame133990009
 10
43717.47318146736
 20
-5384.529334595369
 30
0.0
 41
0.5
 42
0.5
  0
LINE
  5
103
330
1F
100
AcDbEntity
  8
BS-非承重墙
  6
Continuous
 62
     7
 48
2.0
100
AcDbLine
 10
14393.95481777114
 20
-16685.9774724193
 30
0.0
 11
14393.95481777114
 21
-16925.9774724193
 31
0.0
  0
LINE
  5
104
330
1F
100
AcDbEntity
  8
BS-非承重墙
  6
Continuous
 62
     7
 48
2.0
100
AcDbLine
 10
14845.47966484964
 20
-16685.9774724193
 30
0.0
 11
14633.95481777114
 21
-16685.9774724193
 31
0.0
  0
LINE
  5
105
330
1F
100
AcDbEntity
  8
BS-非承重墙
  6
Continuous
 62
     7
 48
2.0
100
AcDbLine
 10
14633.95481777114
 20
-16925.9774724193
 30
0.0
 11
14845.47966484964
 21
-16925.9774724193
 31
0.0
  0
LINE
  5
106
330
1F
100
AcDbEntity
  8
BS-非承重墙
  6
Continuous
 62
     7
 48
2.0
100
AcDbLine
 10
16967.60028342002
 20
-16925.9774724193
 30
0.0
 11
17193.33537754599
 21
-16925.9774724193
 31
0.0
  0
LINE
  5
107
330
1F
100
AcDbEntity
  8
BS-非承重墙
  6
Continuous
 62
     7
 48
2.0
100
AcDbLine
 10
17193.33537754599
 20
-16925.9774724193
 30
0.0
 11
17193.33537754599
 21
-16685.9774724193
 31
0.0
  0
LINE
  5
108
330
1F
100
AcDbEntity
  8
BS-非承重墙
  6
Continuous
 62
     7
 48
2.0
100
AcDbLine
 10
14393.95481777114
 20
-13086.49142798278
 30
0.0
 11
14393.95481777114
 21
-13191.45253494487
 31
0.0
  0
LINE
  5
109
330
1F
100
AcDbEntity
  8
BS-非承重墙
  6
Continuous
 62
     7
 48
2.0
100
AcDbLine
 10
14393.95481777114
 20
-13978.50242905984
 30
0.0
 11
14393.95481777114
 21
-16685.9774724193
 31
0.0
  0
LINE
  5
10A
330
1F
100
AcDbEntity
  8
BS-非承重墙
  6
Continuous
 62
     7
 48
2.0
100
AcDbLine
 10
14633.95481777114
 20
-12846.49142798278
 30
0.0
 11
14393.95481777114
 21
-12846.49142798278
 31
0.0
  0
LINE
  5
10B
330
1F
100
AcDbEntity
  8
BS-非承重墙
  6
Continuous
 62
     7
 48
2.0
100
AcDbLine
 10
14393.95481777114
 20
-13191.45253494487
 30
0.0
 11
14633.95481777114
 21
-13191.45253494487
 31
0.0
  0
LINE
  5
10C
330
1F
100
AcDbEntity
  8
BS-非承重墙
  6
Continuous
 62
     7
 48
2.0
100
AcDbLine
 10
14633.95481777114
 20
-13978.50242905984
 30
0.0
 11
14393.95481777114
 21
-13978.50242905984
 31
0.0
  0
LINE
  5
10D
330
1F
100
AcDbEntity
  8
BS-非承重墙
  6
Continuous
 62
     7
 48
2.0
100
AcDbLine
 10
14633.95481777114
 20
-13191.45253494487
 30
0.0
 11
14633.95481777114
 21
-13086.49142798278
 31
0.0
  0
LINE
  5
10E
330
1F
100
AcDbEntity
  8
BS-非承重墙
  6
Continuous
 62
     7
 48
2.0
100
AcDbLine
 10
14633.95481777114
 20
-16685.9774724193
 30
0.0
 11
14633.95481777114
 21
-13978.50242905984
 31
0.0
  0
LINE
  5
10F
330
1F
100
AcDbEntity
  8
BS-非承重墙
  6
Continuous
 62
     7
 48
2.0
100
AcDbLine
 10
14633.95481777114
 20
-13086.49142798278
 30
0.0
 11
16953.33537754599
 21
-13086.49142798278
 31
0.0
  0
LINE
  5
110
330
1F
100
AcDbEntity
  8
BS-非承重墙
  6
Continuous
 62
     7
 48
2.0
100
AcDbLine
 10
17193.33537754599
 20
-12846.49142798278
 30
0.0
 11
14633.95481777114
 21
-12846.49142798278
 31
0.0
  0
LINE
  5
111
330
1F
100
AcDbEntity
  8
BS-非承重墙
  6
Continuous
 62
     7
 48
2.0
100
AcDbLine
 10
17193.33537754599
 20
-13086.49142798278
 30
0.0
 11
17193.33537754599
 21
-12846.49142798278
 31
0.0
  0
LINE
  5
112
330
1F
100
AcDbEntity
  8
BS-非承重墙
  6
Continuous
 62
     7
 48
2.0
100
AcDbLine
 10
16953.33537754599
 20
-13086.49142798278
 30
0.0
 11
16953.33537754599
 21
-16685.9774724193
 31
0.0
  0
LINE
  5
113
330
1F
100
AcDbEntity
  8
BS-非承重墙
  6
Continuous
 62
     7
 48
2.0
100
AcDbLine
 10
17193.33537754599
 20
-16685.9774724193
 30
0.0
 11
17193.33537754599
 21
-13086.49142798278
 31
0.0
  0
LINE
  5
114
330
1F
100
AcDbEntity
  8
BS-非承重墙
  6
Continuous
 62
     7
 48
2.0
100
AcDbLine
 10
14393.95481777114
 20
-16925.9774724193
 30
0.0
 11
14393.95481777114
 21
-17626.29578741935
 31
0.0
  0
LINE
  5
115
330
1F
100
AcDbEntity
  8
BS-非承重墙
  6
Continuous
 62
     7
 48
2.0
100
AcDbLine
 10
14393.95481777114
 20
-17866.29578741935
 30
0.0
 11
14633.95481777114
 21
-17866.29578741935
 31
0.0
  0
LINE
  5
116
330
1F
100
AcDbEntity
  8
BS-非承重墙
  6
Continuous
 62
     7
 48
2.0
100
AcDbLine
 10
14633.95481777114
 20
-17866.29578741935
 30
0.0
 11
14633.95481777114
 21
-16925.9774724193
 31
0.0
  0
LINE
  5
117
330
1F
100
AcDbEntity
  8
BS-非承重墙
  6
Continuous
 62
     7
 48
2.0
100
AcDbLine
 10
9042.595980062573
 20
-17866.29578741935
 30
0.0
 11
9622.64893899616
 21
-17866.29578741935
 31
0.0
  0
LINE
  5
118
330
1F
100
AcDbEntity
  8
BS-非承重墙
  6
Continuous
 62
     7
 48
2.0
100
AcDbLine
 10
9622.64893899616
 20
-17626.29578741935
 30
0.0
 11
9282.595980062573
 21
-17626.29578741935
 31
0.0
  0
LINE
  5
119
330
1F
100
AcDbEntity
  8
BS-非承重墙
  6
Continuous
 62
     7
 48
2.0
100
AcDbLine
 10
14393.95481777114
 20
-17626.29578741935
 30
0.0
 11
14076.3170092735
 21
-17626.29578741935
 31
0.0
  0
LINE
  5
11A
330
1F
100
AcDbEntity
  8
BS-非承重墙
  6
Continuous
 62
     7
 48
2.0
100
AcDbLine
 10
14076.3170092735
 20
-17866.29578741935
 30
0.0
 11
14393.95481777114
 21
-17866.29578741935
 31
0.0
  0
LINE
  5
11B
330
1F
100
AcDbEntity
  8
BS-非承重墙
  6
Continuous
 62
     7
 48
2.0
100
AcDbLine
 10
2770.943517121953
 20
-17348.49123056242
 30
0.0
 11
3288.748073978877
 21
-17866.29578741935
 31
0.0
  0
LINE
  5
11C
330
1F
100
AcDbEntity
  8
BS-非承重墙
  6
Continuous
 62
     7
 48
2.0
100
AcDbLine
 10
3388.159328948419
 20
-17626.29578741935
 30
0.0
 11
3010.943517121953
 21
-17249.07997559288
 31
0.0
  0
LINE
  5
11D
330
1F
100
AcDbEntity
  8
BS-非承重墙
  6
Continuous
 62
     7
 48
2.0
100
AcDbLine
 10
2770.943517121953
 20
-11605.96735049125
 30
0.0
 11
2770.943517121953
 21
-17348.49123056242
 31
0.0
  0
LINE
  5
11E
330
1F
100
AcDbEntity
  8
BS-非承重墙
  6
Continuous
 62
     7
 48
2.0
100
AcDbLine
 10
3010.943517121953
 20
-17249.07997559288
 30
0.0
 11
3010.943517121953
 21
-11725.96735049125
 31
0.0
  0
LINE
  5
11F
330
1F
100
AcDbEntity
  8
BS-非承重墙
  6
Continuous
 62
     7
 48
2.0
100
AcDbLine
 10
3282.582170739545
 20
-9111.78023494058
 30
0.0
 11
2770.943517121953
 21
-9486.001073629388
 31
0.0
  0
LINE
  5
120
330
1F
100
AcDbEntity
  8
BS-非承重墙
  6
Continuous
 62
     7
 48
2.0
100
AcDbLine
 10
3010.943517121953
 20
-9607.806519938405
 30
0.0
 11
3360.985337898085
 21
-9351.78023494058
 31
0.0
  0
LINE
  5
121
330
1F
100
AcDbEntity
  8
BS-非承重墙
  6
Continuous
 62
     7
 48
2.0
100
AcDbLine
 10
3584.432655595078
 20
-9111.78023494058
 30
0.0
 11
3282.582170739545
 21
-9111.78023494058
 31
0.0
  0
LINE
  5
122
330
1F
100
AcDbEntity
  8
BS-非承重墙
  6
Continuous
 62
     7
 48
2.0
100
AcDbLine
 10
3360.985337898085
 20
-9351.78023494058
 30
0.0
 11
3584.432655595078
 21
-9351.78023494058
 31
0.0
  0
LINE
  5
123
330
1F
100
AcDbEntity
  8
BS-非承重墙
  6
Continuous
 62
     7
 48
2.0
100
AcDbLine
 10
4822.933292674581
 20
-9351.78023494058
 30
0.0
 11
5040.244129634775
 21
-9351.78023494058
 31
0.0
  0
LINE
  5
124
330
1F
100
AcDbEntity
  8
BS-非承重墙
  6
Continuous
 62
     7
 48
2.0
100
AcDbLine
 10
5280.244129634775
 20
-9111.78023494058
 30
0.0
 11
4822.933292674581
 21
-9111.78023494058
 31
0.0
  0
LINE
  5
125
330
1F
100
AcDbEntity
  8
BS-非承重墙
  6
Continuous
 62
     7
 48
2.0
100
AcDbLine
 10
7639.649241618267
 20
-9351.78023494058
 30
0.0
 11
7639.649241618267
 21
-10751.99678735776
 31
0.0
  0
LINE
  5
126
330
1F
100
AcDbEntity
  8
BS-非承重墙
  6
Continuous
 62
     7
 48
2.0
100
AcDbLine
 10
7639.649241618267
 20
-10751.99678735776
 30
0.0
 11
7699.649241618267
 21
-10751.99678735776
 31
0.0
  0
LINE
  5
127
330
1F
100
AcDbEntity
  8
BS-非承重墙
  6
Continuous
 62
     7
 48
2.0
100
AcDbLine
 10
7819.649241618267
 20
-10751.99678735776
 30
0.0
 11
7879.649241618267
 21
-10751.99678735776
 31
0.0
  0
LINE
  5
128
330
1F
100
AcDbEntity
  8
BS-非承重墙
  6
Continuous
 62
     7
 48
2.0
100
AcDbLine
 10
7879.649241618267
 20
-10511.99678735776
 30
0.0
 11
7879.649241618267
 21
-9231.78023494058
 31
0.0
  0
LINE
  5
129
330
1F
100
AcDbEntity
  8
BS-非承重墙
  6
Continuous
 62
     7
 48
2.0
100
AcDbLine
 10
8157.678606442835
 20
-10511.99678735776
 30
0.0
 11
7879.649241618267
 21
-10511.99678735776
 31
0.0
  0
LINE
  5
12A
330
1F
100
AcDbEntity
  8
BS-非承重墙
  6
Continuous
 62
     7
 48
2.0
100
AcDbLine
 10
7879.649241618267
 20
-10751.99678735776
 30
0.0
 11
8157.678606442835
 21
-10751.99678735776
 31
0.0
  0
LINE
  5
12B
330
1F
100
AcDbEntity
  8
BS-非承重墙
  6
Continuous
 62
     7
 48
2.0
100
AcDbLine
 10
9042.595980062573
 20
-10511.99678735776
 30
0.0
 11
8843.023341826824
 21
-10511.99678735776
 31
0.0
  0
LINE
  5
12C
330
1F
100
AcDbEntity
  8
BS-非承重墙
  6
Continuous
 62
     7
 48
2.0
100
AcDbLine
 10
8843.023341826824
 20
-10751.99678735776
 30
0.0
 11
9042.595980062573
 21
-10751.99678735776
 31
0.0
  0
LINE
  5
12D
330
1F
100
AcDbEntity
  8
BS-非承重墙
  6
Continuous
 62
     7
 48
2.0
100
AcDbLine
 10
9042.595980062573
 20
-10751.99678735776
 30
0.0
 11
9042.595980062573
 21
-12925.62453935314
 31
0.0
  0
LINE
  5
12E
330
1F
100
AcDbEntity
  8
BS-非承重墙
  6
Continuous
 62
     7
 48
2.0
100
AcDbLine
 10
9042.595980062573
 20
-13045.62453935314
 30
0.0
 11
9282.595980062573
 21
-13045.62453935314
 31
0.0
  0
LINE
  5
12F
330
1F
100
AcDbEntity
  8
BS-非承重墙
  6
Continuous
 62
     7
 48
2.0
100
AcDbLine
 10
9282.595980062573
 20
-13045.62453935314
 30
0.0
 11
9282.595980062573
 21
-10751.99678735776
 31
0.0
  0
LINE
  5
130
330
1F
100
AcDbEntity
  8
BS-非承重墙
  6
Continuous
 62
     7
 48
2.0
100
AcDbLine
 10
7639.649241618267
 20
-8586.560844286127
 30
0.0
 11
7639.649241618267
 21
-9111.78023494058
 31
0.0
  0
LINE
  5
131
330
1F
100
AcDbEntity
  8
BS-非承重墙
  6
Continuous
 62
     7
 48
2.0
100
AcDbLine
 10
7879.649241618267
 20
-9231.78023494058
 30
0.0
 11
7879.649241618267
 21
-8685.97209925567
 31
0.0
  0
LINE
  5
132
330
1F
100
AcDbEntity
  8
BS-非承重墙
  6
Continuous
 62
     7
 48
2.0
100
AcDbLine
 10
8073.460880151696
 20
-8152.749205752701
 30
0.0
 11
7639.649241618267
 21
-8586.560844286127
 31
0.0
  0
LINE
  5
133
330
1F
100
AcDbEntity
  8
BS-非承重墙
  6
Continuous
 62
     7
 48
2.0
100
AcDbLine
 10
7879.649241618267
 20
-8685.97209925567
 30
0.0
 11
8172.872135121239
 21
-8392.749205752702
 31
0.0
  0
LINE
  5
134
330
1F
100
AcDbEntity
  8
BS-非承重墙
  6
Continuous
 62
     7
 48
2.0
100
AcDbLine
 10
8191.549506442835
 20
-8152.749205752701
 30
0.0
 11
8073.460880151696
 21
-8152.749205752701
 31
0.0
  0
LINE
  5
135
330
1F
100
AcDbEntity
  8
BS-非承重墙
  6
Continuous
 62
     7
 48
2.0
100
AcDbLine
 10
8172.872135121239
 20
-8392.749205752702
 30
0.0
 11
8191.549506442835
 21
-8392.749205752702
 31
0.0
  0
LINE
  5
136
330
1F
100
AcDbEntity
  8
BS-非承重墙
  6
Continuous
 62
     7
 48
2.0
100
AcDbLine
 10
8876.894241826823
 20
-8392.749205752702
 30
0.0
 11
9042.595980062573
 21
-8392.749205752702
 31
0.0
  0
LINE
  5
137
330
1F
100
AcDbEntity
  8
BS-非承重墙
  6
Continuous
 62
     7
 48
2.0
100
AcDbLine
 10
9282.595980062573
 20
-8152.749205752701
 30
0.0
 11
8876.894241826823
 21
-8152.749205752701
 31
0.0
  0
LINE
  5
138
330
1F
100
AcDbEntity
  8
BS-非承重墙
  6
Continuous
 62
     7
 48
2.0
100
AcDbLine
 10
9042.595980062573
 20
-8392.749205752702
 30
0.0
 11
9042.595980062573
 21
-9313.893734944868
 31
0.0
  0
LINE
  5
139
330
1F
100
AcDbEntity
  8
BS-非承重墙
  6
Continuous
 62
     7
 48
2.0
100
AcDbLine
 10
9042.595980062573
 20
-10100.94362905984
 30
0.0
 11
9042.595980062573
 21
-10511.99678735776
 31
0.0
  0
LINE
  5
13A
330
1F
100
AcDbEntity
  8
BS-非承重墙
  6
Continuous
 62
     7
 48
2.0
100
AcDbLine
 10
9042.595980062573
 20
-9313.893734944868
 30
0.0
 11
9282.595980062573
 21
-9313.893734944868
 31
0.0
  0
LINE
  5
13B
330
1F
100
AcDbEntity
  8
BS-非承重墙
  6
Continuous
 62
     7
 48
2.0
100
AcDbLine
 10
9282.595980062573
 20
-10100.94362905984
 30
0.0
 11
9042.595980062573
 21
-10100.94362905984
 31
0.0
  0
LINE
  5
13C
330
1F
100
AcDbEntity
  8
BS-非承重墙
  6
Continuous
 62
     7
 48
2.0
100
AcDbLine
 10
9282.595980062573
 20
-9313.893734944868
 30
0.0
 11
9282.595980062573
 21
-8392.749205752702
 31
0.0
  0
LINE
  5
13D
330
1F
100
AcDbEntity
  8
BS-非承重墙
  6
Continuous
 62
     7
 48
2.0
100
AcDbLine
 10
9282.595980062573
 20
-10511.99678735776
 30
0.0
 11
9282.595980062573
 21
-10100.94362905984
 31
0.0
  0
LINE
  5
13E
330
1F
100
AcDbEntity
  8
BS-非承重墙
  6
Continuous
 62
     7
 48
2.0
100
AcDbLine
 10
10047.89611559508
 20
-8152.749205752701
 30
0.0
 11
9282.595980062573
 21
-8152.749205752701
 31
0.0
  0
LINE
  5
13F
330
1F
100
AcDbEntity
  8
BS-非承重墙
  6
Continuous
 62
     7
 48
2.0
100
AcDbLine
 10
9282.595980062573
 20
-8392.749205752702
 30
0.0
 11
10047.89611559508
 21
-8392.749205752702
 31
0.0
  0
LINE
  5
140
330
1F
100
AcDbEntity
  8
BS-非承重墙
  6
Continuous
 62
     7
 48
2.0
100
AcDbLine
 10
11286.39675267458
 20
-8392.749205752702
 30
0.0
 11
12156.75793188022
 21
-8392.749205752702
 31
0.0
  0
LINE
  5
141
330
1F
100
AcDbEntity
  8
BS-非承重墙
  6
Continuous
 62
     7
 48
2.0
100
AcDbLine
 10
12396.75793188022
 20
-8152.749205752701
 30
0.0
 11
11286.39675267458
 21
-8152.749205752701
 31
0.0
  0
LINE
  5
142
330
1F
100
AcDbEntity
  8
BS-非承重墙
  6
Continuous
 62
     7
 48
2.0
100
AcDbLine
 10
12396.75793188022
 20
-8392.749205752702
 30
0.0
 11
12396.75793188022
 21
-8152.749205752701
 31
0.0
  0
LINE
  5
143
330
1F
100
AcDbEntity
  8
BS-非承重墙
  6
Continuous
 62
     7
 48
2.0
100
AcDbLine
 10
12156.75793188022
 20
-8392.749205752702
 30
0.0
 11
12156.75793188022
 21
-10511.99678735776
 31
0.0
  0
LINE
  5
144
330
1F
100
AcDbEntity
  8
BS-非承重墙
  6
Continuous
 62
     7
 48
2.0
100
AcDbLine
 10
12396.75793188022
 20
-10751.99678735776
 30
0.0
 11
12396.75793188022
 21
-8392.749205752702
 31
0.0
  0
LINE
  5
145
330
1F
100
AcDbEntity
  8
BS-非承重墙
  6
Continuous
 62
     7
 48
2.0
100
AcDbLine
 10
12156.75793188022
 20
-11154.31617617636
 30
0.0
 11
12156.75793188022
 21
-11394.31617617636
 31
0.0
  0
LINE
  5
146
330
1F
100
AcDbEntity
  8
BS-非承重墙
  6
Continuous
 62
     7
 48
2.0
100
AcDbLine
 10
12156.75793188022
 20
-11394.31617617636
 30
0.0
 11
12479.8531455653
 21
-11394.31617617636
 31
0.0
  0
LINE
  5
147
330
1F
100
AcDbEntity
  8
BS-非承重墙
  6
Continuous
 62
     7
 48
2.0
100
AcDbLine
 10
12479.8531455653
 20
-11154.31617617636
 30
0.0
 11
12396.75793188022
 21
-11154.31617617636
 31
0.0
  0
LINE
  5
148
330
1F
100
AcDbEntity
  8
BS-非承重墙
  6
Continuous
 62
     7
 48
2.0
100
AcDbLine
 10
12479.8531455653
 20
-11394.31617617636
 30
0.0
 11
12479.8531455653
 21
-11154.31617617636
 31
0.0
  0
LINE
  5
149
330
1F
100
AcDbEntity
  8
BS-非承重墙
  6
Continuous
 62
     7
 48
2.0
100
AcDbLine
 10
13821.41980270436
 20
-11154.31617617636
 30
0.0
 11
13821.41980270436
 21
-11394.31617617636
 31
0.0
  0
LINE
  5
14A
330
1F
100
AcDbEntity
  8
BS-非承重墙
  6
Continuous
 62
     7
 48
2.0
100
AcDbLine
 10
13821.41980270436
 20
-11394.31617617636
 30
0.0
 11
13863.03837240953
 21
-11394.31617617636
 31
0.0
  0
LINE
  5
14B
330
1F
100
AcDbEntity
  8
BS-非承重墙
  6
Continuous
 62
     7
 48
2.0
100
AcDbLine
 10
14103.03837240953
 20
-11154.31617617636
 30
0.0
 11
13821.41980270436
 21
-11154.31617617636
 31
0.0
  0
LINE
  5
14C
330
1F
100
AcDbEntity
  8
BS-非承重墙
  6
Continuous
 62
     7
 48
2.0
100
AcDbLine
 10
14103.03837240953
 20
-11394.31617617636
 30
0.0
 11
14103.03837240953
 21
-11154.31617617636
 31
0.0
  0
LINE
  5
14D
330
1F
100
AcDbEntity
  8
BS-非承重墙
  6
Continuous
 62
     7
 48
2.0
100
AcDbLine
 10
13863.03837240953
 20
-11394.31617617636
 30
0.0
 11
13863.03837240953
 21
-13086.49142798278
 31
0.0
  0
LINE
  5
14E
330
1F
100
AcDbEntity
  8
BS-非承重墙
  6
Continuous
 62
     7
 48
2.0
100
AcDbLine
 10
13863.03837240953
 20
-13086.49142798278
 30
0.0
 11
14103.03837240953
 21
-13086.49142798278
 31
0.0
  0
LINE
  5
14F
330
1F
100
AcDbEntity
  8
BS-非承重墙
  6
Continuous
 62
     7
 48
2.0
100
AcDbLine
 10
14103.03837240953
 20
-12846.49142798278
 30
0.0
 11
14103.03837240953
 21
-11394.31617617636
 31
0.0
  0
LINE
  5
150
330
1F
100
AcDbEntity
  8
BS-非承重墙
  6
Continuous
 62
     7
 48
2.0
100
AcDbLine
 10
14393.95481777114
 20
-12846.49142798278
 30
0.0
 11
14103.03837240953
 21
-12846.49142798278
 31
0.0
  0
LINE
  5
151
330
1F
100
AcDbEntity
  8
BS-非承重墙
  6
Continuous
 62
     7
 48
2.0
100
AcDbLine
 10
14103.03837240953
 20
-13086.49142798278
 30
0.0
 11
14393.95481777114
 21
-13086.49142798278
 31
0.0
  0
LINE
  5
152
330
1F
100
AcDbEntity
  8
BS-非承重墙
  6
Continuous
 62
     7
 48
2.0
100
AcDbLine
 10
9881.0897139312
 20
-10511.99678735776
 30
0.0
 11
9282.595980062573
 21
-10511.99678735776
 31
0.0
  0
LINE
  5
153
330
1F
100
AcDbEntity
  8
BS-非承重墙
  6
Continuous
 62
     7
 48
2.0
100
AcDbLine
 10
9282.595980062573
 20
-10751.99678735776
 30
0.0
 11
9881.0897139312
 21
-10751.99678735776
 31
0.0
  0
LINE
  5
154
330
1F
100
AcDbEntity
  8
BS-非承重墙
  6
Continuous
 62
     7
 48
2.0
100
AcDbLine
 10
9881.0897139312
 20
-10751.99678735776
 30
0.0
 11
9881.0897139312
 21
-10511.99678735776
 31
0.0
  0
LINE
  5
155
330
1F
100
AcDbEntity
  8
BS-非承重墙
  6
Continuous
 62
     7
 48
2.0
100
AcDbLine
 10
11737.59317433846
 20
-10511.99678735776
 30
0.0
 11
11737.59317433846
 21
-10751.99678735776
 31
0.0
  0
LINE
  5
156
330
1F
100
AcDbEntity
  8
BS-非承重墙
  6
Continuous
 62
     7
 48
2.0
100
AcDbLine
 10
12156.75793188022
 20
-10511.99678735776
 30
0.0
 11
11737.59317433846
 21
-10511.99678735776
 31
0.0
  0
LINE
  5
157
330
1F
100
AcDbEntity
  8
BS-非承重墙
  6
Continuous
 62
     7
 48
2.0
100
AcDbLine
 10
11737.59317433846
 20
-10751.99678735776
 30
0.0
 11
12156.75793188022
 21
-10751.99678735776
 31
0.0
  0
LINE
  5
158
330
1F
100
AcDbEntity
  8
BS-非承重墙
  6
Continuous
 62
     7
 48
2.0
100
AcDbLine
 10
12156.75793188022
 20
-10751.99678735776
 30
0.0
 11
12156.75793188022
 21
-11154.31617617636
 31
0.0
  0
LINE
  5
159
330
1F
100
AcDbEntity
  8
BS-非承重墙
  6
Continuous
 62
     7
 48
2.0
100
AcDbLine
 10
12396.75793188022
 20
-11154.31617617636
 30
0.0
 11
12396.75793188022
 21
-10751.99678735776
 31
0.0
  0
LINE
  5
15A
330
1F
100
AcDbEntity
  8
BS-非承重墙
  6
Continuous
 62
     7
 48
2.0
100
AcDbLine
 10
6419.365613417838
 20
-13984.00505174273
 30
0.0
 11
6419.365613417838
 21
-17626.29578741935
 31
0.0
  0
LINE
  5
15B
330
1F
100
AcDbEntity
  8
BS-非承重墙
  6
Continuous
 62
     7
 48
2.0
100
AcDbLine
 10
6419.365613417838
 20
-17866.29578741935
 30
0.0
 11
6659.365613417838
 21
-17866.29578741935
 31
0.0
  0
LINE
  5
15C
330
1F
100
AcDbEntity
  8
BS-非承重墙
  6
Continuous
 62
     7
 48
2.0
100
AcDbLine
 10
6659.365613417838
 20
-17626.29578741935
 30
0.0
 11
6659.365613417838
 21
-14104.00505174273
 31
0.0
  0
LINE
  5
15D
330
1F
100
AcDbEntity
  8
BS-非承重墙
  6
Continuous
 62
     7
 48
2.0
100
AcDbLine
 10
3288.748073978877
 20
-17866.29578741935
 30
0.0
 11
3646.77116484964
 21
-17866.29578741935
 31
0.0
  0
LINE
  5
15E
330
1F
100
AcDbEntity
  8
BS-非承重墙
  6
Continuous
 62
     7
 48
2.0
100
AcDbLine
 10
3646.77116484964
 20
-17626.29578741935
 30
0.0
 11
3388.159328948419
 21
-17626.29578741935
 31
0.0
  0
LINE
  5
15F
330
1F
100
AcDbEntity
  8
BS-非承重墙
  6
Continuous
 62
     7
 48
2.0
100
AcDbLine
 10
6419.365613417838
 20
-17626.29578741935
 30
0.0
 11
5768.891783420019
 21
-17626.29578741935
 31
0.0
  0
LINE
  5
160
330
1F
100
AcDbEntity
  8
BS-非承重墙
  6
Continuous
 62
     7
 48
2.0
100
AcDbLine
 10
5768.891783420019
 20
-17866.29578741935
 30
0.0
 11
6419.365613417838
 21
-17866.29578741935
 31
0.0
  0
LINE
  5
161
330
1F
100
AcDbEntity
  8
BS-非承重墙
  6
Continuous
 62
     7
 48
2.0
100
AcDbLine
 10
9042.595980062573
 20
-14104.00505174273
 30
0.0
 11
9042.595980062573
 21
-17626.29578741935
 31
0.0
  0
LINE
  5
162
330
1F
100
AcDbEntity
  8
BS-非承重墙
  6
Continuous
 62
     7
 48
2.0
100
AcDbLine
 10
9282.595980062573
 20
-13984.00505174273
 30
0.0
 11
9042.595980062573
 21
-13984.00505174273
 31
0.0
  0
LINE
  5
163
330
1F
100
AcDbEntity
  8
BS-非承重墙
  6
Continuous
 62
     7
 48
2.0
100
AcDbLine
 10
9282.595980062573
 20
-17626.29578741935
 30
0.0
 11
9282.595980062573
 21
-13984.00505174273
 31
0.0
  0
LINE
  5
164
330
1F
100
AcDbEntity
  8
BS-非承重墙
  6
Continuous
 62
     7
 48
2.0
100
AcDbLine
 10
6746.782664849639
 20
-17626.29578741935
 30
0.0
 11
6659.365613417838
 21
-17626.29578741935
 31
0.0
  0
LINE
  5
165
330
1F
100
AcDbEntity
  8
BS-非承重墙
  6
Continuous
 62
     7
 48
2.0
100
AcDbLine
 10
6659.365613417838
 20
-17866.29578741935
 30
0.0
 11
6746.782664849639
 21
-17866.29578741935
 31
0.0
  0
LINE
  5
166
330
1F
100
AcDbEntity
  8
BS-非承重墙
  6
Continuous
 62
     7
 48
2.0
100
AcDbLine
 10
9042.595980062573
 20
-17626.29578741935
 30
0.0
 11
8868.903283420019
 21
-17626.29578741935
 31
0.0
  0
LINE
  5
167
330
1F
100
AcDbEntity
  8
BS-非承重墙
  6
Continuous
 62
     7
 48
2.0
100
AcDbLine
 10
8868.903283420019
 20
-17866.29578741935
 30
0.0
 11
9042.595980062573
 21
-17866.29578741935
 31
0.0
  0
LINE
  5
168
330
1F
100
AcDbEntity
  8
BS-非承重墙
  6
Continuous
 62
     7
 48
2.0
100
AcDbLine
 10
5040.244129634775
 20
-9351.78023494058
 30
0.0
 11
5040.244129634775
 21
-11605.96735049125
 31
0.0
  0
LINE
  5
169
330
1F
100
AcDbEntity
  8
BS-非承重墙
  6
Continuous
 62
     7
 48
2.0
100
AcDbLine
 10
5280.244129634775
 20
-11725.96735049125
 30
0.0
 11
5280.244129634775
 21
-9351.78023494058
 31
0.0
  0
LINE
  5
16A
330
1F
100
AcDbEntity
  8
BS-非承重墙
  6
Continuous
 62
     7
 48
2.0
100
AcDbLine
 10
5995.339455595077
 20
-9111.78023494058
 30
0.0
 11
5280.244129634775
 21
-9111.78023494058
 31
0.0
  0
LINE
  5
16B
330
1F
100
AcDbEntity
  8
BS-非承重墙
  6
Continuous
 62
     7
 48
2.0
100
AcDbLine
 10
5280.244129634775
 20
-9351.78023494058
 30
0.0
 11
5995.339455595077
 21
-9351.78023494058
 31
0.0
  0
LINE
  5
16C
330
1F
100
AcDbEntity
  8
BS-非承重墙
  6
Continuous
 62
     7
 48
2.0
100
AcDbLine
 10
7639.649241618267
 20
-9111.78023494058
 30
0.0
 11
7233.840092674581
 21
-9111.78023494058
 31
0.0
  0
LINE
  5
16D
330
1F
100
AcDbEntity
  8
BS-非承重墙
  6
Continuous
 62
     7
 48
2.0
100
AcDbLine
 10
7233.840092674581
 20
-9351.78023494058
 30
0.0
 11
7639.649241618267
 21
-9351.78023494058
 31
0.0
  0
LINE
  5
16E
330
1F
100
AcDbEntity
  8
BS-非承重墙
  6
Continuous
 62
     7
 48
2.0
100
AcDbLine
 10
6815.413631684211
 20
-12858.67117347459
 30
0.0
 11
6540.248858265178
 21
-12856.64580304243
 31
0.0
  0
LINE
  5
16F
330
1F
100
AcDbEntity
  8
BS-非承重墙
  6
Continuous
 62
     7
 48
2.0
100
AcDbLine
 10
6659.365613417838
 20
-13097.52907190373
 30
0.0
 11
6813.647141989533
 21
-13098.66467237437
 31
0.0
  0
LINE
  5
170
330
1F
100
AcDbEntity
  8
BS-非承重墙
  6
Continuous
 62
     7
 48
2.0
100
AcDbLine
 10
6813.647141989533
 20
-13098.66467237437
 30
0.0
 11
6815.413631684211
 21
-12858.67117347459
 31
0.0
  0
LINE
  5
171
330
1F
100
AcDbEntity
  8
BS-非承重墙
  6
Continuous
 62
     7
 48
2.0
100
AcDbLine
 10
7602.442206256516
 20
-12864.46415483772
 30
0.0
 11
7600.675716561838
 21
-13104.4576537375
 31
0.0
  0
LINE
  5
172
330
1F
100
AcDbEntity
  8
BS-非承重墙
  6
Continuous
 62
     7
 48
2.0
100
AcDbLine
 10
7699.649241618267
 20
-12865.17965432835
 30
0.0
 11
7602.442206256516
 21
-12864.46415483772
 31
0.0
  0
LINE
  5
173
330
1F
100
AcDbEntity
  8
BS-非承重墙
  6
Continuous
 62
     7
 48
2.0
100
AcDbLine
 10
7600.675716561838
 20
-13104.4576537375
 30
0.0
 11
7819.649241618267
 21
-13106.06942437793
 31
0.0
  0
LINE
  5
174
330
1F
100
AcDbEntity
  8
BS-非承重墙
  6
Continuous
 62
     7
 48
2.0
100
AcDbLine
 10
5040.244129634775
 20
-13085.61140984769
 30
0.0
 11
6419.365613417838
 21
-13095.76253435723
 31
0.0
  0
LINE
  5
175
330
1F
100
AcDbEntity
  8
BS-非承重墙
  6
Continuous
 62
     7
 48
2.0
100
AcDbLine
 10
6540.248858265178
 20
-12856.64580304243
 30
0.0
 11
5280.244129634775
 21
-12847.37144611787
 31
0.0
  0
LINE
  5
176
330
1F
100
AcDbEntity
  8
BS-非承重墙
  6
Continuous
 62
     7
 48
2.0
100
AcDbLine
 10
8142.933627077344
 20
-13984.00505174273
 30
0.0
 11
6659.365613417839
 21
-13984.00505174273
 31
0.0
  0
LINE
  5
177
330
1F
100
AcDbEntity
  8
BS-非承重墙
  6
Continuous
 62
     7
 48
2.0
100
AcDbLine
 10
6659.365613417838
 20
-14104.00505174273
 30
0.0
 11
8142.933627077344
 21
-14104.00505174273
 31
0.0
  0
LINE
  5
178
330
1F
100
AcDbEntity
  8
BS-非承重墙
  6
Continuous
 62
     7
 48
2.0
100
AcDbLine
 10
8142.933627077344
 20
-14104.00505174273
 30
0.0
 11
8142.933627077344
 21
-13984.00505174273
 31
0.0
  0
LINE
  5
179
330
1F
100
AcDbEntity
  8
BS-非承重墙
  6
Continuous
 62
     7
 48
2.0
100
AcDbLine
 10
8929.983521192315
 20
-13984.00505174273
 30
0.0
 11
8929.983521192315
 21
-14104.00505174273
 31
0.0
  0
LINE
  5
17A
330
1F
100
AcDbEntity
  8
BS-非承重墙
  6
Continuous
 62
     7
 48
2.0
100
AcDbLine
 10
9042.595980062573
 20
-13984.00505174273
 30
0.0
 11
8929.983521192315
 21
-13984.00505174273
 31
0.0
  0
LINE
  5
17B
330
1F
100
AcDbEntity
  8
BS-非承重墙
  6
Continuous
 62
     7
 48
2.0
100
AcDbLine
 10
8929.983521192315
 20
-14104.00505174273
 30
0.0
 11
9042.595980062573
 21
-14104.00505174273
 31
0.0
  0
LINE
  5
17C
330
1F
100
AcDbEntity
  8
BS-非承重墙
  6
Continuous
 62
     7
 48
2.0
100
AcDbLine
 10
6419.365613417838
 20
-13095.76253435723
 30
0.0
 11
6419.365613417838
 21
-13139.92687494487
 31
0.0
  0
LINE
  5
17D
330
1F
100
AcDbEntity
  8
BS-非承重墙
  6
Continuous
 62
     7
 48
2.0
100
AcDbLine
 10
6419.365613417838
 20
-13926.97676905984
 30
0.0
 11
6419.365613417838
 21
-13984.00505174273
 31
0.0
  0
LINE
  5
17E
330
1F
100
AcDbEntity
  8
BS-非承重墙
  6
Continuous
 62
     7
 48
2.0
100
AcDbLine
 10
6419.365613417838
 20
-13139.92687494487
 30
0.0
 11
6659.365613417838
 21
-13139.92687494487
 31
0.0
  0
LINE
  5
17F
330
1F
100
AcDbEntity
  8
BS-非承重墙
  6
Continuous
 62
     7
 48
2.0
100
AcDbLine
 10
6659.365613417838
 20
-13926.97676905984
 30
0.0
 11
6419.365613417838
 21
-13926.97676905984
 31
0.0
  0
LINE
  5
180
330
1F
100
AcDbEntity
  8
BS-非承重墙
  6
Continuous
 62
     7
 48
2.0
100
AcDbLine
 10
6659.365613417838
 20
-13139.92687494487
 30
0.0
 11
6659.365613417838
 21
-13097.52907190373
 31
0.0
  0
LINE
  5
181
330
1F
100
AcDbEntity
  8
BS-非承重墙
  6
Continuous
 62
     7
 48
2.0
100
AcDbLine
 10
6659.365613417839
 20
-13984.00505174273
 30
0.0
 11
6659.365613417838
 21
-13926.97676905984
 31
0.0
  0
LINE
  5
182
330
1F
100
AcDbEntity
  8
BS-非承重墙
  6
Continuous
 62
     7
 48
2.0
100
AcDbLine
 10
7699.649241618267
 20
-10751.99678735776
 30
0.0
 11
7699.649241618267
 21
-12865.17965432835
 31
0.0
  0
LINE
  5
183
330
1F
100
AcDbEntity
  8
BS-非承重墙
  6
Continuous
 62
     7
 48
2.0
100
AcDbLine
 10
7819.649241618267
 20
-12925.62453935314
 30
0.0
 11
7819.649241618267
 21
-10751.99678735776
 31
0.0
  0
LINE
  5
184
330
1F
100
AcDbEntity
  8
BS-非承重墙
  6
Continuous
 62
     7
 48
2.0
100
AcDbLine
 10
7819.649241618267
 20
-13106.06942437793
 30
0.0
 11
7819.649241618267
 21
-13045.62453935314
 31
0.0
  0
LINE
  5
185
330
1F
100
AcDbEntity
  8
BS-非承重墙
  6
Continuous
 62
     7
 48
2.0
100
AcDbLine
 10
3652.037527077344
 20
-11605.96735049125
 30
0.0
 11
3010.943517121953
 21
-11605.96735049125
 31
0.0
  0
LINE
  5
186
330
1F
100
AcDbEntity
  8
BS-非承重墙
  6
Continuous
 62
     7
 48
2.0
100
AcDbLine
 10
3010.943517121953
 20
-11725.96735049125
 30
0.0
 11
3652.037527077344
 21
-11725.96735049125
 31
0.0
  0
LINE
  5
187
330
1F
100
AcDbEntity
  8
BS-非承重墙
  6
Continuous
 62
     7
 48
2.0
100
AcDbLine
 10
3652.037527077344
 20
-11725.96735049125
 30
0.0
 11
3652.037527077344
 21
-11605.96735049125
 31
0.0
  0
LINE
  5
188
330
1F
100
AcDbEntity
  8
BS-非承重墙
  6
Continuous
 62
     7
 48
2.0
100
AcDbLine
 10
4439.087421192315
 20
-11605.96735049125
 30
0.0
 11
4439.087421192315
 21
-11725.96735049125
 31
0.0
  0
LINE
  5
189
330
1F
100
AcDbEntity
  8
BS-非承重墙
  6
Continuous
 62
     7
 48
2.0
100
AcDbLine
 10
5040.244129634775
 20
-11605.96735049125
 30
0.0
 11
4439.087421192315
 21
-11605.96735049125
 31
0.0
  0
LINE
  5
18A
330
1F
100
AcDbEntity
  8
BS-非承重墙
  6
Continuous
 62
     7
 48
2.0
100
AcDbLine
 10
4439.087421192315
 20
-11725.96735049125
 30
0.0
 11
5040.244129634775
 21
-11725.96735049125
 31
0.0
  0
LINE
  5
18B
330
1F
100
AcDbEntity
  8
BS-非承重墙
  6
Continuous
 62
     7
 48
2.0
100
AcDbLine
 10
2770.943517121953
 20
-9486.001073629388
 30
0.0
 11
2770.943517121953
 21
-11605.96735049125
 31
0.0
  0
LINE
  5
18C
330
1F
100
AcDbEntity
  8
BS-非承重墙
  6
Continuous
 62
     7
 48
2.0
100
AcDbLine
 10
3010.943517121953
 20
-11605.96735049125
 30
0.0
 11
3010.943517121953
 21
-9607.806519938405
 31
0.0
  0
LINE
  5
18D
330
1F
100
AcDbEntity
  8
BS-非承重墙
  6
Continuous
 62
     7
 48
2.0
100
AcDbLine
 10
5040.244129634775
 20
-11725.96735049125
 30
0.0
 11
5040.244129634775
 21
-13085.61140984769
 31
0.0
  0
LINE
  5
18E
330
1F
100
AcDbEntity
  8
BS-非承重墙
  6
Continuous
 62
     7
 48
2.0
100
AcDbLine
 10
5280.244129634775
 20
-12847.37144611787
 30
0.0
 11
5280.244129634775
 21
-11725.96735049125
 31
0.0
  0
LINE
  5
18F
330
1F
100
AcDbEntity
  8
BS-非承重墙
  6
Continuous
 62
     7
 48
2.0
100
AcDbLine
 10
7924.929027077344
 20
-12925.62453935314
 30
0.0
 11
7819.649241618267
 21
-12925.62453935314
 31
0.0
  0
LINE
  5
190
330
1F
100
AcDbEntity
  8
BS-非承重墙
  6
Continuous
 62
     7
 48
2.0
100
AcDbLine
 10
7819.649241618267
 20
-13045.62453935314
 30
0.0
 11
7924.929027077344
 21
-13045.62453935314
 31
0.0
  0
LINE
  5
191
330
1F
100
AcDbEntity
  8
BS-非承重墙
  6
Continuous
 62
     7
 48
2.0
100
AcDbLine
 10
7924.929027077344
 20
-13045.62453935314
 30
0.0
 11
7924.929027077344
 21
-12925.62453935314
 31
0.0
  0
LINE
  5
192
330
1F
100
AcDbEntity
  8
BS-非承重墙
  6
Continuous
 62
     7
 48
2.0
100
AcDbLine
 10
8711.978921192314
 20
-12925.62453935314
 30
0.0
 11
8711.978921192314
 21
-13045.62453935314
 31
0.0
  0
LINE
  5
193
330
1F
100
AcDbEntity
  8
BS-非承重墙
  6
Continuous
 62
     7
 48
2.0
100
AcDbLine
 10
9042.595980062573
 20
-12925.62453935314
 30
0.0
 11
8711.978921192314
 21
-12925.62453935314
 31
0.0
  0
LINE
  5
194
330
1F
100
AcDbEntity
  8
BS-非承重墙
  6
Continuous
 62
     7
 48
2.0
100
AcDbLine
 10
8711.978921192314
 20
-13045.62453935314
 30
0.0
 11
9042.595980062573
 21
-13045.62453935314
 31
0.0
  0
LINE
  5
195
330
1F
100
AcDbEntity
  8
BS-非承重墙
  6
Continuous
 62
     7
 48
2.0
100
AcDbLine
 10
37384.69355067391
 20
-16694.23027641105
 30
0.0
 11
37384.69355067391
 21
-16934.23027641105
 31
0.0
  0
LINE
  5
196
330
1F
100
AcDbEntity
  8
BS-非承重墙
  6
Continuous
 62
     7
 48
2.0
100
AcDbLine
 10
37836.21839775241
 20
-16694.23027641105
 30
0.0
 11
37624.69355067391
 21
-16694.23027641105
 31
0.0
  0
LINE
  5
197
330
1F
100
AcDbEntity
  8
BS-非承重墙
  6
Continuous
 62
     7
 48
2.0
100
AcDbLine
 10
37624.69355067391
 20
-16934.23027641105
 30
0.0
 11
37836.21839775241
 21
-16934.23027641105
 31
0.0
  0
LINE
  5
198
330
1F
100
AcDbEntity
  8
BS-非承重墙
  6
Continuous
 62
     7
 48
2.0
100
AcDbLine
 10
39958.33901632279
 20
-16934.23027641105
 30
0.0
 11
40184.07411044876
 21
-16934.23027641105
 31
0.0
  0
LINE
  5
199
330
1F
100
AcDbEntity
  8
BS-非承重墙
  6
Continuous
 62
     7
 48
2.0
100
AcDbLine
 10
40184.07411044876
 20
-16934.23027641105
 30
0.0
 11
40184.07411044876
 21
-16694.23027641105
 31
0.0
  0
LINE
  5
19A
330
1F
100
AcDbEntity
  8
BS-非承重墙
  6
Continuous
 62
     7
 48
2.0
100
AcDbLine
 10
37384.69355067391
 20
-13094.74423197453
 30
0.0
 11
37384.69355067391
 21
-13199.70533893662
 31
0.0
  0
LINE
  5
19B
330
1F
100
AcDbEntity
  8
BS-非承重墙
  6
Continuous
 62
     7
 48
2.0
100
AcDbLine
 10
37384.69355067391
 20
-13986.75523305159
 30
0.0
 11
37384.69355067391
 21
-16694.23027641105
 31
0.0
  0
LINE
  5
19C
330
1F
100
AcDbEntity
  8
BS-非承重墙
  6
Continuous
 62
     7
 48
2.0
100
AcDbLine
 10
37624.69355067391
 20
-12854.74423197453
 30
0.0
 11
37384.69355067391
 21
-12854.74423197453
 31
0.0
  0
LINE
  5
19D
330
1F
100
AcDbEntity
  8
BS-非承重墙
  6
Continuous
 62
     7
 48
2.0
100
AcDbLine
 10
37624.69355067391
 20
-13199.70533893662
 30
0.0
 11
37624.69355067391
 21
-13094.74423197453
 31
0.0
  0
LINE
  5
19E
330
1F
100
AcDbEntity
  8
BS-非承重墙
  6
Continuous
 62
     7
 48
2.0
100
AcDbLine
 10
37624.69355067391
 20
-16694.23027641105
 30
0.0
 11
37624.69355067391
 21
-13986.75523305159
 31
0.0
  0
LINE
  5
19F
330
1F
100
AcDbEntity
  8
BS-非承重墙
  6
Continuous
 62
     7
 48
2.0
100
AcDbLine
 10
37624.69355067391
 20
-13094.74423197453
 30
0.0
 11
39944.07411044876
 21
-13094.74423197453
 31
0.0
  0
LINE
  5
1A0
330
1F
100
AcDbEntity
  8
BS-非承重墙
  6
Continuous
 62
     7
 48
2.0
100
AcDbLine
 10
40184.07411044876
 20
-12854.74423197453
 30
0.0
 11
37624.69355067391
 21
-12854.74423197453
 31
0.0
  0
LINE
  5
1A1
330
1F
100
AcDbEntity
  8
BS-非承重墙
  6
Continuous
 62
     7
 48
2.0
100
AcDbLine
 10
40184.07411044876
 20
-13094.74423197453
 30
0.0
 11
40184.07411044876
 21
-12854.74423197453
 31
0.0
  0
LINE
  5
1A2
330
1F
100
AcDbEntity
  8
BS-非承重墙
  6
Continuous
 62
     7
 48
2.0
100
AcDbLine
 10
39944.07411044876
 20
-13094.74423197453
 30
0.0
 11
39944.07411044876
 21
-16694.23027641105
 31
0.0
  0
LINE
  5
1A3
330
1F
100
AcDbEntity
  8
BS-非承重墙
  6
Continuous
 62
     7
 48
2.0
100
AcDbLine
 10
40184.07411044876
 20
-16694.23027641105
 30
0.0
 11
40184.07411044876
 21
-13094.74423197453
 31
0.0
  0
LINE
  5
1A4
330
1F
100
AcDbEntity
  8
BS-非承重墙
  6
Continuous
 62
     7
 48
2.0
100
AcDbLine
 10
37384.69355067391
 20
-16934.23027641105
 30
0.0
 11
37384.69355067391
 21
-17634.5485914111
 31
0.0
  0
LINE
  5
1A5
330
1F
100
AcDbEntity
  8
BS-非承重墙
  6
Continuous
 62
     7
 48
2.0
100
AcDbLine
 10
37384.69355067391
 20
-17874.5485914111
 30
0.0
 11
37624.69355067391
 21
-17874.5485914111
 31
0.0
  0
LINE
  5
1A6
330
1F
100
AcDbEntity
  8
BS-非承重墙
  6
Continuous
 62
     7
 48
2.0
100
AcDbLine
 10
37624.69355067391
 20
-17874.5485914111
 30
0.0
 11
37624.69355067391
 21
-16934.23027641105
 31
0.0
  0
LINE
  5
1A7
330
1F
100
AcDbEntity
  8
BS-非承重墙
  6
Continuous
 62
     7
 48
2.0
100
AcDbLine
 10
32033.33471296535
 20
-17874.5485914111
 30
0.0
 11
32613.38767189894
 21
-17874.5485914111
 31
0.0
  0
LINE
  5
1A8
330
1F
100
AcDbEntity
  8
BS-非承重墙
  6
Continuous
 62
     7
 48
2.0
100
AcDbLine
 10
32613.38767189894
 20
-17634.5485914111
 30
0.0
 11
32273.33471296535
 21
-17634.5485914111
 31
0.0
  0
LINE
  5
1A9
330
1F
100
AcDbEntity
  8
BS-非承重墙
  6
Continuous
 62
     7
 48
2.0
100
AcDbLine
 10
37384.69355067391
 20
-17634.5485914111
 30
0.0
 11
37067.05574217627
 21
-17634.5485914111
 31
0.0
  0
LINE
  5
1AA
330
1F
100
AcDbEntity
  8
BS-非承重墙
  6
Continuous
 62
     7
 48
2.0
100
AcDbLine
 10
37067.05574217627
 20
-17874.5485914111
 30
0.0
 11
37384.69355067391
 21
-17874.5485914111
 31
0.0
  0
LINE
  5
1AB
330
1F
100
AcDbEntity
  8
BS-非承重墙
  6
Continuous
 62
     7
 48
2.0
100
AcDbLine
 10
25761.68225002473
 20
-17356.74403455418
 30
0.0
 11
26279.48680688165
 21
-17874.5485914111
 31
0.0
  0
LINE
  5
1AC
330
1F
100
AcDbEntity
  8
BS-非承重墙
  6
Continuous
 62
     7
 48
2.0
100
AcDbLine
 10
26378.89806185119
 20
-17634.5485914111
 30
0.0
 11
26001.68225002473
 21
-17257.33277958464
 31
0.0
  0
LINE
  5
1AD
330
1F
100
AcDbEntity
  8
BS-非承重墙
  6
Continuous
 62
     7
 48
2.0
100
AcDbLine
 10
25761.68225002473
 20
-11614.220154483
 30
0.0
 11
25761.68225002473
 21
-17356.74403455418
 31
0.0
  0
LINE
  5
1AE
330
1F
100
AcDbEntity
  8
BS-非承重墙
  6
Continuous
 62
     7
 48
2.0
100
AcDbLine
 10
26001.68225002473
 20
-17257.33277958464
 30
0.0
 11
26001.68225002473
 21
-11734.220154483
 31
0.0
  0
LINE
  5
1AF
330
1F
100
AcDbEntity
  8
BS-非承重墙
  6
Continuous
 62
     7
 48
2.0
100
AcDbLine
 10
26273.32090364232
 20
-9120.033038932334
 30
0.0
 11
25761.68225002473
 21
-9494.253877621144
 31
0.0
  0
LINE
  5
1B0
330
1F
100
AcDbEntity
  8
BS-非承重墙
  6
Continuous
 62
     7
 48
2.0
100
AcDbLine
 10
26001.68225002473
 20
-9616.05932393016
 30
0.0
 11
26351.72407080086
 21
-9360.033038932334
 31
0.0
  0
LINE
  5
1B1
330
1F
100
AcDbEntity
  8
BS-非承重墙
  6
Continuous
 62
     7
 48
2.0
100
AcDbLine
 10
26575.17138849786
 20
-9120.033038932334
 30
0.0
 11
26273.32090364232
 21
-9120.033038932334
 31
0.0
  0
LINE
  5
1B2
330
1F
100
AcDbEntity
  8
BS-非承重墙
  6
Continuous
 62
     7
 48
2.0
100
AcDbLine
 10
26351.72407080086
 20
-9360.033038932334
 30
0.0
 11
26575.17138849786
 21
-9360.033038932334
 31
0.0
  0
LINE
  5
1B3
330
1F
100
AcDbEntity
  8
BS-非承重墙
  6
Continuous
 62
     7
 48
2.0
100
AcDbLine
 10
27813.67202557736
 20
-9360.033038932334
 30
0.0
 11
28030.98286253755
 21
-9360.033038932334
 31
0.0
  0
LINE
  5
1B4
330
1F
100
AcDbEntity
  8
BS-非承重墙
  6
Continuous
 62
     7
 48
2.0
100
AcDbLine
 10
28270.98286253755
 20
-9120.033038932334
 30
0.0
 11
27813.67202557736
 21
-9120.033038932334
 31
0.0
  0
LINE
  5
1B5
330
1F
100
AcDbEntity
  8
BS-非承重墙
  6
Continuous
 62
     7
 48
2.0
100
AcDbLine
 10
30630.38797452104
 20
-9360.033038932334
 30
0.0
 11
30630.38797452104
 21
-10760.24959134951
 31
0.0
  0
LINE
  5
1B6
330
1F
100
AcDbEntity
  8
BS-非承重墙
  6
Continuous
 62
     7
 48
2.0
100
AcDbLine
 10
30630.38797452104
 20
-10760.24959134951
 30
0.0
 11
30690.38797452104
 21
-10760.24959134951
 31
0.0
  0
LINE
  5
1B7
330
1F
100
AcDbEntity
  8
BS-非承重墙
  6
Continuous
 62
     7
 48
2.0
100
AcDbLine
 10
30810.38797452104
 20
-10760.24959134951
 30
0.0
 11
30870.38797452104
 21
-10760.24959134951
 31
0.0
  0
LINE
  5
1B8
330
1F
100
AcDbEntity
  8
BS-非承重墙
  6
Continuous
 62
     7
 48
2.0
100
AcDbLine
 10
30870.38797452104
 20
-10520.24959134951
 30
0.0
 11
30870.38797452104
 21
-9240.033038932334
 31
0.0
  0
LINE
  5
1B9
330
1F
100
AcDbEntity
  8
BS-非承重墙
  6
Continuous
 62
     7
 48
2.0
100
AcDbLine
 10
31148.41733934561
 20
-10520.24959134951
 30
0.0
 11
30870.38797452104
 21
-10520.24959134951
 31
0.0
  0
LINE
  5
1BA
330
1F
100
AcDbEntity
  8
BS-非承重墙
  6
Continuous
 62
     7
 48
2.0
100
AcDbLine
 10
30870.38797452104
 20
-10760.24959134951
 30
0.0
 11
31148.41733934561
 21
-10760.24959134951
 31
0.0
  0
LINE
  5
1BB
330
1F
100
AcDbEntity
  8
BS-非承重墙
  6
Continuous
 62
     7
 48
2.0
100
AcDbLine
 10
32033.33471296535
 20
-10520.24959134951
 30
0.0
 11
31833.7620747296
 21
-10520.24959134951
 31
0.0
  0
LINE
  5
1BC
330
1F
100
AcDbEntity
  8
BS-非承重墙
  6
Continuous
 62
     7
 48
2.0
100
AcDbLine
 10
31833.7620747296
 20
-10760.24959134951
 30
0.0
 11
32033.33471296535
 21
-10760.24959134951
 31
0.0
  0
LINE
  5
1BD
330
1F
100
AcDbEntity
  8
BS-非承重墙
  6
Continuous
 62
     7
 48
2.0
100
AcDbLine
 10
32033.33471296535
 20
-10760.24959134951
 30
0.0
 11
32033.33471296535
 21
-12933.87734334489
 31
0.0
  0
LINE
  5
1BE
330
1F
100
AcDbEntity
  8
BS-非承重墙
  6
Continuous
 62
     7
 48
2.0
100
AcDbLine
 10
32033.33471296535
 20
-13053.87734334489
 30
0.0
 11
32273.33471296535
 21
-13053.87734334489
 31
0.0
  0
LINE
  5
1BF
330
1F
100
AcDbEntity
  8
BS-非承重墙
  6
Continuous
 62
     7
 48
2.0
100
AcDbLine
 10
32273.33471296535
 20
-13053.87734334489
 30
0.0
 11
32273.33471296535
 21
-10760.24959134951
 31
0.0
  0
LINE
  5
1C0
330
1F
100
AcDbEntity
  8
BS-非承重墙
  6
Continuous
 62
     7
 48
2.0
100
AcDbLine
 10
30630.38797452104
 20
-8594.813648277881
 30
0.0
 11
30630.38797452104
 21
-9120.033038932334
 31
0.0
  0
LINE
  5
1C1
330
1F
100
AcDbEntity
  8
BS-非承重墙
  6
Continuous
 62
     7
 48
2.0
100
AcDbLine
 10
30870.38797452104
 20
-9240.033038932334
 30
0.0
 11
30870.38797452104
 21
-8694.224903247425
 31
0.0
  0
LINE
  5
1C2
330
1F
100
AcDbEntity
  8
BS-非承重墙
  6
Continuous
 62
     7
 48
2.0
100
AcDbLine
 10
31064.19961305447
 20
-8161.002009744455
 30
0.0
 11
30630.38797452104
 21
-8594.813648277881
 31
0.0
  0
LINE
  5
1C3
330
1F
100
AcDbEntity
  8
BS-非承重墙
  6
Continuous
 62
     7
 48
2.0
100
AcDbLine
 10
30870.38797452104
 20
-8694.224903247425
 30
0.0
 11
31163.61086802402
 21
-8401.002009744454
 31
0.0
  0
LINE
  5
1C4
330
1F
100
AcDbEntity
  8
BS-非承重墙
  6
Continuous
 62
     7
 48
2.0
100
AcDbLine
 10
31182.28823934561
 20
-8161.002009744455
 30
0.0
 11
31064.19961305447
 21
-8161.002009744455
 31
0.0
  0
LINE
  5
1C5
330
1F
100
AcDbEntity
  8
BS-非承重墙
  6
Continuous
 62
     7
 48
2.0
100
AcDbLine
 10
31163.61086802402
 20
-8401.002009744454
 30
0.0
 11
31182.28823934561
 21
-8401.002009744454
 31
0.0
  0
LINE
  5
1C6
330
1F
100
AcDbEntity
  8
BS-非承重墙
  6
Continuous
 62
     7
 48
2.0
100
AcDbLine
 10
31867.6329747296
 20
-8401.002009744454
 30
0.0
 11
32033.33471296535
 21
-8401.002009744454
 31
0.0
  0
LINE
  5
1C7
330
1F
100
AcDbEntity
  8
BS-非承重墙
  6
Continuous
 62
     7
 48
2.0
100
AcDbLine
 10
32273.33471296535
 20
-8161.002009744455
 30
0.0
 11
31867.6329747296
 21
-8161.002009744455
 31
0.0
  0
LINE
  5
1C8
330
1F
100
AcDbEntity
  8
BS-非承重墙
  6
Continuous
 62
     7
 48
2.0
100
AcDbLine
 10
32033.33471296535
 20
-8401.002009744454
 30
0.0
 11
32033.33471296535
 21
-9322.146538936622
 31
0.0
  0
LINE
  5
1C9
330
1F
100
AcDbEntity
  8
BS-非承重墙
  6
Continuous
 62
     7
 48
2.0
100
AcDbLine
 10
32033.33471296535
 20
-10109.19643305159
 30
0.0
 11
32033.33471296535
 21
-10520.24959134951
 31
0.0
  0
LINE
  5
1CA
330
1F
100
AcDbEntity
  8
BS-非承重墙
  6
Continuous
 62
     7
 48
2.0
100
AcDbLine
 10
32273.33471296535
 20
-9322.146538936622
 30
0.0
 11
32273.33471296535
 21
-8401.002009744454
 31
0.0
  0
LINE
  5
1CB
330
1F
100
AcDbEntity
  8
BS-非承重墙
  6
Continuous
 62
     7
 48
2.0
100
AcDbLine
 10
32273.33471296535
 20
-10520.24959134951
 30
0.0
 11
32273.33471296535
 21
-10109.19643305159
 31
0.0
  0
LINE
  5
1CC
330
1F
100
AcDbEntity
  8
BS-非承重墙
  6
Continuous
 62
     7
 48
2.0
100
AcDbLine
 10
33038.63484849785
 20
-8161.002009744455
 30
0.0
 11
32273.33471296535
 21
-8161.002009744455
 31
0.0
  0
LINE
  5
1CD
330
1F
100
AcDbEntity
  8
BS-非承重墙
  6
Continuous
 62
     7
 48
2.0
100
AcDbLine
 10
32273.33471296535
 20
-8401.002009744454
 30
0.0
 11
33038.63484849785
 21
-8401.002009744454
 31
0.0
  0
LINE
  5
1CE
330
1F
100
AcDbEntity
  8
BS-非承重墙
  6
Continuous
 62
     7
 48
2.0
100
AcDbLine
 10
34277.13548557736
 20
-8401.002009744454
 30
0.0
 11
35147.496664783
 21
-8401.002009744454
 31
0.0
  0
LINE
  5
1CF
330
1F
100
AcDbEntity
  8
BS-非承重墙
  6
Continuous
 62
     7
 48
2.0
100
AcDbLine
 10
35387.496664783
 20
-8161.002009744455
 30
0.0
 11
34277.13548557736
 21
-8161.002009744455
 31
0.0
  0
LINE
  5
1D0
330
1F
100
AcDbEntity
  8
BS-非承重墙
  6
Continuous
 62
     7
 48
2.0
100
AcDbLine
 10
35387.496664783
 20
-8401.002009744454
 30
0.0
 11
35387.496664783
 21
-8161.002009744455
 31
0.0
  0
LINE
  5
1D1
330
1F
100
AcDbEntity
  8
BS-非承重墙
  6
Continuous
 62
     7
 48
2.0
100
AcDbLine
 10
35147.496664783
 20
-8401.002009744454
 30
0.0
 11
35147.496664783
 21
-10520.24959134951
 31
0.0
  0
LINE
  5
1D2
330
1F
100
AcDbEntity
  8
BS-非承重墙
  6
Continuous
 62
     7
 48
2.0
100
AcDbLine
 10
35387.496664783
 20
-10760.24959134951
 30
0.0
 11
35387.496664783
 21
-8401.002009744454
 31
0.0
  0
LINE
  5
1D3
330
1F
100
AcDbEntity
  8
BS-非承重墙
  6
Continuous
 62
     7
 48
2.0
100
AcDbLine
 10
35147.496664783
 20
-11162.56898016812
 30
0.0
 11
35147.496664783
 21
-11402.56898016812
 31
0.0
  0
LINE
  5
1D4
330
1F
100
AcDbEntity
  8
BS-非承重墙
  6
Continuous
 62
     7
 48
2.0
100
AcDbLine
 10
35147.496664783
 20
-11402.56898016812
 30
0.0
 11
35470.59187846807
 21
-11402.56898016812
 31
0.0
  0
LINE
  5
1D5
330
1F
100
AcDbEntity
  8
BS-非承重墙
  6
Continuous
 62
     7
 48
2.0
100
AcDbLine
 10
35470.59187846807
 20
-11162.56898016812
 30
0.0
 11
35387.496664783
 21
-11162.56898016812
 31
0.0
  0
LINE
  5
1D6
330
1F
100
AcDbEntity
  8
BS-非承重墙
  6
Continuous
 62
     7
 48
2.0
100
AcDbLine
 10
36812.15853560713
 20
-11402.56898016812
 30
0.0
 11
36853.7771053123
 21
-11402.56898016812
 31
0.0
  0
LINE
  5
1D7
330
1F
100
AcDbEntity
  8
BS-非承重墙
  6
Continuous
 62
     7
 48
2.0
100
AcDbLine
 10
37093.7771053123
 20
-11162.56898016812
 30
0.0
 11
36812.15853560713
 21
-11162.56898016812
 31
0.0
  0
LINE
  5
1D8
330
1F
100
AcDbEntity
  8
BS-非承重墙
  6
Continuous
 62
     7
 48
2.0
100
AcDbLine
 10
37093.7771053123
 20
-11402.56898016812
 30
0.0
 11
37093.7771053123
 21
-11162.56898016812
 31
0.0
  0
LINE
  5
1D9
330
1F
100
AcDbEntity
  8
BS-非承重墙
  6
Continuous
 62
     7
 48
2.0
100
AcDbLine
 10
36853.7771053123
 20
-11402.56898016812
 30
0.0
 11
36853.7771053123
 21
-13094.74423197453
 31
0.0
  0
LINE
  5
1DA
330
1F
100
AcDbEntity
  8
BS-非承重墙
  6
Continuous
 62
     7
 48
2.0
100
AcDbLine
 10
36853.7771053123
 20
-13094.74423197453
 30
0.0
 11
37093.7771053123
 21
-13094.74423197453
 31
0.0
  0
LINE
  5
1DB
330
1F
100
AcDbEntity
  8
BS-非承重墙
  6
Continuous
 62
     7
 48
2.0
100
AcDbLine
 10
37093.7771053123
 20
-12854.74423197453
 30
0.0
 11
37093.7771053123
 21
-11402.56898016812
 31
0.0
  0
LINE
  5
1DC
330
1F
100
AcDbEntity
  8
BS-非承重墙
  6
Continuous
 62
     7
 48
2.0
100
AcDbLine
 10
37384.69355067391
 20
-12854.74423197453
 30
0.0
 11
37093.7771053123
 21
-12854.74423197453
 31
0.0
  0
LINE
  5
1DD
330
1F
100
AcDbEntity
  8
BS-非承重墙
  6
Continuous
 62
     7
 48
2.0
100
AcDbLine
 10
37093.7771053123
 20
-13094.74423197453
 30
0.0
 11
37384.69355067391
 21
-13094.74423197453
 31
0.0
  0
LINE
  5
1DE
330
1F
100
AcDbEntity
  8
BS-非承重墙
  6
Continuous
 62
     7
 48
2.0
100
AcDbLine
 10
32871.82844683398
 20
-10520.24959134951
 30
0.0
 11
32273.33471296535
 21
-10520.24959134951
 31
0.0
  0
LINE
  5
1DF
330
1F
100
AcDbEntity
  8
BS-非承重墙
  6
Continuous
 62
     7
 48
2.0
100
AcDbLine
 10
32273.33471296535
 20
-10760.24959134951
 30
0.0
 11
32871.82844683398
 21
-10760.24959134951
 31
0.0
  0
LINE
  5
1E0
330
1F
100
AcDbEntity
  8
BS-非承重墙
  6
Continuous
 62
     7
 48
2.0
100
AcDbLine
 10
35147.496664783
 20
-10520.24959134951
 30
0.0
 11
34728.33190724124
 21
-10520.24959134951
 31
0.0
  0
LINE
  5
1E1
330
1F
100
AcDbEntity
  8
BS-非承重墙
  6
Continuous
 62
     7
 48
2.0
100
AcDbLine
 10
34728.33190724124
 20
-10760.24959134951
 30
0.0
 11
35147.496664783
 21
-10760.24959134951
 31
0.0
  0
LINE
  5
1E2
330
1F
100
AcDbEntity
  8
BS-非承重墙
  6
Continuous
 62
     7
 48
2.0
100
AcDbLine
 10
35147.496664783
 20
-10760.24959134951
 30
0.0
 11
35147.496664783
 21
-11162.56898016812
 31
0.0
  0
LINE
  5
1E3
330
1F
100
AcDbEntity
  8
BS-非承重墙
  6
Continuous
 62
     7
 48
2.0
100
AcDbLine
 10
35387.496664783
 20
-11162.56898016812
 30
0.0
 11
35387.496664783
 21
-10760.24959134951
 31
0.0
  0
LINE
  5
1E4
330
1F
100
AcDbEntity
  8
BS-非承重墙
  6
Continuous
 62
     7
 48
2.0
100
AcDbLine
 10
29410.10434632061
 20
-13992.25785573449
 30
0.0
 11
29410.10434632061
 21
-17634.5485914111
 31
0.0
  0
LINE
  5
1E5
330
1F
100
AcDbEntity
  8
BS-非承重墙
  6
Continuous
 62
     7
 48
2.0
100
AcDbLine
 10
29410.10434632061
 20
-17874.5485914111
 30
0.0
 11
29650.10434632061
 21
-17874.5485914111
 31
0.0
  0
LINE
  5
1E6
330
1F
100
AcDbEntity
  8
BS-非承重墙
  6
Continuous
 62
     7
 48
2.0
100
AcDbLine
 10
29650.10434632061
 20
-17634.5485914111
 30
0.0
 11
29650.10434632061
 21
-14112.25785573449
 31
0.0
  0
LINE
  5
1E7
330
1F
100
AcDbEntity
  8
BS-非承重墙
  6
Continuous
 62
     7
 48
2.0
100
AcDbLine
 10
26279.48680688165
 20
-17874.5485914111
 30
0.0
 11
26637.50989775242
 21
-17874.5485914111
 31
0.0
  0
LINE
  5
1E8
330
1F
100
AcDbEntity
  8
BS-非承重墙
  6
Continuous
 62
     7
 48
2.0
100
AcDbLine
 10
26637.50989775242
 20
-17634.5485914111
 30
0.0
 11
26378.89806185119
 21
-17634.5485914111
 31
0.0
  0
LINE
  5
1E9
330
1F
100
AcDbEntity
  8
BS-非承重墙
  6
Continuous
 62
     7
 48
2.0
100
AcDbLine
 10
29410.10434632061
 20
-17634.5485914111
 30
0.0
 11
28759.63051632279
 21
-17634.5485914111
 31
0.0
  0
LINE
  5
1EA
330
1F
100
AcDbEntity
  8
BS-非承重墙
  6
Continuous
 62
     7
 48
2.0
100
AcDbLine
 10
28759.63051632279
 20
-17874.5485914111
 30
0.0
 11
29410.10434632061
 21
-17874.5485914111
 31
0.0
  0
LINE
  5
1EB
330
1F
100
AcDbEntity
  8
BS-非承重墙
  6
Continuous
 62
     7
 48
2.0
100
AcDbLine
 10
32033.33471296535
 20
-14112.25785573449
 30
0.0
 11
32033.33471296535
 21
-17634.5485914111
 31
0.0
  0
LINE
  5
1EC
330
1F
100
AcDbEntity
  8
BS-非承重墙
  6
Continuous
 62
     7
 48
2.0
100
AcDbLine
 10
32273.33471296535
 20
-13992.25785573449
 30
0.0
 11
32033.33471296535
 21
-13992.25785573449
 31
0.0
  0
LINE
  5
1ED
330
1F
100
AcDbEntity
  8
BS-非承重墙
  6
Continuous
 62
     7
 48
2.0
100
AcDbLine
 10
32273.33471296535
 20
-17634.5485914111
 30
0.0
 11
32273.33471296535
 21
-13992.25785573449
 31
0.0
  0
LINE
  5
1EE
330
1F
100
AcDbEntity
  8
BS-非承重墙
  6
Continuous
 62
     7
 48
2.0
100
AcDbLine
 10
29737.52139775241
 20
-17634.5485914111
 30
0.0
 11
29650.10434632061
 21
-17634.5485914111
 31
0.0
  0
LINE
  5
1EF
330
1F
100
AcDbEntity
  8
BS-非承重墙
  6
Continuous
 62
     7
 48
2.0
100
AcDbLine
 10
29650.10434632061
 20
-17874.5485914111
 30
0.0
 11
29737.52139775241
 21
-17874.5485914111
 31
0.0
  0
LINE
  5
1F0
330
1F
100
AcDbEntity
  8
BS-非承重墙
  6
Continuous
 62
     7
 48
2.0
100
AcDbLine
 10
32033.33471296535
 20
-17634.5485914111
 30
0.0
 11
31859.64201632279
 21
-17634.5485914111
 31
0.0
  0
LINE
  5
1F1
330
1F
100
AcDbEntity
  8
BS-非承重墙
  6
Continuous
 62
     7
 48
2.0
100
AcDbLine
 10
31859.64201632279
 20
-17874.5485914111
 30
0.0
 11
32033.33471296535
 21
-17874.5485914111
 31
0.0
  0
LINE
  5
1F2
330
1F
100
AcDbEntity
  8
BS-非承重墙
  6
Continuous
 62
     7
 48
2.0
100
AcDbLine
 10
28030.98286253755
 20
-9360.033038932334
 30
0.0
 11
28030.98286253755
 21
-11614.220154483
 31
0.0
  0
LINE
  5
1F3
330
1F
100
AcDbEntity
  8
BS-非承重墙
  6
Continuous
 62
     7
 48
2.0
100
AcDbLine
 10
28270.98286253755
 20
-11734.220154483
 30
0.0
 11
28270.98286253755
 21
-9360.033038932334
 31
0.0
  0
LINE
  5
1F4
330
1F
100
AcDbEntity
  8
BS-非承重墙
  6
Continuous
 62
     7
 48
2.0
100
AcDbLine
 10
28986.07818849785
 20
-9120.033038932334
 30
0.0
 11
28270.98286253755
 21
-9120.033038932334
 31
0.0
  0
LINE
  5
1F5
330
1F
100
AcDbEntity
  8
BS-非承重墙
  6
Continuous
 62
     7
 48
2.0
100
AcDbLine
 10
28270.98286253755
 20
-9360.033038932334
 30
0.0
 11
28986.07818849785
 21
-9360.033038932334
 31
0.0
  0
LINE
  5
1F6
330
1F
100
AcDbEntity
  8
BS-非承重墙
  6
Continuous
 62
     7
 48
2.0
100
AcDbLine
 10
30630.38797452104
 20
-9120.033038932334
 30
0.0
 11
30224.57882557736
 21
-9120.033038932334
 31
0.0
  0
LINE
  5
1F7
330
1F
100
AcDbEntity
  8
BS-非承重墙
  6
Continuous
 62
     7
 48
2.0
100
AcDbLine
 10
30224.57882557736
 20
-9360.033038932334
 30
0.0
 11
30630.38797452104
 21
-9360.033038932334
 31
0.0
  0
LINE
  5
1F8
330
1F
100
AcDbEntity
  8
BS-非承重墙
  6
Continuous
 62
     7
 48
2.0
100
AcDbLine
 10
29806.15236458699
 20
-12866.92397746635
 30
0.0
 11
29530.98759116795
 21
-12864.89860703418
 31
0.0
  0
LINE
  5
1F9
330
1F
100
AcDbEntity
  8
BS-非承重墙
  6
Continuous
 62
     7
 48
2.0
100
AcDbLine
 10
29650.10434632061
 20
-13105.78187589549
 30
0.0
 11
29804.38587489231
 21
-13106.91747636613
 31
0.0
  0
LINE
  5
1FA
330
1F
100
AcDbEntity
  8
BS-非承重墙
  6
Continuous
 62
     7
 48
2.0
100
AcDbLine
 10
30690.38797452104
 20
-12873.4324583201
 30
0.0
 11
30593.18093915929
 21
-12872.71695882948
 31
0.0
  0
LINE
  5
1FB
330
1F
100
AcDbEntity
  8
BS-非承重墙
  6
Continuous
 62
     7
 48
2.0
100
AcDbLine
 10
30591.41444946461
 20
-13112.71045772926
 30
0.0
 11
30810.38797452104
 21
-13114.32222836968
 31
0.0
  0
LINE
  5
1FC
330
1F
100
AcDbEntity
  8
BS-非承重墙
  6
Continuous
 62
     7
 48
2.0
100
AcDbLine
 10
28030.98286253755
 20
-13093.86421383945
 30
0.0
 11
29410.10434632061
 21
-13104.01533834898
 31
0.0
  0
LINE
  5
1FD
330
1F
100
AcDbEntity
  8
BS-非承重墙
  6
Continuous
 62
     7
 48
2.0
100
AcDbLine
 10
29530.98759116795
 20
-12864.89860703418
 30
0.0
 11
28270.98286253755
 21
-12855.62425010962
 31
0.0
  0
LINE
  5
1FE
330
1F
100
AcDbEntity
  8
BS-非承重墙
  6
Continuous
 62
     7
 48
2.0
100
AcDbLine
 10
31133.67235998012
 20
-13992.25785573449
 30
0.0
 11
29650.10434632061
 21
-13992.25785573449
 31
0.0
  0
LINE
  5
1FF
330
1F
100
AcDbEntity
  8
BS-非承重墙
  6
Continuous
 62
     7
 48
2.0
100
AcDbLine
 10
29650.10434632061
 20
-14112.25785573449
 30
0.0
 11
31133.67235998012
 21
-14112.25785573449
 31
0.0
  0
LINE
  5
200
330
1F
100
AcDbEntity
  8
BS-非承重墙
  6
Continuous
 62
     7
 48
2.0
100
AcDbLine
 10
32033.33471296535
 20
-13992.25785573449
 30
0.0
 11
31920.72225409509
 21
-13992.25785573449
 31
0.0
  0
LINE
  5
201
330
1F
100
AcDbEntity
  8
BS-非承重墙
  6
Continuous
 62
     7
 48
2.0
100
AcDbLine
 10
31920.72225409509
 20
-14112.25785573449
 30
0.0
 11
32033.33471296535
 21
-14112.25785573449
 31
0.0
  0
LINE
  5
202
330
1F
100
AcDbEntity
  8
BS-非承重墙
  6
Continuous
 62
     7
 48
2.0
100
AcDbLine
 10
29410.10434632061
 20
-13104.01533834898
 30
0.0
 11
29410.10434632061
 21
-13148.17967893662
 31
0.0
  0
LINE
  5
203
330
1F
100
AcDbEntity
  8
BS-非承重墙
  6
Continuous
 62
     7
 48
2.0
100
AcDbLine
 10
29410.10434632061
 20
-13935.2295730516
 30
0.0
 11
29410.10434632061
 21
-13992.25785573449
 31
0.0
  0
LINE
  5
204
330
1F
100
AcDbEntity
  8
BS-非承重墙
  6
Continuous
 62
     7
 48
2.0
100
AcDbLine
 10
29650.10434632061
 20
-13148.17967893662
 30
0.0
 11
29650.10434632061
 21
-13105.78187589549
 31
0.0
  0
LINE
  5
205
330
1F
100
AcDbEntity
  8
BS-非承重墙
  6
Continuous
 62
     7
 48
2.0
100
AcDbLine
 10
29650.10434632061
 20
-13992.25785573449
 30
0.0
 11
29650.10434632061
 21
-13935.2295730516
 31
0.0
  0
LINE
  5
206
330
1F
100
AcDbEntity
  8
BS-非承重墙
  6
Continuous
 62
     7
 48
2.0
100
AcDbLine
 10
30690.38797452104
 20
-10760.24959134951
 30
0.0
 11
30690.38797452104
 21
-12873.4324583201
 31
0.0
  0
LINE
  5
207
330
1F
100
AcDbEntity
  8
BS-非承重墙
  6
Continuous
 62
     7
 48
2.0
100
AcDbLine
 10
30810.38797452104
 20
-12933.87734334489
 30
0.0
 11
30810.38797452104
 21
-10760.24959134951
 31
0.0
  0
LINE
  5
208
330
1F
100
AcDbEntity
  8
BS-非承重墙
  6
Continuous
 62
     7
 48
2.0
100
AcDbLine
 10
30810.38797452104
 20
-13114.32222836968
 30
0.0
 11
30810.38797452104
 21
-13053.87734334489
 31
0.0
  0
LINE
  5
209
330
1F
100
AcDbEntity
  8
BS-非承重墙
  6
Continuous
 62
     7
 48
2.0
100
AcDbLine
 10
26642.77625998012
 20
-11614.220154483
 30
0.0
 11
26001.68225002473
 21
-11614.220154483
 31
0.0
  0
LINE
  5
20A
330
1F
100
AcDbEntity
  8
BS-非承重墙
  6
Continuous
 62
     7
 48
2.0
100
AcDbLine
 10
26001.68225002473
 20
-11734.220154483
 30
0.0
 11
26642.77625998012
 21
-11734.220154483
 31
0.0
  0
LINE
  5
20B
330
1F
100
AcDbEntity
  8
BS-非承重墙
  6
Continuous
 62
     7
 48
2.0
100
AcDbLine
 10
28030.98286253755
 20
-11614.220154483
 30
0.0
 11
27429.82615409509
 21
-11614.220154483
 31
0.0
  0
LINE
  5
20C
330
1F
100
AcDbEntity
  8
BS-非承重墙
  6
Continuous
 62
     7
 48
2.0
100
AcDbLine
 10
27429.82615409509
 20
-11734.220154483
 30
0.0
 11
28030.98286253755
 21
-11734.220154483
 31
0.0
  0
LINE
  5
20D
330
1F
100
AcDbEntity
  8
BS-非承重墙
  6
Continuous
 62
     7
 48
2.0
100
AcDbLine
 10
25761.68225002473
 20
-9494.253877621144
 30
0.0
 11
25761.68225002473
 21
-11614.220154483
 31
0.0
  0
LINE
  5
20E
330
1F
100
AcDbEntity
  8
BS-非承重墙
  6
Continuous
 62
     7
 48
2.0
100
AcDbLine
 10
26001.68225002473
 20
-11614.220154483
 30
0.0
 11
26001.68225002473
 21
-9616.05932393016
 31
0.0
  0
LINE
  5
20F
330
1F
100
AcDbEntity
  8
BS-非承重墙
  6
Continuous
 62
     7
 48
2.0
100
AcDbLine
 10
28030.98286253755
 20
-11734.220154483
 30
0.0
 11
28030.98286253755
 21
-13093.86421383945
 31
0.0
  0
LINE
  5
210
330
1F
100
AcDbEntity
  8
BS-非承重墙
  6
Continuous
 62
     7
 48
2.0
100
AcDbLine
 10
28270.98286253755
 20
-12855.62425010962
 30
0.0
 11
28270.98286253755
 21
-11734.220154483
 31
0.0
  0
LINE
  5
211
330
1F
100
AcDbEntity
  8
BS-非承重墙
  6
Continuous
 62
     7
 48
2.0
100
AcDbLine
 10
30915.66775998012
 20
-12933.87734334489
 30
0.0
 11
30810.38797452104
 21
-12933.87734334489
 31
0.0
  0
LINE
  5
212
330
1F
100
AcDbEntity
  8
BS-非承重墙
  6
Continuous
 62
     7
 48
2.0
100
AcDbLine
 10
30810.38797452104
 20
-13053.87734334489
 30
0.0
 11
30915.66775998012
 21
-13053.87734334489
 31
0.0
  0
LINE
  5
213
330
1F
100
AcDbEntity
  8
BS-非承重墙
  6
Continuous
 62
     7
 48
2.0
100
AcDbLine
 10
32033.33471296535
 20
-12933.87734334489
 30
0.0
 11
31702.71765409509
 21
-12933.87734334489
 31
0.0
  0
LINE
  5
214
330
1F
100
AcDbEntity
  8
BS-非承重墙
  6
Continuous
 62
     7
 48
2.0
100
AcDbLine
 10
31702.71765409509
 20
-13053.87734334489
 30
0.0
 11
32033.33471296535
 21
-13053.87734334489
 31
0.0
  0
INSERT
  5
215
330
1F
100
AcDbEntity
  8
DS-门窗
 62
     7
100
AcDbBlockReference
  2
WINDOW_9e0786a6b8918f7c342819c580b3edcd_699746a6b8464565a727d0ed89f50dfb
 10
9978.87397413483
 20
-12865.61668200235
 30
0.0
  0
INSERT
  5
216
330
1F
100
AcDbEntity
  8
DS-门窗
 62
     7
100
AcDbBlockReference
  2
WINDOW_eede3d4e8a822b652b7783998cd47e11_e8eea54a83b44914b88237e5be9b18fd
 10
9978.87397413483
 20
-12865.61668200235
 30
0.0
  0
INSERT
  5
217
330
1F
100
AcDbEntity
  8
DS-门窗
 62
     7
100
AcDbBlockReference
  2
WINDOW_6417d363eb4f494f6d503de66802a4f9_18dd0f80aa014cfe96322e16fa3c71d5
 10
9978.87397413483
 20
-12865.61668200235
 30
0.0
  0
INSERT
  5
218
330
1F
100
AcDbEntity
  8
DS-门窗
 62
     7
100
AcDbBlockReference
  2
WINDOW_36da3f5ccc369a2875893b4bf0e6b57e_f8f34f1c91b94fdc904ccb70ce58f8c9
 10
9978.87397413483
 20
-12865.61668200235
 30
0.0
  0
INSERT
  5
219
330
1F
100
AcDbEntity
  8
DS-门窗
 62
     7
100
AcDbBlockReference
  2
WINDOW_707d98e14a61741e5bc26cd956e82e5f_e1ac6724f8ff4288a9cb535b9c8ccb21
 10
9978.87397413483
 20
-12865.61668200235
 30
0.0
  0
INSERT
  5
21A
330
1F
100
AcDbEntity
  8
DS-门窗
 62
     7
100
AcDbBlockReference
  2
WINDOW_12fede53e8cd83acec45c77d195fecce_aa54e5c732234c7ba73444be8ba03245
 10
9978.87397413483
 20
-12865.61668200235
 30
0.0
  0
INSERT
  5
21B
330
1F
100
AcDbEntity
  8
DS-门窗
 62
     7
100
AcDbBlockReference
  2
WINDOW_e1413c120b53c1950df82a14400b80ab_b535bfacd8ef4951a2f85ba55b7bd963
 10
9978.87397413483
 20
-12865.61668200235
 30
0.0
  0
INSERT
  5
21C
330
1F
100
AcDbEntity
  8
DS-门窗
 62
     7
100
AcDbBlockReference
  2
WINDOW_b5916d4dfa8b0edaa0befcce3b6c83dc_eb61b46063364af6ac31788c12228f36
 10
9978.87397413483
 20
-12865.61668200235
 30
0.0
  0
INSERT
  5
21D
330
1F
100
AcDbEntity
  8
DS-门窗
 62
     7
100
AcDbBlockReference
  2
WINDOW_f08b9616612e8105601e8a974d0bf1fd_cf8b4997c4b54220b2e9c22817cf59b9
 10
9978.87397413483
 20
-12865.61668200235
 30
0.0
  0
INSERT
  5
21E
330
1F
100
AcDbEntity
  8
DS-门窗
 62
     7
100
AcDbBlockReference
  2
WINDOW_d2bf44923f063b99043b6629e2dc5596_65d58f8b3c4644a4b537f87e552f670e
 10
32969.6127070376
 20
-12873.86948599411
 30
0.0
  0
INSERT
  5
21F
330
1F
100
AcDbEntity
  8
DS-门窗
 62
     7
100
AcDbBlockReference
  2
WINDOW_dda7be86b2d194ed9017f27c36ae2ee6_67aec39b51144958a70b7d2f797984ce
 10
32969.6127070376
 20
-12873.86948599411
 30
0.0
  0
INSERT
  5
220
330
1F
100
AcDbEntity
  8
DS-门窗
 62
     7
100
AcDbBlockReference
  2
WINDOW_a62b61572bc37d58dc9e2607d579309c_19cabc8ac68d438292a2dbee5d9ffa78
 10
32969.6127070376
 20
-12873.86948599411
 30
0.0
  0
INSERT
  5
221
330
1F
100
AcDbEntity
  8
DS-门窗
 62
     7
100
AcDbBlockReference
  2
WINDOW_901e531f2d109fc9228922a418da6d7e_180650a6c23d48fc9906bfc32fea3137
 10
32969.6127070376
 20
-12873.86948599411
 30
0.0
  0
INSERT
  5
222
330
1F
100
AcDbEntity
  8
DS-门窗
 62
     7
100
AcDbBlockReference
  2
WINDOW_2dabe6a3f66ad981135af9a1e4afb64f_94e704c11bf74612bcbc1eeecc1d5c7c
 10
32969.6127070376
 20
-12873.86948599411
 30
0.0
  0
INSERT
  5
223
330
1F
100
AcDbEntity
  8
DS-门窗
 62
     7
100
AcDbBlockReference
  2
DOOR_fc16af7c67214b6b2f2defd95263af8d_9140ba4ccb784bec9770fdfd2bd67f3c
 10
32969.6127070376
 20
-12873.86948599411
 30
0.0
  0
INSERT
  5
224
330
1F
100
AcDbEntity
  8
DS-门窗
 62
     7
100
AcDbBlockReference
  2
LEGEND_53b17ed9e7bc361a9d5f7c8f8c891103_0325671d14544a5e9625c67889f8c782
 10
32273.33470703761
 20
-10109.19641885544
 30
0.0
 50
90.0
  0
INSERT
  5
225
330
1F
100
AcDbEntity
  8
DS-门窗
 62
     7
100
AcDbBlockReference
  2
LEGEND_21c7235f9fb190111f4370a596c8782f_f730b179c3a6443a9e8fe988db1792cb
 10
26642.77627417628
 20
-11734.22018599411
 30
0.0
  0
INSERT
  5
226
330
1F
100
AcDbEntity
  8
DS-门窗
 62
     7
100
AcDbBlockReference
  2
LEGEND_53b17ed9e7bc361a9d5f7c8f8c891103_0325671d14544a5e9625c67889f8c782
 10
30591.41443528065
 20
-13112.71045602107
 30
0.0
 41
-1.0
 50
359.5782778418915
  0
INSERT
  5
227
330
1F
100
AcDbEntity
  8
DS-门窗
 62
     7
100
AcDbBlockReference
  2
LEGEND_21c7235f9fb190111f4370a596c8782f_f730b179c3a6443a9e8fe988db1792cb
 10
31920.72223989893
 20
-13992.25788599411
 30
0.0
 50
180.0
  0
INSERT
  5
228
330
1F
100
AcDbEntity
  8
DS-门窗
 62
     7
100
AcDbBlockReference
  2
LEGEND_21c7235f9fb190111f4370a596c8782f_f730b179c3a6443a9e8fe988db1792cb
 10
30915.66777417628
 20
-13053.87734599411
 30
0.0
  0
INSERT
  5
229
330
1F
100
AcDbEntity
  8
DS-门窗
 62
     7
100
AcDbBlockReference
  2
LEGEND_53b17ed9e7bc361a9d5f7c8f8c891103_0325671d14544a5e9625c67889f8c782
 10
29650.1044070376
 20
-13148.17969313278
 30
0.0
 41
-1.0
 50
90.0
  0
INSERT
  5
22A
330
1F
100
AcDbEntity
  8
DS-门窗
 62
     7
100
AcDbBlockReference
  2
LEGEND_21a534f452159aa28b1e192e4484f7b2_cff5b63c4e844f9086d936421ee5c833
 10
35470.59188184229
 20
-11402.56898599411
 30
0.0
  0
INSERT
  5
22B
330
1F
100
AcDbEntity
  8
DS-门窗
 62
     7
100
AcDbBlockReference
  2
LEGEND_53b17ed9e7bc361a9d5f7c8f8c891103_0325671d14544a5e9625c67889f8c782
 10
37384.6937070376
 20
-13199.70535313278
 30
0.0
 50
270.0
  0
INSERT
  5
22C
330
1F
100
AcDbEntity
  8
DS-门窗
 62
     7
100
AcDbBlockReference
  2
WINDOW_3202ff818c7f97124c0085a78d293b3b_79cb11601bd04043949b6a043a9a0068
 10
32969.6127070376
 20
-12873.86948599411
 30
0.0
  0
INSERT
  5
22D
330
1F
100
AcDbEntity
  8
DS-门窗
 62
     7
100
AcDbBlockReference
  2
WINDOW_d8064412710f5d54ebf442824f9995c4_89e8436e68284c518e718759a15fc281
 10
32969.6127070376
 20
-12873.86948599411
 30
0.0
  0
INSERT
  5
22E
330
1F
100
AcDbEntity
  8
DS-门窗
 62
     7
100
AcDbBlockReference
  2
WINDOW_09a149a149f258ed90e4f6109ce0df87_da908b7f8e10479fb0a179a525980ef4
 10
32969.6127070376
 20
-12873.86948599411
 30
0.0
  0
INSERT
  5
22F
330
1F
100
AcDbEntity
  8
DS-门窗
 62
     7
100
AcDbBlockReference
  2
WINDOW_658651dc562f569f39af72cd0fd2e788_f94c37ca998d415a808768ba4d2f1fe0
 10
32969.6127070376
 20
-12873.86948599411
 30
0.0
  0
HATCH
  5
230
330
1F
100
AcDbEntity
  8
SH-符号标注
 62
     7
100
AcDbHatch
 10
0.0
 20
0.0
 30
0.0
210
0.0
220
0.0
230
1.0
  2
SOLID
 70
     1
 71
     1
 91
        1
 92
        0
 93
        4
 72
     1
 10
17799.44803226752
 20
-7782.338756988776
 11
17703.18496720103
 21
-7906.092167979145
 72
     1
 10
17703.18496720103
 20
-7906.092167979145
 11
17799.44803226752
 21
-7360.157197166925
 72
     1
 10
17799.44803226752
 20
-7360.157197166925
 11
17895.711097334
 21
-7906.092167979145
 72
     1
 10
17895.711097334
 20
-7906.092167979145
 11
17799.44803226752
 21
-7782.338756988776
 97
        4
330
D3
330
D4
330
D5
330
D6
 75
     0
 76
     1
 98
        1
 10
0.0
 20
0.0
  0
MTEXT
  5
231
330
1F
100
AcDbEntity
  8
SH-符号标注
 62
     7
100
AcDbMText
 10
17799.44803226752
 20
-7125.611886154787
 30
0.0
 40
150.1090012845676
 41
0.0
 46
0.0
 71
     5
 72
     1
  1
N
  7
DEFAULT_COMPASS_NEW_TEXT_STYLE46.90906220242788_Arial
 73
     1
 44
0.8
  0
INSERT
  5
232
330
1F
100
AcDbEntity
  8
SH-符号标注
 62
     7
100
AcDbBlockReference
  2
MARKER_c6b51796a87baf1cdf6253e1326f1f04_edf9c1d490264593862ef3d9d4f7c441
 10
9978.87397413483
 20
-12865.61668200235
 30
0.0
  0
HATCH
  5
233
330
1F
100
AcDbEntity
  8
SH-符号标注
 62
     7
100
AcDbHatch
 10
0.0
 20
0.0
 30
0.0
210
0.0
220
0.0
230
1.0
  2
SOLID
 70
     1
 71
     1
 91
        1
 92
        0
 93
        4
 72
     1
 10
40799.44803226752
 20
-7782.338756988776
 11
40703.18496720104
 21
-7906.092167979145
 72
     1
 10
40703.18496720104
 20
-7906.092167979145
 11
40799.44803226752
 21
-7360.157197166925
 72
     1
 10
40799.44803226752
 20
-7360.157197166925
 11
40895.711097334
 21
-7906.092167979145
 72
     1
 10
40895.711097334
 20
-7906.092167979145
 11
40799.44803226752
 21
-7782.338756988776
 97
        4
330
D7
330
D8
330
D9
330
DA
 75
     0
 76
     1
 98
        1
 10
0.0
 20
0.0
  0
MTEXT
  5
234
330
1F
100
AcDbEntity
  8
SH-符号标注
 62
     7
100
AcDbMText
 10
40799.44803226752
 20
-7125.611886154787
 30
0.0
 40
150.1090012845676
 41
0.0
 46
0.0
 71
     5
 72
     1
  1
N
  7
DEFAULT_COMPASS_NEW_TEXT_STYLE46.90906220242788_Arial
 73
     1
 44
0.8
  0
INSERT
  5
235
330
1F
100
AcDbEntity
  8
SH-符号标注
 62
     7
100
AcDbBlockReference
  2
MARKER_1e2303cc2eb9ab11209d24ef251579fb_08f0d49fcf1144379322c050ecbc170a
 10
32969.6127070376
 20
-12873.86948599411
 30
0.0
  0
CIRCLE
  5
236
330
1F
100
AcDbEntity
  8
SH-符号标注
  6
Continuous
 62
     7
 48
2.0
100
AcDbCircle
 10
17799.44803226752
 20
-7641.611570381493
 30
0.0
 40
281.4543732145685
  0
CIRCLE
  5
237
330
1F
100
AcDbEntity
  8
SH-符号标注
  6
Continuous
 62
     7
 48
2.0
100
AcDbCircle
 10
40799.44803226752
 20
-7641.611570381493
 30
0.0
 40
281.4543732145685
  0
MTEXT
  5
238
330
1F
100
AcDbEntity
  8
图框
 62
     7
100
AcDbMText
 10
19854.30463576159
 20
-12374.83443708609
 30
0.0
 40
121.3483164149724
 41
0.0
 46
0.0
 71
     5
 72
     1
  1
墙体定位图
  7
自定义样式_SimSun_303.3707865168539
 73
     1
 44
0.8
  0
MTEXT
  5
239
330
1F
100
AcDbEntity
  8
图框
 62
     7
100
AcDbMText
 10
20201.98675496689
 20
-15810.26490066225
 30
0.0
 40
121.3483164149724
 41
0.0
 46
0.0
 71
     5
 72
     1
  1
1
  7
自定义样式_Arial_303.3707865168539
 73
     1
 44
0.8
  0
MTEXT
  5
23A
330
1F
100
AcDbEntity
  8
图框
 62
     7
100
AcDbMText
 10
20193.70860927153
 20
-15446.02649006623
 30
0.0
 40
121.3483164149724
 41
0.0
 46
0.0
 71
     5
 72
     1
  1
P-01
  7
自定义样式_Arial_303.3707865168539
 73
     1
 44
0.8
  0
MTEXT
  5
23B
330
1F
100
AcDbEntity
  8
图框
 62
     7
100
AcDbMText
 10
20210.26490066225
 20
-14750.66225165563
 30
0.0
 40
121.3483164149724
 41
0.0
 46
0.0
 71
     5
 72
     1
  1
1:50
  7
自定义样式_Arial_303.3707865168539
 73
     1
 44
0.8
  0
MTEXT
  5
23C
330
1F
100
AcDbEntity
  8
图框
 62
     7
100
AcDbMText
 10
42854.30463576159
 20
-12374.83443708609
 30
0.0
 40
121.3483164149724
 41
0.0
 46
0.0
 71
     5
 72
     1
  1
平面布置图
  7
自定义样式_SimSun_303.3707865168539
 73
     1
 44
0.8
  0
MTEXT
  5
23D
330
1F
100
AcDbEntity
  8
图框
 62
     7
100
AcDbMText
 10
43201.98675496689
 20
-15810.26490066225
 30
0.0
 40
121.3483164149724
 41
0.0
 46
0.0
 71
     5
 72
     1
  1
2
  7
自定义样式_Arial_303.3707865168539
 73
     1
 44
0.8
  0
MTEXT
  5
23E
330
1F
100
AcDbEntity
  8
图框
 62
     7
100
AcDbMText
 10
43193.70860927153
 20
-15446.02649006623
 30
0.0
 40
121.3483164149724
 41
0.0
 46
0.0
 71
     5
 72
     1
  1
P-02
  7
自定义样式_Arial_303.3707865168539
 73
     1
 44
0.8
  0
MTEXT
  5
23F
330
1F
100
AcDbEntity
  8
图框
 62
     7
100
AcDbMText
 10
43210.26490066225
 20
-14750.66225165563
 30
0.0
 40
121.3483164149724
 41
0.0
 46
0.0
 71
     5
 72
     1
  1
1:50
  7
自定义样式_Arial_303.3707865168539
 73
     1
 44
0.8
  0
MTEXT
  5
240
330
1F
100
AcDbEntity
  8
SH-文字标注
 62
     2
100
AcDbMText
 10
10500.0
 20
-3675.0
 30
0.0
 40
357.1428624647004
 41
0.0
 46
0.0
 71
     5
 72
     1
  1
墙体定位图
  7
defaultTagTextStyle_446.4285714285714_ZH_SimSun
 73
     1
 44
0.8
  0
MTEXT
  5
241
330
1F
100
AcDbEntity
  8
SH-文字标注
 62
     7
100
AcDbMText
 10
9961.920529801326
 20
-19732.67794478502
 30
0.0
 40
180.5105375358457
 41
0.0
 46
0.0
 71
     5
 72
     1
  1
墙体定位(1:50)
  7
T_12_2_SimSun
 73
     1
 44
0.8
  0
DIMENSION
  5
242
330
1F
100
AcDbEntity
  8
SH-尺寸标注
  6
Continuous
 62
   252
100
AcDbDimension
280
     0
  2
*D174
 10
1972.863117213401
 20
-11725.96735049125
 30
0.0
 11
1857.587531275901
 21
-14676.1315689553
 31
0.0
 70
   160
 71
     5
 42
5900.328436928099
 73
     0
 74
     0
 75
     0
  3
D_20_2.35
100
AcDbAlignedDimension
 13
2308.577390208226
 23
-17626.29578741935
 33
0.0
 14
2308.577390208226
 24
-11725.96735049125
 34
0.0
 50
90.0
100
AcDbRotatedDimension
1001
ACAD
1000
DSTYLE
1002
{
1070
    40
1040
1.0
1070
   178
1070
   134
1002
}
  0
DIMENSION
  5
243
330
1F
100
AcDbEntity
  8
SH-尺寸标注
  6
Continuous
 62
   252
100
AcDbDimension
280
     0
  2
*D173
 10
1972.863117213401
 20
-9351.78023494058
 30
0.0
 11
1857.587531275901
 21
-10478.87379271591
 31
0.0
 70
   160
 71
     5
 42
2254.187115550667
 73
     0
 74
     0
 75
     0
  3
D_20_2.35
100
AcDbAlignedDimension
 13
2308.577390208226
 23
-11605.96735049125
 33
0.0
 14
2308.577390208226
 24
-9351.78023494058
 34
0.0
 50
90.0
100
AcDbRotatedDimension
1001
ACAD
1000
DSTYLE
1002
{
1070
    40
1040
1.0
1070
   178
1070
   134
1002
}
  0
DIMENSION
  5
244
330
1F
100
AcDbEntity
  8
SH-尺寸标注
  6
Continuous
 62
   252
100
AcDbDimension
280
     0
  2
*D172
 10
1972.863117213401
 20
-8392.749205752702
 30
0.0
 11
1857.587531275901
 21
-8872.26472034664
 31
0.0
 70
   160
 71
     5
 42
959.0310291878777
 73
     0
 74
     0
 75
     0
  3
D_20_2.35
100
AcDbAlignedDimension
 13
2308.577390208226
 23
-9351.78023494058
 33
0.0
 14
2308.577390208226
 24
-8392.749205752702
 34
0.0
 50
90.0
100
AcDbRotatedDimension
1001
ACAD
1000
DSTYLE
1002
{
1070
    40
1040
1.0
1070
   178
1070
   134
1002
}
  0
DIMENSION
  5
245
330
1F
100
AcDbEntity
  8
SH-尺寸标注
  6
Continuous
 62
   252
100
AcDbDimension
280
     0
  2
*D171
 10
18161.52912230714
 20
-16685.9774724193
 30
0.0
 11
18046.25353636965
 21
-17156.13662991932
 31
0.0
 70
   160
 71
     5
 42
940.3183150000477
 73
     0
 74
     0
 75
     0
  3
D_20_2.35
100
AcDbAlignedDimension
 13
17825.81484931232
 23
-17626.29578741935
 33
0.0
 14
17825.81484931232
 24
-16685.9774724193
 34
0.0
 50
90.0
100
AcDbRotatedDimension
1001
ACAD
1000
DSTYLE
1002
{
1070
    40
1040
1.0
1070
   178
1070
   134
1002
}
  0
DIMENSION
  5
246
330
1F
100
AcDbEntity
  8
SH-尺寸标注
  6
Continuous
 62
   252
100
AcDbDimension
280
     0
  2
*D170
 10
18161.52912230714
 20
-13086.49142798278
 30
0.0
 11
18046.25353636965
 21
-14886.23445020104
 31
0.0
 70
   161
 71
     5
 42
3599.486044436519
 73
     0
 74
     0
 75
     0
  3
D_20_2.35
100
AcDbAlignedDimension
 13
17825.81484931232
 23
-16685.9774724193
 33
0.0
 14
17825.81484931232
 24
-13086.49142798278
 34
0.0
1001
ACAD
1000
DSTYLE
1002
{
1070
    40
1040
1.0
1070
   178
1070
   134
1002
}
  0
DIMENSION
  5
247
330
1F
100
AcDbEntity
  8
SH-尺寸标注
  6
Continuous
 62
   252
100
AcDbDimension
280
     0
  2
*D169
 10
18161.52912230714
 20
-10751.99678735776
 30
0.0
 11
18046.25353636965
 21
-11919.24410767027
 31
0.0
 70
   160
 71
     5
 42
2334.494640625024
 73
     0
 74
     0
 75
     0
  3
D_20_2.35
100
AcDbAlignedDimension
 13
17825.81484931232
 23
-13086.49142798278
 33
0.0
 14
17825.81484931232
 24
-10751.99678735776
 34
0.0
 50
90.0
100
AcDbRotatedDimension
1001
ACAD
1000
DSTYLE
1002
{
1070
    40
1040
1.0
1070
   178
1070
   134
1002
}
  0
DIMENSION
  5
248
330
1F
100
AcDbEntity
  8
SH-尺寸标注
  6
Continuous
 62
   252
100
AcDbDimension
280
     0
  2
*D168
 10
18161.52912230714
 20
-8392.749205752702
 30
0.0
 11
18046.25353636965
 21
-9452.372996555228
 31
0.0
 70
   160
 71
     5
 42
2119.247581605054
 73
     0
 74
     0
 75
     0
  3
D_20_2.35
100
AcDbAlignedDimension
 13
17825.81484931232
 23
-10511.99678735776
 33
0.0
 14
17825.81484931232
 24
-8392.749205752702
 34
0.0
 50
90.0
100
AcDbRotatedDimension
1001
ACAD
1000
DSTYLE
1002
{
1070
    40
1040
1.0
1070
   178
1070
   134
1002
}
  0
DIMENSION
  5
249
330
1F
100
AcDbEntity
  8
SH-尺寸标注
  6
Continuous
 62
   252
100
AcDbDimension
280
     0
  2
*D167
 10
6419.365613417838
 20
-19030.61452958619
 30
0.0
 11
4715.154565269896
 21
-18915.33894364869
 31
0.0
 70
   160
 71
     5
 42
3408.422096295885
 73
     0
 74
     0
 75
     0
  3
D_20_2.35
100
AcDbAlignedDimension
 13
3010.943517121953
 23
-18694.90025659136
 33
0.0
 14
6419.365613417838
 24
-18694.90025659136
 34
0.0
100
AcDbRotatedDimension
1001
ACAD
1000
DSTYLE
1002
{
1070
    40
1040
1.0
1070
   178
1070
   134
1002
}
  0
DIMENSION
  5
24A
330
1F
100
AcDbEntity
  8
SH-尺寸标注
  6
Continuous
 62
   252
100
AcDbDimension
280
     0
  2
*D166
 10
9042.595980062573
 20
-19030.61452958619
 30
0.0
 11
7850.980796740206
 21
-18915.33894364869
 31
0.0
 70
   160
 71
     5
 42
2383.230366644735
 73
     0
 74
     0
 75
     0
  3
D_20_2.35
100
AcDbAlignedDimension
 13
6659.365613417838
 23
-18694.90025659136
 33
0.0
 14
9042.595980062573
 24
-18694.90025659136
 34
0.0
100
AcDbRotatedDimension
1001
ACAD
1000
DSTYLE
1002
{
1070
    40
1040
1.0
1070
   178
1070
   134
1002
}
  0
DIMENSION
  5
24B
330
1F
100
AcDbEntity
  8
SH-尺寸标注
  6
Continuous
 62
   252
100
AcDbDimension
280
     0
  2
*D165
 10
14393.95481777114
 20
-19030.61452958619
 30
0.0
 11
11838.27539891686
 21
-18915.33894364869
 31
0.0
 70
   160
 71
     5
 42
5111.358837708563
 73
     0
 74
     0
 75
     0
  3
D_20_2.35
100
AcDbAlignedDimension
 13
9282.595980062573
 23
-18694.90025659136
 33
0.0
 14
14393.95481777114
 24
-18694.90025659136
 34
0.0
100
AcDbRotatedDimension
1001
ACAD
1000
DSTYLE
1002
{
1070
    40
1040
1.0
1070
   178
1070
   134
1002
}
  0
DIMENSION
  5
24C
330
1F
100
AcDbEntity
  8
SH-尺寸标注
  6
Continuous
 62
   252
100
AcDbDimension
280
     0
  2
*D164
 10
16953.33537754599
 20
-19030.61452958619
 30
0.0
 11
15793.64509765857
 21
-18915.33894364869
 31
0.0
 70
   160
 71
     5
 42
2319.380559774854
 73
     0
 74
     0
 75
     0
  3
D_20_2.35
100
AcDbAlignedDimension
 13
14633.95481777114
 23
-18694.90025659136
 33
0.0
 14
16953.33537754599
 24
-18694.90025659136
 34
0.0
100
AcDbRotatedDimension
1001
ACAD
1000
DSTYLE
1002
{
1070
    40
1040
1.0
1070
   178
1070
   134
1002
}
  0
DIMENSION
  5
24D
330
1F
100
AcDbEntity
  8
SH-尺寸标注
  6
Continuous
 62
   252
100
AcDbDimension
280
     0
  2
*D163
 10
5040.244129634775
 20
-7364.680033864838
 30
0.0
 11
4025.593823378364
 21
-7249.404447927338
 31
0.0
 70
   160
 71
     5
 42
2029.300612512822
 73
     0
 74
     0
 75
     0
  3
D_20_2.35
100
AcDbAlignedDimension
 13
3010.943517121953
 23
-7700.394306859663
 33
0.0
 14
5040.244129634775
 24
-7700.394306859663
 34
0.0
100
AcDbRotatedDimension
1001
ACAD
1000
DSTYLE
1002
{
1070
    40
1040
1.0
1070
   178
1070
   134
1002
}
  0
DIMENSION
  5
24E
330
1F
100
AcDbEntity
  8
SH-尺寸标注
  6
Continuous
 62
   252
100
AcDbDimension
280
     0
  2
*D162
 10
7639.649241618267
 20
-7364.680033864838
 30
0.0
 11
6459.946685626521
 21
-7249.404447927338
 31
0.0
 70
   160
 71
     5
 42
2359.405111983492
 73
     0
 74
     0
 75
     0
  3
D_20_2.35
100
AcDbAlignedDimension
 13
5280.244129634775
 23
-7700.394306859663
 33
0.0
 14
7639.649241618267
 24
-7700.394306859663
 34
0.0
100
AcDbRotatedDimension
1001
ACAD
1000
DSTYLE
1002
{
1070
    40
1040
1.0
1070
   178
1070
   134
1002
}
  0
DIMENSION
  5
24F
330
1F
100
AcDbEntity
  8
SH-尺寸标注
  6
Continuous
 62
   252
100
AcDbDimension
280
     0
  2
*D161
 10
9042.595980062573
 20
-7364.680033864838
 30
0.0
 11
8461.12261084042
 21
-7249.404447927338
 31
0.0
 70
   160
 71
     5
 42
1162.946738444306
 73
     0
 74
     0
 75
     0
  3
D_20_2.35
100
AcDbAlignedDimension
 13
7879.649241618267
 23
-7700.394306859663
 33
0.0
 14
9042.595980062573
 24
-7700.394306859663
 34
0.0
100
AcDbRotatedDimension
1001
ACAD
1000
DSTYLE
1002
{
1070
    40
1040
1.0
1070
   178
1070
   134
1002
}
  0
DIMENSION
  5
250
330
1F
100
AcDbEntity
  8
SH-尺寸标注
  6
Continuous
 62
   252
100
AcDbDimension
280
     0
  2
*D160
 10
12156.75793188022
 20
-7364.680033864838
 30
0.0
 11
10719.6769559714
 21
-7249.404447927338
 31
0.0
 70
   161
 71
     5
 42
2874.161951817649
 73
     0
 74
     0
 75
     0
  3
D_20_2.35
100
AcDbAlignedDimension
 13
9282.595980062573
 23
-7700.394306859663
 33
0.0
 14
12156.75793188022
 24
-7700.394306859663
 34
0.0
1001
ACAD
1000
DSTYLE
1002
{
1070
    40
1040
1.0
1070
   178
1070
   134
1002
}
  0
DIMENSION
  5
251
330
1F
100
AcDbEntity
  8
SH-尺寸标注
  6
Continuous
 62
   252
100
AcDbDimension
280
     0
  2
*D159
 10
14393.95481777114
 20
-7364.680033864838
 30
0.0
 11
13275.35637482568
 21
-7249.404447927338
 31
0.0
 70
   160
 71
     5
 42
2237.196885890915
 73
     0
 74
     0
 75
     0
  3
D_20_2.35
100
AcDbAlignedDimension
 13
12156.75793188022
 23
-7700.394306859663
 33
0.0
 14
14393.95481777114
 24
-7700.394306859663
 34
0.0
100
AcDbRotatedDimension
1001
ACAD
1000
DSTYLE
1002
{
1070
    40
1040
1.0
1070
   178
1070
   134
1002
}
  0
DIMENSION
  5
252
330
1F
100
AcDbEntity
  8
SH-尺寸标注
  6
Continuous
 62
   252
100
AcDbDimension
280
     0
  2
*D158
 10
16953.33537754599
 20
-7364.680033864838
 30
0.0
 11
15793.64509765857
 21
-7249.404447927338
 31
0.0
 70
   160
 71
     5
 42
2319.380559774854
 73
     0
 74
     0
 75
     0
  3
D_20_2.35
100
AcDbAlignedDimension
 13
14633.95481777114
 23
-7700.394306859663
 33
0.0
 14
16953.33537754599
 24
-7700.394306859663
 34
0.0
100
AcDbRotatedDimension
1001
ACAD
1000
DSTYLE
1002
{
1070
    40
1040
1.0
1070
   178
1070
   134
1002
}
  0
DIMENSION
  5
253
330
1F
100
AcDbEntity
  8
SH-尺寸标注
  6
Continuous
 62
   252
100
AcDbDimension
280
     0
  2
*D157
 10
16953.33537754599
 20
-19262.67794478502
 30
0.0
 11
9982.139447333971
 21
-19147.40235884752
 31
0.0
 70
   160
 71
     5
 42
13942.39186042404
 73
     0
 74
     0
 75
     0
  3
D_20_2.35
100
AcDbAlignedDimension
 13
3010.943517121953
 23
-18926.9636717902
 33
0.0
 14
16953.33537754599
 24
-18926.9636717902
 34
0.0
100
AcDbRotatedDimension
1001
ACAD
1000
DSTYLE
1002
{
1070
    40
1040
1.0
1070
   178
1070
   134
1002
}
  0
DIMENSION
  5
254
330
1F
100
AcDbEntity
  8
SH-尺寸标注
  6
Continuous
 62
   252
100
AcDbDimension
280
     0
  2
*D156
 10
16953.33537754599
 20
-7078.404447927338
 30
0.0
 11
9982.139447333971
 21
-6963.128861989838
 31
0.0
 70
   160
 71
     5
 42
13942.39186042404
 73
     0
 74
     0
 75
     0
  3
D_20_2.35
100
AcDbAlignedDimension
 13
3010.943517121953
 23
-7414.118720922163
 33
0.0
 14
16953.33537754599
 24
-7414.118720922163
 34
0.0
100
AcDbRotatedDimension
1001
ACAD
1000
DSTYLE
1002
{
1070
    40
1040
1.0
1070
   178
1070
   134
1002
}
  0
DIMENSION
  5
255
330
1F
100
AcDbEntity
  8
SH-尺寸标注
  6
Continuous
 62
   252
100
AcDbDimension
280
     0
  2
*D155
 10
1686.587523233004
 20
-8392.749205752702
 30
0.0
 11
1571.311937295504
 21
-13009.52249658602
 31
0.0
 70
   160
 71
     5
 42
9233.546581666644
 73
     0
 74
     0
 75
     0
  3
D_20_2.35
100
AcDbAlignedDimension
 13
2022.301796227828
 23
-17626.29578741935
 33
0.0
 14
2022.301796227828
 24
-8392.749205752702
 34
0.0
 50
90.0
100
AcDbRotatedDimension
1001
ACAD
1000
DSTYLE
1002
{
1070
    40
1040
1.0
1070
   178
1070
   134
1002
}
  0
DIMENSION
  5
256
330
1F
100
AcDbEntity
  8
SH-尺寸标注
  6
Continuous
 62
   252
100
AcDbDimension
280
     0
  2
*D154
 10
18394.52912230714
 20
-8392.749205752702
 30
0.0
 11
18279.25353636965
 21
-13009.52249658602
 31
0.0
 70
   160
 71
     5
 42
9233.546581666644
 73
     0
 74
     0
 75
     0
  3
D_20_2.35
100
AcDbAlignedDimension
 13
18058.81484931232
 23
-17626.29578741935
 33
0.0
 14
18058.81484931232
 24
-8392.749205752702
 34
0.0
 50
90.0
100
AcDbRotatedDimension
1001
ACAD
1000
DSTYLE
1002
{
1070
    40
1040
1.0
1070
   178
1070
   134
1002
}
  0
DIMENSION
  5
257
330
1F
100
AcDbEntity
  8
SH-尺寸标注
  6
Continuous
 62
   252
100
AcDbDimension
280
     0
  2
*D153
 10
3293.934236736974
 20
-16966.08925597786
 30
0.0
 11
3547.573696798966
 21
-17089.66560774233
 31
0.0
 70
   161
 71
     5
 42
533.4637170265669
 73
     0
 74
     0
 75
     0
  3
D_16_1.5
100
AcDbAlignedDimension
 13
3549.931737711593
 23
-17464.52337865617
 33
0.0
 14
3172.715925885126
 24
-17087.30756682971
 34
0.0
1001
ACAD
1000
DSTYLE
1002
{
1070
    40
1040
1.0
1070
   178
1070
   134
1002
}
  0
DIMENSION
  5
258
330
1F
100
AcDbEntity
  8
SH-尺寸标注
  6
Continuous
 62
   252
100
AcDbDimension
280
     0
  2
*D152
 10
6419.365613417838
 20
-13327.82848785604
 30
0.0
 11
5729.804871526307
 21
-13235.85998199667
 31
0.0
 70
   161
 71
     5
 42
1379.121483783063
 73
     0
 74
     0
 75
     0
  3
D_16_1.5
100
AcDbAlignedDimension
 13
5040.244129634775
 23
-13156.3999086414
 33
0.0
 14
6419.365613417838
 24
-13156.3999086414
 34
0.0
1001
ACAD
1000
DSTYLE
1002
{
1070
    40
1040
1.0
1070
   178
1070
   134
1002
}
  0
DIMENSION
  5
259
330
1F
100
AcDbEntity
  8
SH-尺寸标注
  6
Continuous
 62
   252
100
AcDbDimension
280
     0
  2
*D151
 10
6659.365613417838
 20
-13327.82848785604
 30
0.0
 11
6539.365613417838
 21
-13235.85998199667
 31
0.0
 70
   161
 71
     5
 42
240.0
 73
     0
 74
     0
 75
     0
  3
D_16_1.5
100
AcDbAlignedDimension
 13
6419.365613417838
 23
-13156.3999086414
 33
0.0
 14
6659.365613417838
 24
-13156.3999086414
 34
0.0
1001
ACAD
1000
DSTYLE
1002
{
1070
    40
1040
1.0
1070
   178
1070
   134
1002
}
  0
DIMENSION
  5
25A
330
1F
100
AcDbEntity
  8
SH-尺寸标注
  6
Continuous
 62
   252
100
AcDbDimension
280
     0
  2
*D150
 10
6813.647141989533
 20
-13327.82848785604
 30
0.0
 11
6736.506377703686
 21
-13419.79699371542
 31
0.0
 70
   161
 71
     5
 42
154.2815285716952
 73
     0
 74
     0
 75
     0
  3
D_16_1.5
100
AcDbAlignedDimension
 13
6659.365613417838
 23
-13156.3999086414
 33
0.0
 14
6813.647141989533
 24
-13156.3999086414
 34
0.0
1001
ACAD
1000
DSTYLE
1002
{
1070
    40
1040
1.0
1070
   178
1070
   134
1002
}
  0
DIMENSION
  5
25B
330
1F
100
AcDbEntity
  8
SH-尺寸标注
  6
Continuous
 62
   252
100
AcDbDimension
280
     0
  2
*D149
 10
7600.675716561838
 20
-13327.82848785604
 30
0.0
 11
7207.161429275686
 21
-13235.85998199667
 31
0.0
 70
   161
 71
     5
 42
787.0285745723049
 73
     0
 74
     0
 75
     0
  3
D_16_1.5
100
AcDbAlignedDimension
 13
6813.647141989533
 23
-13156.3999086414
 33
0.0
 14
7600.675716561838
 24
-13156.3999086414
 34
0.0
1001
ACAD
1000
DSTYLE
1002
{
1070
    40
1040
1.0
1070
   178
1070
   134
1002
}
  0
DIMENSION
  5
25C
330
1F
100
AcDbEntity
  8
SH-尺寸标注
  6
Continuous
 62
   252
100
AcDbDimension
280
     0
  2
*D148
 10
7819.649241618267
 20
-13327.82848785604
 30
0.0
 11
7710.162479090053
 21
-13235.85998199667
 31
0.0
 70
   161
 71
     5
 42
218.973525056429
 73
     0
 74
     0
 75
     0
  3
D_16_1.5
100
AcDbAlignedDimension
 13
7600.675716561838
 23
-13156.3999086414
 33
0.0
 14
7819.649241618267
 24
-13156.3999086414
 34
0.0
1001
ACAD
1000
DSTYLE
1002
{
1070
    40
1040
1.0
1070
   178
1070
   134
1002
}
  0
DIMENSION
  5
25D
330
1F
100
AcDbEntity
  8
SH-尺寸标注
  6
Continuous
 62
   252
100
AcDbDimension
280
     0
  2
*D147
 10
7924.929027077344
 20
-13327.82848785604
 30
0.0
 11
7872.289134347806
 21
-13419.79699371542
 31
0.0
 70
   161
 71
     5
 42
105.2797854590763
 73
     0
 74
     0
 75
     0
  3
D_16_1.5
100
AcDbAlignedDimension
 13
7819.649241618267
 23
-13156.3999086414
 33
0.0
 14
7924.929027077344
 24
-13156.3999086414
 34
0.0
1001
ACAD
1000
DSTYLE
1002
{
1070
    40
1040
1.0
1070
   178
1070
   134
1002
}
  0
DIMENSION
  5
25E
330
1F
100
AcDbEntity
  8
SH-尺寸标注
  6
Continuous
 62
   252
100
AcDbDimension
280
     0
  2
*D146
 10
8711.978921192314
 20
-13327.82848785604
 30
0.0
 11
8318.453974134829
 21
-13235.85998199667
 31
0.0
 70
   161
 71
     5
 42
787.0498941149708
 73
     0
 74
     0
 75
     0
  3
D_16_1.5
100
AcDbAlignedDimension
 13
7924.929027077344
 23
-13156.3999086414
 33
0.0
 14
8711.978921192314
 24
-13156.3999086414
 34
0.0
1001
ACAD
1000
DSTYLE
1002
{
1070
    40
1040
1.0
1070
   178
1070
   134
1002
}
  0
DIMENSION
  5
25F
330
1F
100
AcDbEntity
  8
SH-尺寸标注
  6
Continuous
 62
   252
100
AcDbDimension
280
     0
  2
*D145
 10
9282.595980062573
 20
-13327.82848785604
 30
0.0
 11
8997.287450627444
 21
-13235.85998199667
 31
0.0
 70
   161
 71
     5
 42
570.6170588702589
 73
     0
 74
     0
 75
     0
  3
D_16_1.5
100
AcDbAlignedDimension
 13
8711.978921192314
 23
-13156.3999086414
 33
0.0
 14
9282.595980062573
 24
-13156.3999086414
 34
0.0
1001
ACAD
1000
DSTYLE
1002
{
1070
    40
1040
1.0
1070
   178
1070
   134
1002
}
  0
DIMENSION
  5
260
330
1F
100
AcDbEntity
  8
SH-尺寸标注
  6
Continuous
 62
   252
100
AcDbDimension
280
     0
  2
*D144
 10
8142.933627077344
 20
-14288.02549647067
 30
0.0
 11
7401.149620247591
 21
-14196.0569906113
 31
0.0
 70
   161
 71
     5
 42
1483.568013659506
 73
     0
 74
     0
 75
     0
  3
D_16_1.5
100
AcDbAlignedDimension
 13
6659.365613417838
 23
-14116.59691725603
 33
0.0
 14
8142.933627077344
 24
-14116.59691725603
 34
0.0
1001
ACAD
1000
DSTYLE
1002
{
1070
    40
1040
1.0
1070
   178
1070
   134
1002
}
  0
DIMENSION
  5
261
330
1F
100
AcDbEntity
  8
SH-尺寸标注
  6
Continuous
 62
   252
100
AcDbDimension
280
     0
  2
*D143
 10
8929.983521192315
 20
-14288.02549647067
 30
0.0
 11
8536.45857413483
 21
-14196.0569906113
 31
0.0
 70
   161
 71
     5
 42
787.0498941149708
 73
     0
 74
     0
 75
     0
  3
D_16_1.5
100
AcDbAlignedDimension
 13
8142.933627077344
 23
-14116.59691725603
 33
0.0
 14
8929.983521192315
 24
-14116.59691725603
 34
0.0
1001
ACAD
1000
DSTYLE
1002
{
1070
    40
1040
1.0
1070
   178
1070
   134
1002
}
  0
DIMENSION
  5
262
330
1F
100
AcDbEntity
  8
SH-尺寸标注
  6
Continuous
 62
   252
100
AcDbDimension
280
     0
  2
*D142
 10
9042.595980062573
 20
-14288.02549647067
 30
0.0
 11
8986.289750627444
 21
-14196.0569906113
 31
0.0
 70
   161
 71
     5
 42
112.6124588702587
 73
     0
 74
     0
 75
     0
  3
D_16_1.5
100
AcDbAlignedDimension
 13
8929.983521192315
 23
-14116.59691725603
 33
0.0
 14
9042.595980062573
 24
-14116.59691725603
 34
0.0
1001
ACAD
1000
DSTYLE
1002
{
1070
    40
1040
1.0
1070
   178
1070
   134
1002
}
  0
DIMENSION
  5
263
330
1F
100
AcDbEntity
  8
SH-尺寸标注
  6
Continuous
 62
   252
100
AcDbDimension
280
     0
  2
*D141
 10
6815.413631684211
 20
-12663.16002914862
 30
0.0
 11
6047.828880659494
 21
-12571.19152328925
 31
0.0
 70
   161
 71
     5
 42
1535.169502049436
 73
     0
 74
     0
 75
     0
  3
D_16_1.5
100
AcDbAlignedDimension
 13
5280.244129634775
 23
-12834.58860836326
 33
0.0
 14
6815.413631684211
 24
-12834.58860836326
 34
0.0
1001
ACAD
1000
DSTYLE
1002
{
1070
    40
1040
1.0
1070
   178
1070
   134
1002
}
  0
DIMENSION
  5
264
330
1F
100
AcDbEntity
  8
SH-尺寸标注
  6
Continuous
 62
   252
100
AcDbDimension
280
     0
  2
*D140
 10
7602.442206256516
 20
-12663.16002914862
 30
0.0
 11
7208.927918970364
 21
-12571.19152328925
 31
0.0
 70
   161
 71
     5
 42
787.0285745723049
 73
     0
 74
     0
 75
     0
  3
D_16_1.5
100
AcDbAlignedDimension
 13
6815.413631684211
 23
-12834.58860836326
 33
0.0
 14
7602.442206256516
 24
-12834.58860836326
 34
0.0
1001
ACAD
1000
DSTYLE
1002
{
1070
    40
1040
1.0
1070
   178
1070
   134
1002
}
  0
DIMENSION
  5
265
330
1F
100
AcDbEntity
  8
SH-尺寸标注
  6
Continuous
 62
   252
100
AcDbDimension
280
     0
  2
*D139
 10
7699.649241618267
 20
-12663.16002914862
 30
0.0
 11
7651.045723937392
 21
-12571.19152328925
 31
0.0
 70
   161
 71
     5
 42
97.20703536175097
 73
     0
 74
     0
 75
     0
  3
D_16_1.5
100
AcDbAlignedDimension
 13
7602.442206256516
 23
-12834.58860836326
 33
0.0
 14
7699.649241618267
 24
-12834.58860836326
 34
0.0
1001
ACAD
1000
DSTYLE
1002
{
1070
    40
1040
1.0
1070
   178
1070
   134
1002
}
  0
DIMENSION
  5
266
330
1F
100
AcDbEntity
  8
SH-尺寸标注
  6
Continuous
 62
   252
100
AcDbDimension
280
     0
  2
*D138
 10
9042.595980062573
 20
-12741.26266659676
 30
0.0
 11
8877.287450627444
 21
-12649.29416073739
 31
0.0
 70
   160
 71
     5
 42
330.6170588702589
 73
     0
 74
     0
 75
     0
  3
D_16_1.5
100
AcDbAlignedDimension
 13
8711.978921192314
 23
-12912.6912458114
 33
0.0
 14
9042.595980062573
 24
-12912.6912458114
 34
0.0
100
AcDbRotatedDimension
1001
ACAD
1000
DSTYLE
1002
{
1070
    40
1040
1.0
1070
   178
1070
   134
1002
}
  0
DIMENSION
  5
267
330
1F
100
AcDbEntity
  8
SH-尺寸标注
  6
Continuous
 62
   252
100
AcDbDimension
280
     0
  2
*D137
 10
9282.595980062573
 20
-13796.97927726279
 30
0.0
 11
9106.289750627444
 21
-13705.01077140342
 31
0.0
 70
   160
 71
     5
 42
352.6124588702587
 73
     0
 74
     0
 75
     0
  3
D_16_1.5
100
AcDbAlignedDimension
 13
8929.983521192315
 23
-13968.40785647743
 33
0.0
 14
9282.595980062573
 24
-13968.40785647743
 34
0.0
100
AcDbRotatedDimension
1001
ACAD
1000
DSTYLE
1002
{
1070
    40
1040
1.0
1070
   178
1070
   134
1002
}
  0
DIMENSION
  5
268
330
1F
100
AcDbEntity
  8
SH-尺寸标注
  6
Continuous
 62
   252
100
AcDbDimension
280
     0
  2
*D136
 10
9282.595980062573
 20
-9916.723120246326
 30
0.0
 11
9162.595980062573
 21
-9824.754614386951
 31
0.0
 70
   160
 71
     5
 42
240.0
 73
     0
 74
     0
 75
     0
  3
D_16_1.5
100
AcDbAlignedDimension
 13
9042.595980062573
 23
-10088.15169946097
 33
0.0
 14
9282.595980062573
 24
-10088.15169946097
 34
0.0
100
AcDbRotatedDimension
1001
ACAD
1000
DSTYLE
1002
{
1070
    40
1040
1.0
1070
   178
1070
   134
1002
}
  0
DIMENSION
  5
269
330
1F
100
AcDbEntity
  8
SH-尺寸标注
  6
Continuous
 62
   252
100
AcDbDimension
280
     0
  2
*D135
 10
7699.649241618267
 20
-10939.85369696691
 30
0.0
 11
7669.649241618267
 21
-10847.88519110754
 31
0.0
 70
   160
 71
     5
 42
60.0
 73
     0
 74
     0
 75
     0
  3
D_16_1.5
100
AcDbAlignedDimension
 13
7639.649241618267
 23
-10768.42511775227
 33
0.0
 14
7699.649241618267
 24
-10768.42511775227
 34
0.0
100
AcDbRotatedDimension
1001
ACAD
1000
DSTYLE
1002
{
1070
    40
1040
1.0
1070
   178
1070
   134
1002
}
  0
DIMENSION
  5
26A
330
1F
100
AcDbEntity
  8
SH-尺寸标注
  6
Continuous
 62
   252
100
AcDbDimension
280
     0
  2
*D134
 10
9042.595980062573
 20
-10939.85369696691
 30
0.0
 11
8431.12261084042
 21
-10847.88519110754
 31
0.0
 70
   160
 71
     5
 42
1222.946738444306
 73
     0
 74
     0
 75
     0
  3
D_16_1.5
100
AcDbAlignedDimension
 13
7819.649241618267
 23
-10768.42511775227
 33
0.0
 14
9042.595980062573
 24
-10768.42511775227
 34
0.0
100
AcDbRotatedDimension
1001
ACAD
1000
DSTYLE
1002
{
1070
    40
1040
1.0
1070
   178
1070
   134
1002
}
  0
DIMENSION
  5
26B
330
1F
100
AcDbEntity
  8
SH-尺寸标注
  6
Continuous
 62
   252
100
AcDbDimension
280
     0
  2
*D133
 10
9881.0897139312
 20
-10939.85369696691
 30
0.0
 11
9581.842846996888
 21
-10847.88519110754
 31
0.0
 70
   161
 71
     5
 42
598.4937338686268
 73
     0
 74
     0
 75
     0
  3
D_16_1.5
100
AcDbAlignedDimension
 13
9282.595980062573
 23
-10768.42511775227
 33
0.0
 14
9881.0897139312
 24
-10768.42511775227
 34
0.0
1001
ACAD
1000
DSTYLE
1002
{
1070
    40
1040
1.0
1070
   178
1070
   134
1002
}
  0
DIMENSION
  5
26C
330
1F
100
AcDbEntity
  8
SH-尺寸标注
  6
Continuous
 62
   252
100
AcDbDimension
280
     0
  2
*D132
 10
11737.59317433846
 20
-10939.85369696691
 30
0.0
 11
10809.34144413483
 21
-10847.88519110754
 31
0.0
 70
   161
 71
     5
 42
1856.503460407257
 73
     0
 74
     0
 75
     0
  3
D_16_1.5
100
AcDbAlignedDimension
 13
9881.0897139312
 23
-10768.42511775227
 33
0.0
 14
11737.59317433846
 24
-10768.42511775227
 34
0.0
1001
ACAD
1000
DSTYLE
1002
{
1070
    40
1040
1.0
1070
   178
1070
   134
1002
}
  0
DIMENSION
  5
26D
330
1F
100
AcDbEntity
  8
SH-尺寸标注
  6
Continuous
 62
   252
100
AcDbDimension
280
     0
  2
*D131
 10
12156.75793188022
 20
-10939.85369696691
 30
0.0
 11
11947.17555310934
 21
-10847.88519110754
 31
0.0
 70
   161
 71
     5
 42
419.1647575417628
 73
     0
 74
     0
 75
     0
  3
D_16_1.5
100
AcDbAlignedDimension
 13
11737.59317433846
 23
-10768.42511775227
 33
0.0
 14
12156.75793188022
 24
-10768.42511775227
 34
0.0
1001
ACAD
1000
DSTYLE
1002
{
1070
    40
1040
1.0
1070
   178
1070
   134
1002
}
  0
DIMENSION
  5
26E
330
1F
100
AcDbEntity
  8
SH-尺寸标注
  6
Continuous
 62
   252
100
AcDbDimension
280
     0
  2
*D130
 10
3652.037527077344
 20
-11909.98080155253
 30
0.0
 11
3331.490522099648
 21
-11818.01229569315
 31
0.0
 70
   161
 71
     5
 42
641.0940099553909
 73
     0
 74
     0
 75
     0
  3
D_16_1.5
100
AcDbAlignedDimension
 13
3010.943517121953
 23
-11738.55222233789
 33
0.0
 14
3652.037527077344
 24
-11738.55222233789
 34
0.0
1001
ACAD
1000
DSTYLE
1002
{
1070
    40
1040
1.0
1070
   178
1070
   134
1002
}
  0
DIMENSION
  5
26F
330
1F
100
AcDbEntity
  8
SH-尺寸标注
  6
Continuous
 62
   252
100
AcDbDimension
280
     0
  2
*D129
 10
4439.087421192315
 20
-11909.98080155253
 30
0.0
 11
4045.562474134829
 21
-11818.01229569315
 31
0.0
 70
   161
 71
     5
 42
787.0498941149708
 73
     0
 74
     0
 75
     0
  3
D_16_1.5
100
AcDbAlignedDimension
 13
3652.037527077344
 23
-11738.55222233789
 33
0.0
 14
4439.087421192315
 24
-11738.55222233789
 34
0.0
1001
ACAD
1000
DSTYLE
1002
{
1070
    40
1040
1.0
1070
   178
1070
   134
1002
}
  0
DIMENSION
  5
270
330
1F
100
AcDbEntity
  8
SH-尺寸标注
  6
Continuous
 62
   252
100
AcDbDimension
280
     0
  2
*D128
 10
5040.244129634775
 20
-11909.98080155253
 30
0.0
 11
4739.665775413545
 21
-11818.01229569315
 31
0.0
 70
   161
 71
     5
 42
601.1567084424605
 73
     0
 74
     0
 75
     0
  3
D_16_1.5
100
AcDbAlignedDimension
 13
4439.087421192315
 23
-11738.55222233789
 33
0.0
 14
5040.244129634775
 24
-11738.55222233789
 34
0.0
1001
ACAD
1000
DSTYLE
1002
{
1070
    40
1040
1.0
1070
   178
1070
   134
1002
}
  0
DIMENSION
  5
271
330
1F
100
AcDbEntity
  8
SH-尺寸标注
  6
Continuous
 62
   252
100
AcDbDimension
280
     0
  2
*D127
 10
14393.95481777114
 20
-13376.07640782932
 30
0.0
 11
14128.49659509033
 21
-13284.10790196995
 31
0.0
 70
   161
 71
     5
 42
530.9164453616104
 73
     0
 74
     0
 75
     0
  3
D_16_1.5
100
AcDbAlignedDimension
 13
13863.03837240953
 23
-13204.64782861468
 33
0.0
 14
14393.95481777114
 24
-13204.64782861468
 34
0.0
1001
ACAD
1000
DSTYLE
1002
{
1070
    40
1040
1.0
1070
   178
1070
   134
1002
}
  0
DIMENSION
  5
272
330
1F
100
AcDbEntity
  8
SH-尺寸标注
  6
Continuous
 62
   252
100
AcDbDimension
280
     0
  2
*D126
 10
14633.95481777114
 20
-13376.07640782932
 30
0.0
 11
14513.95481777114
 21
-13284.10790196995
 31
0.0
 70
   161
 71
     5
 42
240.0
 73
     0
 74
     0
 75
     0
  3
D_16_1.5
100
AcDbAlignedDimension
 13
14393.95481777114
 23
-13204.64782861468
 33
0.0
 14
14633.95481777114
 24
-13204.64782861468
 34
0.0
1001
ACAD
1000
DSTYLE
1002
{
1070
    40
1040
1.0
1070
   178
1070
   134
1002
}
  0
DIMENSION
  5
273
330
1F
100
AcDbEntity
  8
SH-尺寸标注
  6
Continuous
 62
   252
100
AcDbDimension
280
     0
  2
*D125
 10
9042.595980062573
 20
-8578.705920092147
 30
0.0
 11
8607.734057591906
 21
-8486.737414232772
 31
0.0
 70
   160
 71
     5
 42
869.7238449413344
 73
     0
 74
     0
 75
     0
  3
D_16_1.5
100
AcDbAlignedDimension
 13
8172.872135121239
 23
-8407.277340877507
 33
0.0
 14
9042.595980062573
 24
-8407.277340877507
 34
0.0
100
AcDbRotatedDimension
1001
ACAD
1000
DSTYLE
1002
{
1070
    40
1040
1.0
1070
   178
1070
   134
1002
}
  0
DIMENSION
  5
274
330
1F
100
AcDbEntity
  8
SH-尺寸标注
  6
Continuous
 62
   252
100
AcDbDimension
280
     0
  2
*D124
 10
6419.365613417838
 20
-17439.9333021291
 30
0.0
 11
4903.762471183129
 21
-17347.96479626972
 31
0.0
 70
   160
 71
     5
 42
3031.206284469419
 73
     0
 74
     0
 75
     0
  3
D_16_1.5
100
AcDbAlignedDimension
 13
3388.159328948419
 23
-17611.36188134374
 33
0.0
 14
6419.365613417838
 24
-17611.36188134374
 34
0.0
100
AcDbRotatedDimension
1001
ACAD
1000
DSTYLE
1002
{
1070
    40
1040
1.0
1070
   178
1070
   134
1002
}
  0
DIMENSION
  5
275
330
1F
100
AcDbEntity
  8
SH-尺寸标注
  6
Continuous
 62
   252
100
AcDbDimension
280
     0
  2
*D123
 10
5040.244129634775
 20
-9536.350539231871
 30
0.0
 11
4200.61473376643
 21
-9444.382033372498
 31
0.0
 70
   160
 71
     5
 42
1679.258791736691
 73
     0
 74
     0
 75
     0
  3
D_16_1.5
100
AcDbAlignedDimension
 13
3360.985337898085
 23
-9364.92196001723
 33
0.0
 14
5040.244129634775
 24
-9364.92196001723
 34
0.0
100
AcDbRotatedDimension
1001
ACAD
1000
DSTYLE
1002
{
1070
    40
1040
1.0
1070
   178
1070
   134
1002
}
  0
DIMENSION
  5
276
330
1F
100
AcDbEntity
  8
SH-尺寸标注
  6
Continuous
 62
   252
100
AcDbDimension
280
     0
  2
*D122
 10
8303.245297780539
 20
-8523.122368412005
 30
0.0
 11
8091.602296880295
 21
-8604.702261014729
 31
0.0
 70
   161
 71
     5
 42
414.6797927901822
 73
     0
 74
     0
 75
     0
  3
D_16_1.5
100
AcDbAlignedDimension
 13
7888.804093425721
 23
-8695.126951063125
 33
0.0
 14
8182.026986928692
 24
-8401.904057560156
 34
0.0
1001
ACAD
1000
DSTYLE
1002
{
1070
    40
1040
1.0
1070
   178
1070
   134
1002
}
  0
DIMENSION
  5
277
330
1F
100
AcDbEntity
  8
SH-尺寸标注
  6
Continuous
 62
   252
100
AcDbDimension
280
     0
  2
*D121
 10
8110.636270118219
 20
-13045.62453935314
 30
0.0
 11
8018.667764258844
 21
-13075.84698186553
 31
0.0
 70
   161
 71
     5
 42
60.44488502478816
 73
     0
 74
     0
 75
     0
  3
D_16_1.5
100
AcDbAlignedDimension
 13
7939.207690903578
 23
-13106.06942437793
 33
0.0
 14
7939.207690903578
 24
-13045.62453935314
 34
0.0
1001
ACAD
1000
DSTYLE
1002
{
1070
    40
1040
1.0
1070
   178
1070
   134
1002
}
  0
DIMENSION
  5
278
330
1F
100
AcDbEntity
  8
SH-尺寸标注
  6
Continuous
 62
   252
100
AcDbDimension
280
     0
  2
*D120
 10
8110.636270118219
 20
-12925.62453935314
 30
0.0
 11
8202.604775977594
 21
-12985.62453935314
 31
0.0
 70
   161
 71
     5
 42
120.0
 73
     0
 74
     0
 75
     0
  3
D_16_1.5
100
AcDbAlignedDimension
 13
7939.207690903578
 23
-13045.62453935314
 33
0.0
 14
7939.207690903578
 24
-12925.62453935314
 34
0.0
1001
ACAD
1000
DSTYLE
1002
{
1070
    40
1040
1.0
1070
   178
1070
   134
1002
}
  0
DIMENSION
  5
279
330
1F
100
AcDbEntity
  8
SH-尺寸标注
  6
Continuous
 62
   252
100
AcDbDimension
280
     0
  2
*D119
 10
8110.636270118219
 20
-10751.99678735776
 30
0.0
 11
8018.667764258844
 21
-11838.81066335545
 31
0.0
 70
   161
 71
     5
 42
2173.627751995382
 73
     0
 74
     0
 75
     0
  3
D_16_1.5
100
AcDbAlignedDimension
 13
7939.207690903578
 23
-12925.62453935314
 33
0.0
 14
7939.207690903578
 24
-10751.99678735776
 34
0.0
1001
ACAD
1000
DSTYLE
1002
{
1070
    40
1040
1.0
1070
   178
1070
   134
1002
}
  0
DIMENSION
  5
27A
330
1F
100
AcDbEntity
  8
SH-尺寸标注
  6
Continuous
 62
   252
100
AcDbDimension
280
     0
  2
*D118
 10
8066.188589604038
 20
-8685.97209925567
 30
0.0
 11
7974.220083744663
 21
-9598.984443306712
 31
0.0
 70
   160
 71
     5
 42
1826.024688102085
 73
     0
 74
     0
 75
     0
  3
D_16_1.5
100
AcDbAlignedDimension
 13
7894.760010389397
 23
-10511.99678735776
 33
0.0
 14
7894.760010389397
 24
-8685.97209925567
 34
0.0
 50
90.0
100
AcDbRotatedDimension
1001
ACAD
1000
DSTYLE
1002
{
1070
    40
1040
1.0
1070
   178
1070
   134
1002
}
  0
DIMENSION
  5
27B
330
1F
100
AcDbEntity
  8
SH-尺寸标注
  6
Continuous
 62
   252
100
AcDbDimension
280
     0
  2
*D117
 10
9468.105082496751
 20
-10751.99678735776
 30
0.0
 11
9376.136576637376
 21
-11898.81066335545
 31
0.0
 70
   160
 71
     5
 42
2293.627751995382
 73
     0
 74
     0
 75
     0
  3
D_16_1.5
100
AcDbAlignedDimension
 13
9296.676503282111
 23
-13045.62453935314
 33
0.0
 14
9296.676503282111
 24
-10751.99678735776
 34
0.0
 50
90.0
100
AcDbRotatedDimension
1001
ACAD
1000
DSTYLE
1002
{
1070
    40
1040
1.0
1070
   178
1070
   134
1002
}
  0
DIMENSION
  5
27C
330
1F
100
AcDbEntity
  8
SH-尺寸标注
  6
Continuous
 62
   252
100
AcDbDimension
280
     0
  2
*D116
 10
9468.105082496751
 20
-10100.94362905984
 30
0.0
 11
9376.136576637376
 21
-10306.4702082088
 31
0.0
 70
   161
 71
     5
 42
411.0531582979165
 73
     0
 74
     0
 75
     0
  3
D_16_1.5
100
AcDbAlignedDimension
 13
9296.676503282111
 23
-10511.99678735776
 33
0.0
 14
9296.676503282111
 24
-10100.94362905984
 34
0.0
1001
ACAD
1000
DSTYLE
1002
{
1070
    40
1040
1.0
1070
   178
1070
   134
1002
}
  0
DIMENSION
  5
27D
330
1F
100
AcDbEntity
  8
SH-尺寸标注
  6
Continuous
 62
   252
100
AcDbDimension
280
     0
  2
*D115
 10
9468.105082496751
 20
-9313.893734944868
 30
0.0
 11
9376.136576637376
 21
-9707.418682002353
 31
0.0
 70
   161
 71
     5
 42
787.0498941149708
 73
     0
 74
     0
 75
     0
  3
D_16_1.5
100
AcDbAlignedDimension
 13
9296.676503282111
 23
-10100.94362905984
 33
0.0
 14
9296.676503282111
 24
-9313.893734944868
 34
0.0
1001
ACAD
1000
DSTYLE
1002
{
1070
    40
1040
1.0
1070
   178
1070
   134
1002
}
  0
DIMENSION
  5
27E
330
1F
100
AcDbEntity
  8
SH-尺寸标注
  6
Continuous
 62
   252
100
AcDbDimension
280
     0
  2
*D114
 10
9468.105082496751
 20
-8392.749205752702
 30
0.0
 11
9376.136576637376
 21
-8853.321470348785
 31
0.0
 70
   161
 71
     5
 42
921.1445291921664
 73
     0
 74
     0
 75
     0
  3
D_16_1.5
100
AcDbAlignedDimension
 13
9296.676503282111
 23
-9313.893734944868
 33
0.0
 14
9296.676503282111
 24
-8392.749205752702
 34
0.0
1001
ACAD
1000
DSTYLE
1002
{
1070
    40
1040
1.0
1070
   178
1070
   134
1002
}
  0
DIMENSION
  5
27F
330
1F
100
AcDbEntity
  8
SH-尺寸标注
  6
Continuous
 62
   252
100
AcDbDimension
280
     0
  2
*D113
 10
8745.934272143957
 20
-14104.00505174273
 30
0.0
 11
8653.965766284582
 21
-15865.15041958104
 31
0.0
 70
   161
 71
     5
 42
3522.290735676612
 73
     0
 74
     0
 75
     0
  3
D_16_1.5
100
AcDbAlignedDimension
 13
8917.362851358597
 23
-17626.29578741935
 33
0.0
 14
8917.362851358597
 24
-14104.00505174273
 34
0.0
1001
ACAD
1000
DSTYLE
1002
{
1070
    40
1040
1.0
1070
   178
1070
   134
1002
}
  0
DIMENSION
  5
280
330
1F
100
AcDbEntity
  8
SH-尺寸标注
  6
Continuous
 62
   252
100
AcDbDimension
280
     0
  2
*D112
 10
8745.934272143957
 20
-13984.00505174273
 30
0.0
 11
8653.965766284582
 21
-14044.00505174273
 31
0.0
 70
   161
 71
     5
 42
120.0
 73
     0
 74
     0
 75
     0
  3
D_16_1.5
100
AcDbAlignedDimension
 13
8917.362851358597
 23
-14104.00505174273
 33
0.0
 14
8917.362851358597
 24
-13984.00505174273
 34
0.0
1001
ACAD
1000
DSTYLE
1002
{
1070
    40
1040
1.0
1070
   178
1070
   134
1002
}
  0
DIMENSION
  5
281
330
1F
100
AcDbEntity
  8
SH-尺寸标注
  6
Continuous
 62
   252
100
AcDbDimension
280
     0
  2
*D111
 10
7084.351886074087
 20
-13926.97676905984
 30
0.0
 11
6992.383380214712
 21
-13955.49091040129
 31
0.0
 70
   161
 71
     5
 42
57.02828268289522
 73
     0
 74
     0
 75
     0
  3
D_16_1.5
100
AcDbAlignedDimension
 13
6912.923306859446
 23
-13984.00505174273
 33
0.0
 14
6912.923306859446
 24
-13926.97676905984
 34
0.0
1001
ACAD
1000
DSTYLE
1002
{
1070
    40
1040
1.0
1070
   178
1070
   134
1002
}
  0
DIMENSION
  5
282
330
1F
100
AcDbEntity
  8
SH-尺寸标注
  6
Continuous
 62
   252
100
AcDbDimension
280
     0
  2
*D110
 10
7084.351886074087
 20
-13139.92687494487
 30
0.0
 11
6992.383380214712
 21
-13533.45182200235
 31
0.0
 70
   161
 71
     5
 42
787.0498941149708
 73
     0
 74
     0
 75
     0
  3
D_16_1.5
100
AcDbAlignedDimension
 13
6912.923306859446
 23
-13926.97676905984
 33
0.0
 14
6912.923306859446
 24
-13139.92687494487
 34
0.0
1001
ACAD
1000
DSTYLE
1002
{
1070
    40
1040
1.0
1070
   178
1070
   134
1002
}
  0
DIMENSION
  5
283
330
1F
100
AcDbEntity
  8
SH-尺寸标注
  6
Continuous
 62
   252
100
AcDbDimension
280
     0
  2
*D109
 10
6235.024602612684
 20
-13926.97676905984
 30
0.0
 11
6143.056096753309
 21
-15776.63627823959
 31
0.0
 70
   160
 71
     5
 42
3699.319018359507
 73
     0
 74
     0
 75
     0
  3
D_16_1.5
100
AcDbAlignedDimension
 13
6406.453181827325
 23
-17626.29578741935
 33
0.0
 14
6406.453181827325
 24
-13926.97676905984
 34
0.0
 50
90.0
100
AcDbRotatedDimension
1001
ACAD
1000
DSTYLE
1002
{
1070
    40
1040
1.0
1070
   178
1070
   134
1002
}
  0
DIMENSION
  5
284
330
1F
100
AcDbEntity
  8
SH-尺寸标注
  6
Continuous
 62
   252
100
AcDbDimension
280
     0
  2
*D108
 10
14818.13213415518
 20
-13978.50242905984
 30
0.0
 11
14726.1636282958
 21
-15332.23995073957
 31
0.0
 70
   161
 71
     5
 42
2707.475043359458
 73
     0
 74
     0
 75
     0
  3
D_16_1.5
100
AcDbAlignedDimension
 13
14646.70355494053
 23
-16685.9774724193
 33
0.0
 14
14646.70355494053
 24
-13978.50242905984
 34
0.0
1001
ACAD
1000
DSTYLE
1002
{
1070
    40
1040
1.0
1070
   178
1070
   134
1002
}
  0
DIMENSION
  5
285
330
1F
100
AcDbEntity
  8
SH-尺寸标注
  6
Continuous
 62
   252
100
AcDbDimension
280
     0
  2
*D107
 10
14818.13213415518
 20
-13191.45253494487
 30
0.0
 11
14726.1636282958
 21
-13584.97748200236
 31
0.0
 70
   161
 71
     5
 42
787.0498941149708
 73
     0
 74
     0
 75
     0
  3
D_16_1.5
100
AcDbAlignedDimension
 13
14646.70355494053
 23
-13978.50242905984
 33
0.0
 14
14646.70355494053
 24
-13191.45253494487
 34
0.0
1001
ACAD
1000
DSTYLE
1002
{
1070
    40
1040
1.0
1070
   178
1070
   134
1002
}
  0
DIMENSION
  5
286
330
1F
100
AcDbEntity
  8
SH-尺寸标注
  6
Continuous
 62
   252
100
AcDbDimension
280
     0
  2
*D106
 10
14818.13213415518
 20
-13086.49142798278
 30
0.0
 11
14726.1636282958
 21
-13138.97198146382
 31
0.0
 70
   161
 71
     5
 42
104.9611069620896
 73
     0
 74
     0
 75
     0
  3
D_16_1.5
100
AcDbAlignedDimension
 13
14646.70355494053
 23
-13191.45253494487
 33
0.0
 14
14646.70355494053
 24
-13086.49142798278
 34
0.0
1001
ACAD
1000
DSTYLE
1002
{
1070
    40
1040
1.0
1070
   178
1070
   134
1002
}
  0
DIMENSION
  5
287
330
1F
100
AcDbEntity
  8
SH-尺寸标注
  6
Continuous
 62
   252
100
AcDbDimension
280
     0
  2
*D105
 10
14209.27206773986
 20
-13978.50242905984
 30
0.0
 11
14117.30356188049
 21
-15802.39910823959
 31
0.0
 70
   160
 71
     5
 42
3647.793358359506
 73
     0
 74
     0
 75
     0
  3
D_16_1.5
100
AcDbAlignedDimension
 13
14380.7006469545
 23
-17626.29578741935
 33
0.0
 14
14380.7006469545
 24
-13978.50242905984
 34
0.0
 50
90.0
100
AcDbRotatedDimension
1001
ACAD
1000
DSTYLE
1002
{
1070
    40
1040
1.0
1070
   178
1070
   134
1002
}
  0
DIMENSION
  5
288
330
1F
100
AcDbEntity
  8
SH-尺寸标注
  6
Continuous
 62
   252
100
AcDbDimension
280
     0
  2
*D104
 10
7455.520135023702
 20
-10751.99678735776
 30
0.0
 11
7363.551629164327
 21
-11808.58822084305
 31
0.0
 70
   161
 71
     5
 42
2113.182866970592
 73
     0
 74
     0
 75
     0
  3
D_16_1.5
100
AcDbAlignedDimension
 13
7626.948714238344
 23
-12865.17965432835
 33
0.0
 14
7626.948714238344
 24
-10751.99678735776
 34
0.0
1001
ACAD
1000
DSTYLE
1002
{
1070
    40
1040
1.0
1070
   178
1070
   134
1002
}
  0
DIMENSION
  5
289
330
1F
100
AcDbEntity
  8
SH-尺寸标注
  6
Continuous
 62
   252
100
AcDbDimension
280
     0
  2
*D103
 10
7455.520135023702
 20
-9351.78023494058
 30
0.0
 11
7363.551629164327
 21
-10051.88851114917
 31
0.0
 70
   161
 71
     5
 42
1400.216552417176
 73
     0
 74
     0
 75
     0
  3
D_16_1.5
100
AcDbAlignedDimension
 13
7626.948714238344
 23
-10751.99678735776
 33
0.0
 14
7626.948714238344
 24
-9351.78023494058
 34
0.0
1001
ACAD
1000
DSTYLE
1002
{
1070
    40
1040
1.0
1070
   178
1070
   134
1002
}
  0
DIMENSION
  5
28A
330
1F
100
AcDbEntity
  8
SH-尺寸标注
  6
Continuous
 62
   252
100
AcDbDimension
280
     0
  2
*D102
 10
10065.56765823319
 20
-10511.99678735776
 30
0.0
 11
9973.599152373816
 21
-10631.99678735776
 31
0.0
 70
   160
 71
     5
 42
240.0
 73
     0
 74
     0
 75
     0
  3
D_16_1.5
100
AcDbAlignedDimension
 13
9894.13907901855
 23
-10751.99678735776
 33
0.0
 14
9894.13907901855
 24
-10511.99678735776
 34
0.0
 50
90.0
100
AcDbRotatedDimension
1001
ACAD
1000
DSTYLE
1002
{
1070
    40
1040
1.0
1070
   178
1070
   134
1002
}
  0
DIMENSION
  5
28B
330
1F
100
AcDbEntity
  8
SH-尺寸标注
  6
Continuous
 62
   252
100
AcDbDimension
280
     0
  2
*D101
 10
5464.314797908844
 20
-9351.78023494058
 30
0.0
 11
5372.346292049469
 21
-11099.57584052922
 31
0.0
 70
   160
 71
     5
 42
3495.591211177287
 73
     0
 74
     0
 75
     0
  3
D_16_1.5
100
AcDbAlignedDimension
 13
5292.886218694203
 23
-12847.37144611787
 33
0.0
 14
5292.886218694203
 24
-9351.78023494058
 34
0.0
 50
90.0
100
AcDbRotatedDimension
1001
ACAD
1000
DSTYLE
1002
{
1070
    40
1040
1.0
1070
   178
1070
   134
1002
}
  0
DIMENSION
  5
28C
330
1F
100
AcDbEntity
  8
SH-尺寸标注
  6
Continuous
 62
   252
100
AcDbDimension
280
     0
  2
*D100
 10
9466.91179248358
 20
-13984.00505174273
 30
0.0
 11
9374.943286624206
 21
-15805.15041958104
 31
0.0
 70
   160
 71
     5
 42
3642.290735676612
 73
     0
 74
     0
 75
     0
  3
D_16_1.5
100
AcDbAlignedDimension
 13
9295.48321326894
 23
-17626.29578741935
 33
0.0
 14
9295.48321326894
 24
-13984.00505174273
 34
0.0
 50
90.0
100
AcDbRotatedDimension
1001
ACAD
1000
DSTYLE
1002
{
1070
    40
1040
1.0
1070
   178
1070
   134
1002
}
  0
DIMENSION
  5
28D
330
1F
100
AcDbEntity
  8
SH-尺寸标注
  6
Continuous
 62
   252
100
AcDbDimension
280
     0
  2
*D99
 10
12664.32151487367
 20
-11154.31617617636
 30
0.0
 11
12572.35300901429
 21
-11274.31617617636
 31
0.0
 70
   160
 71
     5
 42
240.0
 73
     0
 74
     0
 75
     0
  3
D_16_1.5
100
AcDbAlignedDimension
 13
12492.89293565902
 23
-11394.31617617636
 33
0.0
 14
12492.89293565902
 24
-11154.31617617636
 34
0.0
 50
90.0
100
AcDbRotatedDimension
1001
ACAD
1000
DSTYLE
1002
{
1070
    40
1040
1.0
1070
   178
1070
   134
1002
}
  0
DIMENSION
  5
28E
330
1F
100
AcDbEntity
  8
SH-尺寸标注
  6
Continuous
 62
   252
100
AcDbDimension
280
     0
  2
*D98
 10
4885.203419610148
 20
-11725.96735049125
 30
0.0
 11
4793.234913750773
 21
-12405.78938016947
 31
0.0
 70
   160
 71
     5
 42
1359.644059356446
 73
     0
 74
     0
 75
     0
  3
D_16_1.5
100
AcDbAlignedDimension
 13
5056.631998824789
 23
-13085.61140984769
 33
0.0
 14
5056.631998824789
 24
-11725.96735049125
 34
0.0
 50
90.0
100
AcDbRotatedDimension
1001
ACAD
1000
DSTYLE
1002
{
1070
    40
1040
1.0
1070
   178
1070
   134
1002
}
  0
DIMENSION
  5
28F
330
1F
100
AcDbEntity
  8
SH-尺寸标注
  6
Continuous
 62
   252
100
AcDbDimension
280
     0
  2
*D97
 10
7084.351886074087
 20
-12858.67117347459
 30
0.0
 11
6992.383380214712
 21
-12978.66792292448
 31
0.0
 70
   160
 71
     5
 42
239.9934988997811
 73
     0
 74
     0
 75
     0
  3
D_16_1.5
100
AcDbAlignedDimension
 13
6912.923306859446
 23
-13098.66467237437
 33
0.0
 14
6912.923306859446
 24
-12858.67117347459
 34
0.0
 50
90.0
100
AcDbRotatedDimension
1001
ACAD
1000
DSTYLE
1002
{
1070
    40
1040
1.0
1070
   178
1070
   134
1002
}
  0
DIMENSION
  5
290
330
1F
100
AcDbEntity
  8
SH-尺寸标注
  6
Continuous
 62
   252
100
AcDbDimension
280
     0
  2
*D96
 10
3836.04876004066
 20
-11605.96735049125
 30
0.0
 11
3744.080254181285
 21
-11665.96735049125
 31
0.0
 70
   160
 71
     5
 42
120.0
 73
     0
 74
     0
 75
     0
  3
D_16_1.5
100
AcDbAlignedDimension
 13
3664.620180826019
 23
-11725.96735049125
 33
0.0
 14
3664.620180826019
 24
-11605.96735049125
 34
0.0
 50
90.0
100
AcDbRotatedDimension
1001
ACAD
1000
DSTYLE
1002
{
1070
    40
1040
1.0
1070
   178
1070
   134
1002
}
  0
DIMENSION
  5
291
330
1F
100
AcDbEntity
  8
SH-尺寸标注
  6
Continuous
 62
   252
100
AcDbDimension
280
     0
  2
*D95
 10
3592.909092059768
 20
-9668.868827875742
 30
0.0
 11
3363.59393281319
 21
-9722.650301857127
 31
0.0
 70
   161
 71
     5
 42
433.6804525247325
 73
     0
 74
     0
 75
     0
  3
D_16_1.5
100
AcDbAlignedDimension
 13
3141.663211881681
 23
-9786.527861935652
 33
0.0
 14
3491.705032657811
 24
-9530.501576937826
 34
0.0
1001
ACAD
1000
DSTYLE
1002
{
1070
    40
1040
1.0
1070
   178
1070
   134
1002
}
  0
DIMENSION
  5
292
330
1F
100
AcDbEntity
  8
SH-尺寸标注
  6
Continuous
 62
   252
100
AcDbDimension
280
     0
  2
*D94
 10
3388.159328948419
 20
-18599.33894364869
 30
0.0
 11
3199.551423035186
 21
-18484.06335771119
 31
0.0
 70
   160
 71
     5
 42
377.2158118264661
 73
     0
 74
     0
 75
     0
  3
D_20_2.35
100
AcDbAlignedDimension
 13
3010.943517121953
 23
-18263.62467065386
 33
0.0
 14
3388.159328948419
 24
-18263.62467065386
 34
0.0
100
AcDbRotatedDimension
1001
ACAD
1000
DSTYLE
1002
{
1070
    40
1040
1.0
1070
   178
1070
   134
1002
}
  0
DIMENSION
  5
293
330
1F
100
AcDbEntity
  8
SH-尺寸标注
  6
Continuous
 62
   252
100
AcDbDimension
280
     0
  2
*D93
 10
3646.77116484964
 20
-18599.33894364869
 30
0.0
 11
3517.46524689903
 21
-18714.61452958619
 31
0.0
 70
   161
 71
     5
 42
258.6118359012207
 73
     0
 74
     0
 75
     0
  3
D_20_2.35
100
AcDbAlignedDimension
 13
3388.159328948419
 23
-18263.62467065386
 33
0.0
 14
3646.77116484964
 24
-18263.62467065386
 34
0.0
1001
ACAD
1000
DSTYLE
1002
{
1070
    40
1040
1.0
1070
   178
1070
   134
1002
}
  0
DIMENSION
  5
294
330
1F
100
AcDbEntity
  8
SH-尺寸标注
  6
Continuous
 62
   252
100
AcDbDimension
280
     0
  2
*D92
 10
5768.891783420019
 20
-18599.33894364869
 30
0.0
 11
4707.831474134829
 21
-18484.06335771119
 31
0.0
 70
   161
 71
     5
 42
2122.12061857038
 73
     0
 74
     0
 75
     0
  3
D_20_2.35
100
AcDbAlignedDimension
 13
3646.77116484964
 23
-18263.62467065386
 33
0.0
 14
5768.891783420019
 24
-18263.62467065386
 34
0.0
1001
ACAD
1000
DSTYLE
1002
{
1070
    40
1040
1.0
1070
   178
1070
   134
1002
}
  0
DIMENSION
  5
295
330
1F
100
AcDbEntity
  8
SH-尺寸标注
  6
Continuous
 62
   252
100
AcDbDimension
280
     0
  2
*D91
 10
6419.365613417838
 20
-18599.33894364869
 30
0.0
 11
6094.128698418929
 21
-18484.06335771119
 31
0.0
 70
   160
 71
     5
 42
650.4738299978189
 73
     0
 74
     0
 75
     0
  3
D_20_2.35
100
AcDbAlignedDimension
 13
5768.891783420019
 23
-18263.62467065386
 33
0.0
 14
6419.365613417838
 24
-18263.62467065386
 34
0.0
100
AcDbRotatedDimension
1001
ACAD
1000
DSTYLE
1002
{
1070
    40
1040
1.0
1070
   178
1070
   134
1002
}
  0
DIMENSION
  5
296
330
1F
100
AcDbEntity
  8
SH-尺寸标注
  6
Continuous
 62
   252
100
AcDbDimension
280
     0
  2
*D90
 10
8868.903283420019
 20
-18599.33894364869
 30
0.0
 11
7764.134448418929
 21
-18484.06335771119
 31
0.0
 70
   160
 71
     5
 42
2209.537670002181
 73
     0
 74
     0
 75
     0
  3
D_20_2.35
100
AcDbAlignedDimension
 13
6659.365613417838
 23
-18263.62467065386
 33
0.0
 14
8868.903283420019
 24
-18263.62467065386
 34
0.0
100
AcDbRotatedDimension
1001
ACAD
1000
DSTYLE
1002
{
1070
    40
1040
1.0
1070
   178
1070
   134
1002
}
  0
DIMENSION
  5
297
330
1F
100
AcDbEntity
  8
SH-尺寸标注
  6
Continuous
 62
   252
100
AcDbDimension
280
     0
  2
*D89
 10
9042.595980062573
 20
-18599.33894364869
 30
0.0
 11
8955.749631741295
 21
-18484.06335771119
 31
0.0
 70
   161
 71
     5
 42
173.6926966425544
 73
     0
 74
     0
 75
     0
  3
D_20_2.35
100
AcDbAlignedDimension
 13
8868.903283420019
 23
-18263.62467065386
 33
0.0
 14
9042.595980062573
 24
-18263.62467065386
 34
0.0
1001
ACAD
1000
DSTYLE
1002
{
1070
    40
1040
1.0
1070
   178
1070
   134
1002
}
  0
DIMENSION
  5
298
330
1F
100
AcDbEntity
  8
SH-尺寸标注
  6
Continuous
 62
   252
100
AcDbDimension
280
     0
  2
*D88
 10
9622.64898975983
 20
-18599.33894364869
 30
0.0
 11
9452.6224849112
 21
-18484.06335771119
 31
0.0
 70
   161
 71
     5
 42
340.0530096972561
 73
     0
 74
     0
 75
     0
  3
D_20_2.35
100
AcDbAlignedDimension
 13
9282.595980062573
 23
-18263.62467065386
 33
0.0
 14
9622.64898975983
 24
-18263.62467065386
 34
0.0
1001
ACAD
1000
DSTYLE
1002
{
1070
    40
1040
1.0
1070
   178
1070
   134
1002
}
  0
DIMENSION
  5
299
330
1F
100
AcDbEntity
  8
SH-尺寸标注
  6
Continuous
 62
   252
100
AcDbDimension
280
     0
  2
*D87
 10
14076.31695850983
 20
-18599.33894364869
 30
0.0
 11
11849.48297413483
 21
-18484.06335771119
 31
0.0
 70
   161
 71
     5
 42
4453.66796875
 73
     0
 74
     0
 75
     0
  3
D_20_2.35
100
AcDbAlignedDimension
 13
9622.64898975983
 23
-18263.62467065386
 33
0.0
 14
14076.31695850983
 24
-18263.62467065386
 34
0.0
1001
ACAD
1000
DSTYLE
1002
{
1070
    40
1040
1.0
1070
   178
1070
   134
1002
}
  0
DIMENSION
  5
29A
330
1F
100
AcDbEntity
  8
SH-尺寸标注
  6
Continuous
 62
   252
100
AcDbDimension
280
     0
  2
*D86
 10
14393.95481777114
 20
-18599.33894364869
 30
0.0
 11
14235.13588814048
 21
-18484.06335771119
 31
0.0
 70
   160
 71
     5
 42
317.6378592613073
 73
     0
 74
     0
 75
     0
  3
D_20_2.35
100
AcDbAlignedDimension
 13
14076.31695850983
 23
-18263.62467065386
 33
0.0
 14
14393.95481777114
 24
-18263.62467065386
 34
0.0
100
AcDbRotatedDimension
1001
ACAD
1000
DSTYLE
1002
{
1070
    40
1040
1.0
1070
   178
1070
   134
1002
}
  0
DIMENSION
  5
29B
330
1F
100
AcDbEntity
  8
SH-尺寸标注
  6
Continuous
 62
   252
100
AcDbDimension
280
     0
  2
*D85
 10
14845.47966484964
 20
-18599.33894364869
 30
0.0
 11
14739.71724131039
 21
-18484.06335771119
 31
0.0
 70
   161
 71
     5
 42
211.5248470785027
 73
     0
 74
     0
 75
     0
  3
D_20_2.35
100
AcDbAlignedDimension
 13
14633.95481777114
 23
-18263.62467065386
 33
0.0
 14
14845.47966484964
 24
-18263.62467065386
 34
0.0
1001
ACAD
1000
DSTYLE
1002
{
1070
    40
1040
1.0
1070
   178
1070
   134
1002
}
  0
DIMENSION
  5
29C
330
1F
100
AcDbEntity
  8
SH-尺寸标注
  6
Continuous
 62
   252
100
AcDbDimension
280
     0
  2
*D84
 10
16953.33537754599
 20
-18599.33894364869
 30
0.0
 11
15899.40752119782
 21
-18484.06335771119
 31
0.0
 70
   161
 71
     5
 42
2107.855712696352
 73
     0
 74
     0
 75
     0
  3
D_20_2.35
100
AcDbAlignedDimension
 13
14845.47966484964
 23
-18263.62467065386
 33
0.0
 14
16953.33537754599
 24
-18263.62467065386
 34
0.0
1001
ACAD
1000
DSTYLE
1002
{
1070
    40
1040
1.0
1070
   178
1070
   134
1002
}
  0
DIMENSION
  5
29D
330
1F
100
AcDbEntity
  8
SH-尺寸标注
  6
Continuous
 62
   252
100
AcDbDimension
280
     0
  2
*D83
 10
3360.985337898085
 20
-7650.955619802338
 30
0.0
 11
3185.964427510018
 21
-7535.680033864838
 31
0.0
 70
   160
 71
     5
 42
350.0418207761313
 73
     0
 74
     0
 75
     0
  3
D_20_2.35
100
AcDbAlignedDimension
 13
3010.943517121953
 23
-7986.669892797163
 33
0.0
 14
3360.985337898085
 24
-7986.669892797163
 34
0.0
100
AcDbRotatedDimension
1001
ACAD
1000
DSTYLE
1002
{
1070
    40
1040
1.0
1070
   178
1070
   134
1002
}
  0
DIMENSION
  5
29E
330
1F
100
AcDbEntity
  8
SH-尺寸标注
  6
Continuous
 62
   252
100
AcDbDimension
280
     0
  2
*D82
 10
3584.432668959048
 20
-7650.955619802338
 30
0.0
 11
3472.709003428567
 21
-7766.231205739839
 31
0.0
 70
   161
 71
     5
 42
223.4473310609637
 73
     0
 74
     0
 75
     0
  3
D_20_2.35
100
AcDbAlignedDimension
 13
3360.985337898085
 23
-7986.669892797163
 33
0.0
 14
3584.432668959048
 24
-7986.669892797163
 34
0.0
1001
ACAD
1000
DSTYLE
1002
{
1070
    40
1040
1.0
1070
   178
1070
   134
1002
}
  0
DIMENSION
  5
29F
330
1F
100
AcDbEntity
  8
SH-尺寸标注
  6
Continuous
 62
   252
100
AcDbDimension
280
     0
  2
*D81
 10
4822.93327931061
 20
-7650.955619802338
 30
0.0
 11
4203.682974134829
 21
-7535.680033864838
 31
0.0
 70
   161
 71
     5
 42
1238.500610351563
 73
     0
 74
     0
 75
     0
  3
D_20_2.35
100
AcDbAlignedDimension
 13
3584.432668959048
 23
-7986.669892797163
 33
0.0
 14
4822.93327931061
 24
-7986.669892797163
 34
0.0
1001
ACAD
1000
DSTYLE
1002
{
1070
    40
1040
1.0
1070
   178
1070
   134
1002
}
  0
DIMENSION
  5
2A0
330
1F
100
AcDbEntity
  8
SH-尺寸标注
  6
Continuous
 62
   252
100
AcDbDimension
280
     0
  2
*D80
 10
5040.244129634775
 20
-7650.955619802338
 30
0.0
 11
4931.588704472693
 21
-7535.680033864838
 31
0.0
 70
   161
 71
     5
 42
217.3108503241647
 73
     0
 74
     0
 75
     0
  3
D_20_2.35
100
AcDbAlignedDimension
 13
4822.93327931061
 23
-7986.669892797163
 33
0.0
 14
5040.244129634775
 24
-7986.669892797163
 34
0.0
1001
ACAD
1000
DSTYLE
1002
{
1070
    40
1040
1.0
1070
   178
1070
   134
1002
}
  0
DIMENSION
  5
2A1
330
1F
100
AcDbEntity
  8
SH-尺寸标注
  6
Continuous
 62
   252
100
AcDbDimension
280
     0
  2
*D79
 10
5995.339468959048
 20
-7650.955619802338
 30
0.0
 11
5637.791799296911
 21
-7535.680033864838
 31
0.0
 70
   161
 71
     5
 42
715.0953393242726
 73
     0
 74
     0
 75
     0
  3
D_20_2.35
100
AcDbAlignedDimension
 13
5280.244129634775
 23
-7986.669892797163
 33
0.0
 14
5995.339468959048
 24
-7986.669892797163
 34
0.0
1001
ACAD
1000
DSTYLE
1002
{
1070
    40
1040
1.0
1070
   178
1070
   134
1002
}
  0
DIMENSION
  5
2A2
330
1F
100
AcDbEntity
  8
SH-尺寸标注
  6
Continuous
 62
   252
100
AcDbDimension
280
     0
  2
*D78
 10
7233.84007931061
 20
-7650.955619802338
 30
0.0
 11
6614.589774134829
 21
-7535.680033864838
 31
0.0
 70
   161
 71
     5
 42
1238.500610351563
 73
     0
 74
     0
 75
     0
  3
D_20_2.35
100
AcDbAlignedDimension
 13
5995.339468959048
 23
-7986.669892797163
 33
0.0
 14
7233.84007931061
 24
-7986.669892797163
 34
0.0
1001
ACAD
1000
DSTYLE
1002
{
1070
    40
1040
1.0
1070
   178
1070
   134
1002
}
  0
DIMENSION
  5
2A3
330
1F
100
AcDbEntity
  8
SH-尺寸标注
  6
Continuous
 62
   252
100
AcDbDimension
280
     0
  2
*D77
 10
7639.649241618267
 20
-7650.955619802338
 30
0.0
 11
7436.744660464439
 21
-7535.680033864838
 31
0.0
 70
   161
 71
     5
 42
405.8091623076571
 73
     0
 74
     0
 75
     0
  3
D_20_2.35
100
AcDbAlignedDimension
 13
7233.84007931061
 23
-7986.669892797163
 33
0.0
 14
7639.649241618267
 24
-7986.669892797163
 34
0.0
1001
ACAD
1000
DSTYLE
1002
{
1070
    40
1040
1.0
1070
   178
1070
   134
1002
}
  0
DIMENSION
  5
2A4
330
1F
100
AcDbEntity
  8
SH-尺寸标注
  6
Continuous
 62
   252
100
AcDbDimension
280
     0
  2
*D76
 10
8172.872135121239
 20
-7650.955619802338
 30
0.0
 11
8026.260688369754
 21
-7535.680033864838
 31
0.0
 70
   160
 71
     5
 42
293.2228935029716
 73
     0
 74
     0
 75
     0
  3
D_20_2.35
100
AcDbAlignedDimension
 13
7879.649241618267
 23
-7986.669892797163
 33
0.0
 14
8172.872135121239
 24
-7986.669892797163
 34
0.0
100
AcDbRotatedDimension
1001
ACAD
1000
DSTYLE
1002
{
1070
    40
1040
1.0
1070
   178
1070
   134
1002
}
  0
DIMENSION
  5
2A5
330
1F
100
AcDbEntity
  8
SH-尺寸标注
  6
Continuous
 62
   252
100
AcDbDimension
280
     0
  2
*D75
 10
8876.894241826823
 20
-7650.955619802338
 30
0.0
 11
8524.88318847403
 21
-7535.680033864838
 31
0.0
 70
   161
 71
     5
 42
704.0221067055845
 73
     0
 74
     0
 75
     0
  3
D_20_2.35
100
AcDbAlignedDimension
 13
8172.872135121239
 23
-7986.669892797163
 33
0.0
 14
8876.894241826823
 24
-7986.669892797163
 34
0.0
1001
ACAD
1000
DSTYLE
1002
{
1070
    40
1040
1.0
1070
   178
1070
   134
1002
}
  0
DIMENSION
  5
2A6
330
1F
100
AcDbEntity
  8
SH-尺寸标注
  6
Continuous
 62
   252
100
AcDbDimension
280
     0
  2
*D74
 10
9042.595980062573
 20
-7650.955619802338
 30
0.0
 11
8959.745110944697
 21
-7535.680033864838
 31
0.0
 70
   161
 71
     5
 42
165.7017382357499
 73
     0
 74
     0
 75
     0
  3
D_20_2.35
100
AcDbAlignedDimension
 13
8876.894241826823
 23
-7986.669892797163
 33
0.0
 14
9042.595980062573
 24
-7986.669892797163
 34
0.0
1001
ACAD
1000
DSTYLE
1002
{
1070
    40
1040
1.0
1070
   178
1070
   134
1002
}
  0
DIMENSION
  5
2A7
330
1F
100
AcDbEntity
  8
SH-尺寸标注
  6
Continuous
 62
   252
100
AcDbDimension
280
     0
  2
*D73
 10
10047.89612895905
 20
-7650.955619802338
 30
0.0
 11
9665.24605451081
 21
-7535.680033864838
 31
0.0
 70
   161
 71
     5
 42
765.3001488964746
 73
     0
 74
     0
 75
     0
  3
D_20_2.35
100
AcDbAlignedDimension
 13
9282.595980062573
 23
-7986.669892797163
 33
0.0
 14
10047.89612895905
 24
-7986.669892797163
 34
0.0
1001
ACAD
1000
DSTYLE
1002
{
1070
    40
1040
1.0
1070
   178
1070
   134
1002
}
  0
DIMENSION
  5
2A8
330
1F
100
AcDbEntity
  8
SH-尺寸标注
  6
Continuous
 62
   252
100
AcDbDimension
280
     0
  2
*D72
 10
11286.39673931061
 20
-7650.955619802338
 30
0.0
 11
10667.14643413483
 21
-7535.680033864838
 31
0.0
 70
   161
 71
     5
 42
1238.500610351563
 73
     0
 74
     0
 75
     0
  3
D_20_2.35
100
AcDbAlignedDimension
 13
10047.89612895905
 23
-7986.669892797163
 33
0.0
 14
11286.39673931061
 24
-7986.669892797163
 34
0.0
1001
ACAD
1000
DSTYLE
1002
{
1070
    40
1040
1.0
1070
   178
1070
   134
1002
}
  0
DIMENSION
  5
2A9
330
1F
100
AcDbEntity
  8
SH-尺寸标注
  6
Continuous
 62
   252
100
AcDbDimension
280
     0
  2
*D71
 10
12156.75793188022
 20
-7650.955619802338
 30
0.0
 11
11721.57733559542
 21
-7535.680033864838
 31
0.0
 70
   161
 71
     5
 42
870.3611925696114
 73
     0
 74
     0
 75
     0
  3
D_20_2.35
100
AcDbAlignedDimension
 13
11286.39673931061
 23
-7986.669892797163
 33
0.0
 14
12156.75793188022
 24
-7986.669892797163
 34
0.0
1001
ACAD
1000
DSTYLE
1002
{
1070
    40
1040
1.0
1070
   178
1070
   134
1002
}
  0
DIMENSION
  5
2AA
330
1F
100
AcDbEntity
  8
SH-尺寸标注
  6
Continuous
 62
   252
100
AcDbDimension
280
     0
  2
*D70
 10
12479.8531455653
 20
-7650.955619802338
 30
0.0
 11
12318.30553872276
 21
-7535.680033864838
 31
0.0
 70
   160
 71
     5
 42
323.0952136850756
 73
     0
 74
     0
 75
     0
  3
D_20_2.35
100
AcDbAlignedDimension
 13
12156.75793188022
 23
-7986.669892797163
 33
0.0
 14
12479.8531455653
 24
-7986.669892797163
 34
0.0
100
AcDbRotatedDimension
1001
ACAD
1000
DSTYLE
1002
{
1070
    40
1040
1.0
1070
   178
1070
   134
1002
}
  0
DIMENSION
  5
2AB
330
1F
100
AcDbEntity
  8
SH-尺寸标注
  6
Continuous
 62
   252
100
AcDbDimension
280
     0
  2
*D69
 10
13821.41980270436
 20
-7650.955619802338
 30
0.0
 11
13150.63647413483
 21
-7535.680033864838
 31
0.0
 70
   161
 71
     5
 42
1341.566657139063
 73
     0
 74
     0
 75
     0
  3
D_20_2.35
100
AcDbAlignedDimension
 13
12479.8531455653
 23
-7986.669892797163
 33
0.0
 14
13821.41980270436
 24
-7986.669892797163
 34
0.0
1001
ACAD
1000
DSTYLE
1002
{
1070
    40
1040
1.0
1070
   178
1070
   134
1002
}
  0
DIMENSION
  5
2AC
330
1F
100
AcDbEntity
  8
SH-尺寸标注
  6
Continuous
 62
   252
100
AcDbDimension
280
     0
  2
*D68
 10
14393.95481777114
 20
-7650.955619802338
 30
0.0
 11
14107.68731023775
 21
-7535.680033864838
 31
0.0
 70
   160
 71
     5
 42
572.5350150667764
 73
     0
 74
     0
 75
     0
  3
D_20_2.35
100
AcDbAlignedDimension
 13
13821.41980270436
 23
-7986.669892797163
 33
0.0
 14
14393.95481777114
 24
-7986.669892797163
 34
0.0
100
AcDbRotatedDimension
1001
ACAD
1000
DSTYLE
1002
{
1070
    40
1040
1.0
1070
   178
1070
   134
1002
}
  0
DIMENSION
  5
2AD
330
1F
100
AcDbEntity
  8
SH-尺寸标注
  6
Continuous
 62
   252
100
AcDbDimension
280
     0
  2
*D67
 10
16953.33537754599
 20
-7650.955619802338
 30
0.0
 11
15793.64509765857
 21
-7535.680033864838
 31
0.0
 70
   160
 71
     5
 42
2319.380559774854
 73
     0
 74
     0
 75
     0
  3
D_20_2.35
100
AcDbAlignedDimension
 13
14633.95481777114
 23
-7986.669892797163
 33
0.0
 14
16953.33537754599
 24
-7986.669892797163
 34
0.0
100
AcDbRotatedDimension
1001
ACAD
1000
DSTYLE
1002
{
1070
    40
1040
1.0
1070
   178
1070
   134
1002
}
  0
DIMENSION
  5
2AE
330
1F
100
AcDbEntity
  8
SH-尺寸标注
  6
Continuous
 62
   252
100
AcDbDimension
280
     0
  2
*D66
 10
2259.138711193797
 20
-17249.07997559288
 30
0.0
 11
2143.863125256296
 21
-17437.68788150611
 31
0.0
 70
   160
 71
     5
 42
377.215811826467
 73
     0
 74
     0
 75
     0
  3
D_20_2.35
100
AcDbAlignedDimension
 13
2594.852984188621
 23
-17626.29578741935
 33
0.0
 14
2594.852984188621
 24
-17249.07997559288
 34
0.0
 50
90.0
100
AcDbRotatedDimension
1001
ACAD
1000
DSTYLE
1002
{
1070
    40
1040
1.0
1070
   178
1070
   134
1002
}
  0
DIMENSION
  5
2AF
330
1F
100
AcDbEntity
  8
SH-尺寸标注
  6
Continuous
 62
   252
100
AcDbDimension
280
     0
  2
*D65
 10
2259.138711193797
 20
-11725.96735049125
 30
0.0
 11
2143.863125256296
 21
-14487.52366304206
 31
0.0
 70
   161
 71
     5
 42
5523.112625101632
 73
     0
 74
     0
 75
     0
  3
D_20_2.35
100
AcDbAlignedDimension
 13
2594.852984188621
 23
-17249.07997559288
 33
0.0
 14
2594.852984188621
 24
-11725.96735049125
 34
0.0
1001
ACAD
1000
DSTYLE
1002
{
1070
    40
1040
1.0
1070
   178
1070
   134
1002
}
  0
DIMENSION
  5
2B0
330
1F
100
AcDbEntity
  8
SH-尺寸标注
  6
Continuous
 62
   252
100
AcDbDimension
280
     0
  2
*D64
 10
2259.138711193797
 20
-9607.806519938405
 30
0.0
 11
2143.863125256296
 21
-10606.88693521483
 31
0.0
 70
   160
 71
     5
 42
1998.160830552841
 73
     0
 74
     0
 75
     0
  3
D_20_2.35
100
AcDbAlignedDimension
 13
2594.852984188621
 23
-11605.96735049125
 33
0.0
 14
2594.852984188621
 24
-9607.806519938405
 34
0.0
 50
90.0
100
AcDbRotatedDimension
1001
ACAD
1000
DSTYLE
1002
{
1070
    40
1040
1.0
1070
   178
1070
   134
1002
}
  0
DIMENSION
  5
2B1
330
1F
100
AcDbEntity
  8
SH-尺寸标注
  6
Continuous
 62
   252
100
AcDbDimension
280
     0
  2
*D63
 10
2259.138711193797
 20
-9351.78023494058
 30
0.0
 11
2143.863125256296
 21
-9479.793377439491
 31
0.0
 70
   160
 71
     5
 42
256.0262849978262
 73
     0
 74
     0
 75
     0
  3
D_20_2.35
100
AcDbAlignedDimension
 13
2594.852984188621
 23
-9607.806519938405
 33
0.0
 14
2594.852984188621
 24
-9351.78023494058
 34
0.0
 50
90.0
100
AcDbRotatedDimension
1001
ACAD
1000
DSTYLE
1002
{
1070
    40
1040
1.0
1070
   178
1070
   134
1002
}
  0
DIMENSION
  5
2B2
330
1F
100
AcDbEntity
  8
SH-尺寸标注
  6
Continuous
 62
   252
100
AcDbDimension
280
     0
  2
*D62
 10
2259.138711193797
 20
-8685.97209925567
 30
0.0
 11
2143.863125256296
 21
-9018.876167098126
 31
0.0
 70
   160
 71
     5
 42
665.8081356849088
 73
     0
 74
     0
 75
     0
  3
D_20_2.35
100
AcDbAlignedDimension
 13
2594.852984188621
 23
-9351.78023494058
 33
0.0
 14
2594.852984188621
 24
-8685.97209925567
 34
0.0
 50
90.0
100
AcDbRotatedDimension
1001
ACAD
1000
DSTYLE
1002
{
1070
    40
1040
1.0
1070
   178
1070
   134
1002
}
  0
DIMENSION
  5
2B3
330
1F
100
AcDbEntity
  8
SH-尺寸标注
  6
Continuous
 62
   252
100
AcDbDimension
280
     0
  2
*D61
 10
2259.138711193797
 20
-8392.749205752702
 30
0.0
 11
2143.863125256296
 21
-8539.360652504185
 31
0.0
 70
   160
 71
     5
 42
293.2228935029689
 73
     0
 74
     0
 75
     0
  3
D_20_2.35
100
AcDbAlignedDimension
 13
2594.852984188621
 23
-8685.97209925567
 33
0.0
 14
2594.852984188621
 24
-8392.749205752702
 34
0.0
 50
90.0
100
AcDbRotatedDimension
1001
ACAD
1000
DSTYLE
1002
{
1070
    40
1040
1.0
1070
   178
1070
   134
1002
}
  0
DIMENSION
  5
2B4
330
1F
100
AcDbEntity
  8
SH-尺寸标注
  6
Continuous
 62
   252
100
AcDbDimension
280
     0
  2
*D60
 10
17928.52912230714
 20
-16685.9774724193
 30
0.0
 11
17813.25353636965
 21
-17156.13662991932
 31
0.0
 70
   160
 71
     5
 42
940.3183150000477
 73
     0
 74
     0
 75
     0
  3
D_20_2.35
100
AcDbAlignedDimension
 13
17592.81484931232
 23
-17626.29578741935
 33
0.0
 14
17592.81484931232
 24
-16685.9774724193
 34
0.0
 50
90.0
100
AcDbRotatedDimension
1001
ACAD
1000
DSTYLE
1002
{
1070
    40
1040
1.0
1070
   178
1070
   134
1002
}
  0
DIMENSION
  5
2B5
330
1F
100
AcDbEntity
  8
SH-尺寸标注
  6
Continuous
 62
   252
100
AcDbDimension
280
     0
  2
*D59
 10
17928.52912230714
 20
-13086.49142798278
 30
0.0
 11
17813.25353636965
 21
-14886.23445020104
 31
0.0
 70
   161
 71
     5
 42
3599.486044436519
 73
     0
 74
     0
 75
     0
  3
D_20_2.35
100
AcDbAlignedDimension
 13
17592.81484931232
 23
-16685.9774724193
 33
0.0
 14
17592.81484931232
 24
-13086.49142798278
 34
0.0
1001
ACAD
1000
DSTYLE
1002
{
1070
    40
1040
1.0
1070
   178
1070
   134
1002
}
  0
DIMENSION
  5
2B6
330
1F
100
AcDbEntity
  8
SH-尺寸标注
  6
Continuous
 62
   252
100
AcDbDimension
280
     0
  2
*D58
 10
17928.52912230714
 20
-11394.31617617636
 30
0.0
 11
17813.25353636965
 21
-12240.40380207957
 31
0.0
 70
   160
 71
     5
 42
1692.175251806417
 73
     0
 74
     0
 75
     0
  3
D_20_2.35
100
AcDbAlignedDimension
 13
17592.81484931232
 23
-13086.49142798278
 33
0.0
 14
17592.81484931232
 24
-11394.31617617636
 34
0.0
 50
90.0
100
AcDbRotatedDimension
1001
ACAD
1000
DSTYLE
1002
{
1070
    40
1040
1.0
1070
   178
1070
   134
1002
}
  0
DIMENSION
  5
2B7
330
1F
100
AcDbEntity
  8
SH-尺寸标注
  6
Continuous
 62
   252
100
AcDbDimension
280
     0
  2
*D57
 10
17928.52912230714
 20
-10751.99678735776
 30
0.0
 11
17813.25353636965
 21
-11073.15648176706
 31
0.0
 70
   160
 71
     5
 42
642.319388818607
 73
     0
 74
     0
 75
     0
  3
D_20_2.35
100
AcDbAlignedDimension
 13
17592.81484931232
 23
-11394.31617617636
 33
0.0
 14
17592.81484931232
 24
-10751.99678735776
 34
0.0
 50
90.0
100
AcDbRotatedDimension
1001
ACAD
1000
DSTYLE
1002
{
1070
    40
1040
1.0
1070
   178
1070
   134
1002
}
  0
DIMENSION
  5
2B8
330
1F
100
AcDbEntity
  8
SH-尺寸标注
  6
Continuous
 62
   252
100
AcDbDimension
280
     0
  2
*D56
 10
17928.52912230714
 20
-8392.749205752702
 30
0.0
 11
17813.25353636965
 21
-9452.372996555228
 31
0.0
 70
   160
 71
     5
 42
2119.247581605054
 73
     0
 74
     0
 75
     0
  3
D_20_2.35
100
AcDbAlignedDimension
 13
17592.81484931232
 23
-10511.99678735776
 33
0.0
 14
17592.81484931232
 24
-8392.749205752702
 34
0.0
 50
90.0
100
AcDbRotatedDimension
1001
ACAD
1000
DSTYLE
1002
{
1070
    40
1040
1.0
1070
   178
1070
   134
1002
}
  0
MTEXT
  5
2B9
330
1F
100
AcDbEntity
  8
SH-文字标注
 62
     2
100
AcDbMText
 10
33500.0
 20
-3675.0
 30
0.0
 40
357.1428624647004
 41
0.0
 46
0.0
 71
     5
 72
     1
  1
平面布置图
  7
defaultTagTextStyle_446.4285714285714_ZH_SimSun
 73
     1
 44
0.8
  0
MTEXT
  5
2BA
330
1F
100
AcDbEntity
  8
SH-文字标注
 62
     7
100
AcDbMText
 10
32961.92052980133
 20
-19760.24075944062
 30
0.0
 40
180.5105375358457
 41
0.0
 46
0.0
 71
     5
 72
     1
  1
平面布置(1:50)
  7
T_12_2_SimSun
 73
     1
 44
0.8
  0
DIMENSION
  5
2BB
330
1F
100
AcDbEntity
  8
SH-尺寸标注
  6
Continuous
 62
   252
100
AcDbDimension
280
     0
  2
*D55
 10
29410.10434632061
 20
-19057.24075944062
 30
0.0
 11
27705.89329817267
 21
-18941.96517350312
 31
0.0
 70
   160
 71
     5
 42
3408.422096295886
 73
     0
 74
     0
 75
     0
  3
D_20_2.35
100
AcDbAlignedDimension
 13
26001.68225002473
 23
-18721.52648644579
 33
0.0
 14
29410.10434632061
 24
-18721.52648644579
 34
0.0
100
AcDbRotatedDimension
1001
ACAD
1000
DSTYLE
1002
{
1070
    40
1040
1.0
1070
   178
1070
   134
1002
}
  0
DIMENSION
  5
2BC
330
1F
100
AcDbEntity
  8
SH-尺寸标注
  6
Continuous
 62
   252
100
AcDbDimension
280
     0
  2
*D54
 10
32033.33471296535
 20
-19057.24075944062
 30
0.0
 11
30841.71952964298
 21
-18941.96517350312
 31
0.0
 70
   160
 71
     5
 42
2383.230366644737
 73
     0
 74
     0
 75
     0
  3
D_20_2.35
100
AcDbAlignedDimension
 13
29650.10434632061
 23
-18721.52648644579
 33
0.0
 14
32033.33471296535
 24
-18721.52648644579
 34
0.0
100
AcDbRotatedDimension
1001
ACAD
1000
DSTYLE
1002
{
1070
    40
1040
1.0
1070
   178
1070
   134
1002
}
  0
DIMENSION
  5
2BD
330
1F
100
AcDbEntity
  8
SH-尺寸标注
  6
Continuous
 62
   252
100
AcDbDimension
280
     0
  2
*D53
 10
37384.69355067391
 20
-19057.24075944062
 30
0.0
 11
34829.01413181963
 21
-18941.96517350312
 31
0.0
 70
   160
 71
     5
 42
5111.358837708562
 73
     0
 74
     0
 75
     0
  3
D_20_2.35
100
AcDbAlignedDimension
 13
32273.33471296535
 23
-18721.52648644579
 33
0.0
 14
37384.69355067391
 24
-18721.52648644579
 34
0.0
100
AcDbRotatedDimension
1001
ACAD
1000
DSTYLE
1002
{
1070
    40
1040
1.0
1070
   178
1070
   134
1002
}
  0
DIMENSION
  5
2BE
330
1F
100
AcDbEntity
  8
SH-尺寸标注
  6
Continuous
 62
   252
100
AcDbDimension
280
     0
  2
*D52
 10
39944.07411044876
 20
-19057.24075944062
 30
0.0
 11
38784.38383056134
 21
-18941.96517350312
 31
0.0
 70
   160
 71
     5
 42
2319.380559774851
 73
     0
 74
     0
 75
     0
  3
D_20_2.35
100
AcDbAlignedDimension
 13
37624.69355067391
 23
-18721.52648644579
 33
0.0
 14
39944.07411044876
 24
-18721.52648644579
 34
0.0
100
AcDbRotatedDimension
1001
ACAD
1000
DSTYLE
1002
{
1070
    40
1040
1.0
1070
   178
1070
   134
1002
}
  0
DIMENSION
  5
2BF
330
1F
100
AcDbEntity
  8
SH-尺寸标注
  6
Continuous
 62
   252
100
AcDbDimension
280
     0
  2
*D51
 10
28030.98286253755
 20
-7337.227250405478
 30
0.0
 11
27016.33255628114
 21
-7221.951664467978
 31
0.0
 70
   160
 71
     5
 42
2029.300612512823
 73
     0
 74
     0
 75
     0
  3
D_20_2.35
100
AcDbAlignedDimension
 13
26001.68225002473
 23
-7672.941523400303
 33
0.0
 14
28030.98286253755
 24
-7672.941523400303
 34
0.0
100
AcDbRotatedDimension
1001
ACAD
1000
DSTYLE
1002
{
1070
    40
1040
1.0
1070
   178
1070
   134
1002
}
  0
DIMENSION
  5
2C0
330
1F
100
AcDbEntity
  8
SH-尺寸标注
  6
Continuous
 62
   252
100
AcDbDimension
280
     0
  2
*D50
 10
30630.38797452104
 20
-7337.227250405478
 30
0.0
 11
29450.6854185293
 21
-7221.951664467978
 31
0.0
 70
   160
 71
     5
 42
2359.405111983491
 73
     0
 74
     0
 75
     0
  3
D_20_2.35
100
AcDbAlignedDimension
 13
28270.98286253755
 23
-7672.941523400303
 33
0.0
 14
30630.38797452104
 24
-7672.941523400303
 34
0.0
100
AcDbRotatedDimension
1001
ACAD
1000
DSTYLE
1002
{
1070
    40
1040
1.0
1070
   178
1070
   134
1002
}
  0
DIMENSION
  5
2C1
330
1F
100
AcDbEntity
  8
SH-尺寸标注
  6
Continuous
 62
   252
100
AcDbDimension
280
     0
  2
*D49
 10
32033.33471296535
 20
-7337.227250405478
 30
0.0
 11
31451.86134374319
 21
-7221.951664467978
 31
0.0
 70
   160
 71
     5
 42
1162.946738444305
 73
     0
 74
     0
 75
     0
  3
D_20_2.35
100
AcDbAlignedDimension
 13
30870.38797452104
 23
-7672.941523400303
 33
0.0
 14
32033.33471296535
 24
-7672.941523400303
 34
0.0
100
AcDbRotatedDimension
1001
ACAD
1000
DSTYLE
1002
{
1070
    40
1040
1.0
1070
   178
1070
   134
1002
}
  0
DIMENSION
  5
2C2
330
1F
100
AcDbEntity
  8
SH-尺寸标注
  6
Continuous
 62
   252
100
AcDbDimension
280
     0
  2
*D48
 10
35147.496664783
 20
-7337.227250405478
 30
0.0
 11
33710.41568887417
 21
-7221.951664467978
 31
0.0
 70
   161
 71
     5
 42
2874.161951817649
 73
     0
 74
     0
 75
     0
  3
D_20_2.35
100
AcDbAlignedDimension
 13
32273.33471296535
 23
-7672.941523400303
 33
0.0
 14
35147.496664783
 24
-7672.941523400303
 34
0.0
1001
ACAD
1000
DSTYLE
1002
{
1070
    40
1040
1.0
1070
   178
1070
   134
1002
}
  0
DIMENSION
  5
2C3
330
1F
100
AcDbEntity
  8
SH-尺寸标注
  6
Continuous
 62
   252
100
AcDbDimension
280
     0
  2
*D47
 10
37384.69355067391
 20
-7337.227250405478
 30
0.0
 11
36266.09510772846
 21
-7221.951664467978
 31
0.0
 70
   160
 71
     5
 42
2237.196885890917
 73
     0
 74
     0
 75
     0
  3
D_20_2.35
100
AcDbAlignedDimension
 13
35147.496664783
 23
-7672.941523400303
 33
0.0
 14
37384.69355067391
 24
-7672.941523400303
 34
0.0
100
AcDbRotatedDimension
1001
ACAD
1000
DSTYLE
1002
{
1070
    40
1040
1.0
1070
   178
1070
   134
1002
}
  0
DIMENSION
  5
2C4
330
1F
100
AcDbEntity
  8
SH-尺寸标注
  6
Continuous
 62
   252
100
AcDbDimension
280
     0
  2
*D46
 10
39944.07411044876
 20
-7337.227250405478
 30
0.0
 11
38784.38383056134
 21
-7221.951664467978
 31
0.0
 70
   160
 71
     5
 42
2319.380559774851
 73
     0
 74
     0
 75
     0
  3
D_20_2.35
100
AcDbAlignedDimension
 13
37624.69355067391
 23
-7672.941523400303
 33
0.0
 14
39944.07411044876
 24
-7672.941523400303
 34
0.0
100
AcDbRotatedDimension
1001
ACAD
1000
DSTYLE
1002
{
1070
    40
1040
1.0
1070
   178
1070
   134
1002
}
  0
DIMENSION
  5
2C5
330
1F
100
AcDbEntity
  8
SH-尺寸标注
  6
Continuous
 62
   252
100
AcDbDimension
280
     0
  2
*D45
 10
24972.60229025421
 20
-11734.220154483
 30
0.0
 11
24857.3267043167
 21
-14684.38437294705
 31
0.0
 70
   160
 71
     5
 42
5900.328436928097
 73
     0
 74
     0
 75
     0
  3
D_20_2.35
100
AcDbAlignedDimension
 13
25308.31656324903
 23
-17634.5485914111
 33
0.0
 14
25308.31656324903
 24
-11734.220154483
 34
0.0
 50
90.0
100
AcDbRotatedDimension
1001
ACAD
1000
DSTYLE
1002
{
1070
    40
1040
1.0
1070
   178
1070
   134
1002
}
  0
DIMENSION
  5
2C6
330
1F
100
AcDbEntity
  8
SH-尺寸标注
  6
Continuous
 62
   252
100
AcDbDimension
280
     0
  2
*D44
 10
24972.60229025421
 20
-9360.033038932334
 30
0.0
 11
24857.3267043167
 21
-10487.12659670767
 31
0.0
 70
   160
 71
     5
 42
2254.187115550667
 73
     0
 74
     0
 75
     0
  3
D_20_2.35
100
AcDbAlignedDimension
 13
25308.31656324903
 23
-11614.220154483
 33
0.0
 14
25308.31656324903
 24
-9360.033038932334
 34
0.0
 50
90.0
100
AcDbRotatedDimension
1001
ACAD
1000
DSTYLE
1002
{
1070
    40
1040
1.0
1070
   178
1070
   134
1002
}
  0
DIMENSION
  5
2C7
330
1F
100
AcDbEntity
  8
SH-尺寸标注
  6
Continuous
 62
   252
100
AcDbDimension
280
     0
  2
*D43
 10
24972.60229025421
 20
-8401.002009744454
 30
0.0
 11
24857.3267043167
 21
-8880.517524338395
 31
0.0
 70
   160
 71
     5
 42
959.0310291878795
 73
     0
 74
     0
 75
     0
  3
D_20_2.35
100
AcDbAlignedDimension
 13
25308.31656324903
 23
-9360.033038932334
 33
0.0
 14
25308.31656324903
 24
-8401.002009744454
 34
0.0
 50
90.0
100
AcDbRotatedDimension
1001
ACAD
1000
DSTYLE
1002
{
1070
    40
1040
1.0
1070
   178
1070
   134
1002
}
  0
DIMENSION
  5
2C8
330
1F
100
AcDbEntity
  8
SH-尺寸标注
  6
Continuous
 62
   252
100
AcDbDimension
280
     0
  2
*D42
 10
41162.47116955124
 20
-16694.23027641105
 30
0.0
 11
41047.19558361374
 21
-17164.38943391108
 31
0.0
 70
   160
 71
     5
 42
940.3183150000477
 73
     0
 74
     0
 75
     0
  3
D_20_2.35
100
AcDbAlignedDimension
 13
40826.75689655642
 23
-17634.5485914111
 33
0.0
 14
40826.75689655642
 24
-16694.23027641105
 34
0.0
 50
90.0
100
AcDbRotatedDimension
1001
ACAD
1000
DSTYLE
1002
{
1070
    40
1040
1.0
1070
   178
1070
   134
1002
}
  0
DIMENSION
  5
2C9
330
1F
100
AcDbEntity
  8
SH-尺寸标注
  6
Continuous
 62
   252
100
AcDbDimension
280
     0
  2
*D41
 10
41162.47116955124
 20
-13094.74423197453
 30
0.0
 11
41047.19558361374
 21
-14894.48725419279
 31
0.0
 70
   161
 71
     5
 42
3599.486044436517
 73
     0
 74
     0
 75
     0
  3
D_20_2.35
100
AcDbAlignedDimension
 13
40826.75689655642
 23
-16694.23027641105
 33
0.0
 14
40826.75689655642
 24
-13094.74423197453
 34
0.0
1001
ACAD
1000
DSTYLE
1002
{
1070
    40
1040
1.0
1070
   178
1070
   134
1002
}
  0
DIMENSION
  5
2CA
330
1F
100
AcDbEntity
  8
SH-尺寸标注
  6
Continuous
 62
   252
100
AcDbDimension
280
     0
  2
*D40
 10
41162.47116955124
 20
-10760.24959134951
 30
0.0
 11
41047.19558361374
 21
-11927.49691166202
 31
0.0
 70
   160
 71
     5
 42
2334.494640625024
 73
     0
 74
     0
 75
     0
  3
D_20_2.35
100
AcDbAlignedDimension
 13
40826.75689655642
 23
-13094.74423197453
 33
0.0
 14
40826.75689655642
 24
-10760.24959134951
 34
0.0
 50
90.0
100
AcDbRotatedDimension
1001
ACAD
1000
DSTYLE
1002
{
1070
    40
1040
1.0
1070
   178
1070
   134
1002
}
  0
DIMENSION
  5
2CB
330
1F
100
AcDbEntity
  8
SH-尺寸标注
  6
Continuous
 62
   252
100
AcDbDimension
280
     0
  2
*D39
 10
41162.47116955124
 20
-8401.002009744454
 30
0.0
 11
41047.19558361374
 21
-9460.625800546983
 31
0.0
 70
   160
 71
     5
 42
2119.247581605056
 73
     0
 74
     0
 75
     0
  3
D_20_2.35
100
AcDbAlignedDimension
 13
40826.75689655642
 23
-10520.24959134951
 33
0.0
 14
40826.75689655642
 24
-8401.002009744454
 34
0.0
 50
90.0
100
AcDbRotatedDimension
1001
ACAD
1000
DSTYLE
1002
{
1070
    40
1040
1.0
1070
   178
1070
   134
1002
}
  0
DIMENSION
  5
2CC
330
1F
100
AcDbEntity
  8
SH-尺寸标注
  6
Continuous
 62
   252
100
AcDbDimension
280
     0
  2
*D38
 10
41394.78994926635
 20
-8401.002009744456
 30
0.0
 11
41279.51436332886
 21
-13017.77530057778
 31
0.0
 70
   160
 71
     5
 42
9233.546581666642
 73
     0
 74
     0
 75
     0
  3
D_20_2.35
100
AcDbAlignedDimension
 13
41059.07567627153
 23
-17634.5485914111
 33
0.0
 14
41059.07567627153
 24
-8401.002009744456
 34
0.0
 50
90.0
100
AcDbRotatedDimension
1001
ACAD
1000
DSTYLE
1002
{
1070
    40
1040
1.0
1070
   178
1070
   134
1002
}
  0
DIMENSION
  5
2CD
330
1F
100
AcDbEntity
  8
SH-尺寸标注
  6
Continuous
 62
   252
100
AcDbDimension
280
     0
  2
*D37
 10
24686.32669627381
 20
-8401.002009744456
 30
0.0
 11
24571.0511103363
 21
-13017.77530057778
 31
0.0
 70
   160
 71
     5
 42
9233.546581666642
 73
     0
 74
     0
 75
     0
  3
D_20_2.35
100
AcDbAlignedDimension
 13
25022.04096926863
 23
-17634.5485914111
 33
0.0
 14
25022.04096926863
 24
-8401.002009744456
 34
0.0
 50
90.0
100
AcDbRotatedDimension
1001
ACAD
1000
DSTYLE
1002
{
1070
    40
1040
1.0
1070
   178
1070
   134
1002
}
  0
DIMENSION
  5
2CE
330
1F
100
AcDbEntity
  8
SH-尺寸标注
  6
Continuous
 62
   252
100
AcDbDimension
280
     0
  2
*D36
 10
39944.07411044876
 20
-7050.951664467978
 30
0.0
 11
32972.87818023675
 21
-6935.676078530478
 31
0.0
 70
   160
 71
     5
 42
13942.39186042404
 73
     0
 74
     0
 75
     0
  3
D_20_2.35
100
AcDbAlignedDimension
 13
26001.68225002473
 23
-7386.665937462803
 33
0.0
 14
39944.07411044876
 24
-7386.665937462803
 34
0.0
100
AcDbRotatedDimension
1001
ACAD
1000
DSTYLE
1002
{
1070
    40
1040
1.0
1070
   178
1070
   134
1002
}
  0
DIMENSION
  5
2CF
330
1F
100
AcDbEntity
  8
SH-尺寸标注
  6
Continuous
 62
   252
100
AcDbDimension
280
     0
  2
*D35
 10
39944.07411044876
 20
-19290.24075944062
 30
0.0
 11
32972.87818023675
 21
-19174.96517350312
 31
0.0
 70
   160
 71
     5
 42
13942.39186042404
 73
     0
 74
     0
 75
     0
  3
D_20_2.35
100
AcDbAlignedDimension
 13
26001.68225002473
 23
-18954.52648644579
 33
0.0
 14
39944.07411044876
 24
-18954.52648644579
 34
0.0
100
AcDbRotatedDimension
1001
ACAD
1000
DSTYLE
1002
{
1070
    40
1040
1.0
1070
   178
1070
   134
1002
}
  0
DIMENSION
  5
2D0
330
1F
100
AcDbEntity
  8
SH-尺寸标注
  6
Continuous
 62
   252
100
AcDbDimension
280
     0
  2
*D34
 10
26378.89806185119
 20
-18625.96517350312
 30
0.0
 11
26190.29015593796
 21
-18510.68958756562
 31
0.0
 70
   160
 71
     5
 42
377.215811826467
 73
     0
 74
     0
 75
     0
  3
D_20_2.35
100
AcDbAlignedDimension
 13
26001.68225002473
 23
-18290.25090050829
 33
0.0
 14
26378.89806185119
 24
-18290.25090050829
 34
0.0
100
AcDbRotatedDimension
1001
ACAD
1000
DSTYLE
1002
{
1070
    40
1040
1.0
1070
   178
1070
   134
1002
}
  0
DIMENSION
  5
2D1
330
1F
100
AcDbEntity
  8
SH-尺寸标注
  6
Continuous
 62
   252
100
AcDbDimension
280
     0
  2
*D33
 10
26637.50989775242
 20
-18625.96517350312
 30
0.0
 11
26508.2039798018
 21
-18741.24075944062
 31
0.0
 70
   161
 71
     5
 42
258.6118359012216
 73
     0
 74
     0
 75
     0
  3
D_20_2.35
100
AcDbAlignedDimension
 13
26378.89806185119
 23
-18290.25090050829
 33
0.0
 14
26637.50989775242
 24
-18290.25090050829
 34
0.0
1001
ACAD
1000
DSTYLE
1002
{
1070
    40
1040
1.0
1070
   178
1070
   134
1002
}
  0
DIMENSION
  5
2D2
330
1F
100
AcDbEntity
  8
SH-尺寸标注
  6
Continuous
 62
   252
100
AcDbDimension
280
     0
  2
*D32
 10
28759.63051632279
 20
-18625.96517350312
 30
0.0
 11
27698.57020703761
 21
-18510.68958756562
 31
0.0
 70
   161
 71
     5
 42
2122.120618570378
 73
     0
 74
     0
 75
     0
  3
D_20_2.35
100
AcDbAlignedDimension
 13
26637.50989775242
 23
-18290.25090050829
 33
0.0
 14
28759.63051632279
 24
-18290.25090050829
 34
0.0
1001
ACAD
1000
DSTYLE
1002
{
1070
    40
1040
1.0
1070
   178
1070
   134
1002
}
  0
DIMENSION
  5
2D3
330
1F
100
AcDbEntity
  8
SH-尺寸标注
  6
Continuous
 62
   252
100
AcDbDimension
280
     0
  2
*D31
 10
29410.10434632061
 20
-18625.96517350312
 30
0.0
 11
29084.8674313217
 21
-18510.68958756562
 31
0.0
 70
   160
 71
     5
 42
650.4738299978198
 73
     0
 74
     0
 75
     0
  3
D_20_2.35
100
AcDbAlignedDimension
 13
28759.63051632279
 23
-18290.25090050829
 33
0.0
 14
29410.10434632061
 24
-18290.25090050829
 34
0.0
100
AcDbRotatedDimension
1001
ACAD
1000
DSTYLE
1002
{
1070
    40
1040
1.0
1070
   178
1070
   134
1002
}
  0
DIMENSION
  5
2D4
330
1F
100
AcDbEntity
  8
SH-尺寸标注
  6
Continuous
 62
   252
100
AcDbDimension
280
     0
  2
*D30
 10
31859.64201632279
 20
-18625.96517350312
 30
0.0
 11
30754.8731813217
 21
-18510.68958756562
 31
0.0
 70
   160
 71
     5
 42
2209.537670002181
 73
     0
 74
     0
 75
     0
  3
D_20_2.35
100
AcDbAlignedDimension
 13
29650.10434632061
 23
-18290.25090050829
 33
0.0
 14
31859.64201632279
 24
-18290.25090050829
 34
0.0
100
AcDbRotatedDimension
1001
ACAD
1000
DSTYLE
1002
{
1070
    40
1040
1.0
1070
   178
1070
   134
1002
}
  0
DIMENSION
  5
2D5
330
1F
100
AcDbEntity
  8
SH-尺寸标注
  6
Continuous
 62
   252
100
AcDbDimension
280
     0
  2
*D29
 10
32033.33471296535
 20
-18625.96517350312
 30
0.0
 11
31946.48836464407
 21
-18510.68958756562
 31
0.0
 70
   161
 71
     5
 42
173.6926966425563
 73
     0
 74
     0
 75
     0
  3
D_20_2.35
100
AcDbAlignedDimension
 13
31859.64201632279
 23
-18290.25090050829
 33
0.0
 14
32033.33471296535
 24
-18290.25090050829
 34
0.0
1001
ACAD
1000
DSTYLE
1002
{
1070
    40
1040
1.0
1070
   178
1070
   134
1002
}
  0
DIMENSION
  5
2D6
330
1F
100
AcDbEntity
  8
SH-尺寸标注
  6
Continuous
 62
   252
100
AcDbDimension
280
     0
  2
*D207
 10
32613.38772266261
 20
-18625.96517350312
 30
0.0
 11
32443.36121781398
 21
-18510.68958756562
 31
0.0
 70
   161
 71
     5
 42
340.0530096972579
 73
     0
 74
     0
 75
     0
  3
D_20_2.35
100
AcDbAlignedDimension
 13
32273.33471296535
 23
-18290.25090050829
 33
0.0
 14
32613.38772266261
 24
-18290.25090050829
 34
0.0
1001
ACAD
1000
DSTYLE
1002
{
1070
    40
1040
1.0
1070
   178
1070
   134
1002
}
  0
DIMENSION
  5
2D7
330
1F
100
AcDbEntity
  8
SH-尺寸标注
  6
Continuous
 62
   252
100
AcDbDimension
280
     0
  2
*D206
 10
37067.05569141261
 20
-18625.96517350312
 30
0.0
 11
34840.2217070376
 21
-18510.68958756562
 31
0.0
 70
   161
 71
     5
 42
4453.667968750004
 73
     0
 74
     0
 75
     0
  3
D_20_2.35
100
AcDbAlignedDimension
 13
32613.38772266261
 23
-18290.25090050829
 33
0.0
 14
37067.05569141261
 24
-18290.25090050829
 34
0.0
1001
ACAD
1000
DSTYLE
1002
{
1070
    40
1040
1.0
1070
   178
1070
   134
1002
}
  0
DIMENSION
  5
2D8
330
1F
100
AcDbEntity
  8
SH-尺寸标注
  6
Continuous
 62
   252
100
AcDbDimension
280
     0
  2
*D205
 10
37384.69355067391
 20
-18625.96517350312
 30
0.0
 11
37225.87462104326
 21
-18510.68958756562
 31
0.0
 70
   160
 71
     5
 42
317.6378592613037
 73
     0
 74
     0
 75
     0
  3
D_20_2.35
100
AcDbAlignedDimension
 13
37067.05569141261
 23
-18290.25090050829
 33
0.0
 14
37384.69355067391
 24
-18290.25090050829
 34
0.0
100
AcDbRotatedDimension
1001
ACAD
1000
DSTYLE
1002
{
1070
    40
1040
1.0
1070
   178
1070
   134
1002
}
  0
DIMENSION
  5
2D9
330
1F
100
AcDbEntity
  8
SH-尺寸标注
  6
Continuous
 62
   252
100
AcDbDimension
280
     0
  2
*D204
 10
37836.21839775241
 20
-18625.96517350312
 30
0.0
 11
37730.45597421316
 21
-18510.68958756562
 31
0.0
 70
   161
 71
     5
 42
211.5248470785009
 73
     0
 74
     0
 75
     0
  3
D_20_2.35
100
AcDbAlignedDimension
 13
37624.69355067391
 23
-18290.25090050829
 33
0.0
 14
37836.21839775241
 24
-18290.25090050829
 34
0.0
1001
ACAD
1000
DSTYLE
1002
{
1070
    40
1040
1.0
1070
   178
1070
   134
1002
}
  0
DIMENSION
  5
2DA
330
1F
100
AcDbEntity
  8
SH-尺寸标注
  6
Continuous
 62
   252
100
AcDbDimension
280
     0
  2
*D203
 10
39944.07411044876
 20
-18625.96517350312
 30
0.0
 11
38890.14625410059
 21
-18510.68958756562
 31
0.0
 70
   161
 71
     5
 42
2107.85571269635
 73
     0
 74
     0
 75
     0
  3
D_20_2.35
100
AcDbAlignedDimension
 13
37836.21839775241
 23
-18290.25090050829
 33
0.0
 14
39944.07411044876
 24
-18290.25090050829
 34
0.0
1001
ACAD
1000
DSTYLE
1002
{
1070
    40
1040
1.0
1070
   178
1070
   134
1002
}
  0
DIMENSION
  5
2DB
330
1F
100
AcDbEntity
  8
SH-尺寸标注
  6
Continuous
 62
   252
100
AcDbDimension
280
     0
  2
*D202
 10
26351.72407080086
 20
-7623.502836342978
 30
0.0
 11
26176.70316041279
 21
-7508.227250405478
 31
0.0
 70
   160
 71
     5
 42
350.0418207761322
 73
     0
 74
     0
 75
     0
  3
D_20_2.35
100
AcDbAlignedDimension
 13
26001.68225002473
 23
-7959.217109337803
 33
0.0
 14
26351.72407080086
 24
-7959.217109337803
 34
0.0
100
AcDbRotatedDimension
1001
ACAD
1000
DSTYLE
1002
{
1070
    40
1040
1.0
1070
   178
1070
   134
1002
}
  0
DIMENSION
  5
2DC
330
1F
100
AcDbEntity
  8
SH-尺寸标注
  6
Continuous
 62
   252
100
AcDbDimension
280
     0
  2
*D201
 10
26575.17140186182
 20
-7623.502836342978
 30
0.0
 11
26463.44773633134
 21
-7738.778422280478
 31
0.0
 70
   161
 71
     5
 42
223.4473310609646
 73
     0
 74
     0
 75
     0
  3
D_20_2.35
100
AcDbAlignedDimension
 13
26351.72407080086
 23
-7959.217109337803
 33
0.0
 14
26575.17140186182
 24
-7959.217109337803
 34
0.0
1001
ACAD
1000
DSTYLE
1002
{
1070
    40
1040
1.0
1070
   178
1070
   134
1002
}
  0
DIMENSION
  5
2DD
330
1F
100
AcDbEntity
  8
SH-尺寸标注
  6
Continuous
 62
   252
100
AcDbDimension
280
     0
  2
*D200
 10
27813.67201221339
 20
-7623.502836342978
 30
0.0
 11
27194.42170703761
 21
-7508.227250405478
 31
0.0
 70
   161
 71
     5
 42
1238.500610351563
 73
     0
 74
     0
 75
     0
  3
D_20_2.35
100
AcDbAlignedDimension
 13
26575.17140186182
 23
-7959.217109337803
 33
0.0
 14
27813.67201221339
 24
-7959.217109337803
 34
0.0
1001
ACAD
1000
DSTYLE
1002
{
1070
    40
1040
1.0
1070
   178
1070
   134
1002
}
  0
DIMENSION
  5
2DE
330
1F
100
AcDbEntity
  8
SH-尺寸标注
  6
Continuous
 62
   252
100
AcDbDimension
280
     0
  2
*D199
 10
28030.98286253755
 20
-7623.502836342978
 30
0.0
 11
27922.32743737547
 21
-7508.227250405478
 31
0.0
 70
   161
 71
     5
 42
217.3108503241638
 73
     0
 74
     0
 75
     0
  3
D_20_2.35
100
AcDbAlignedDimension
 13
27813.67201221339
 23
-7959.217109337803
 33
0.0
 14
28030.98286253755
 24
-7959.217109337803
 34
0.0
1001
ACAD
1000
DSTYLE
1002
{
1070
    40
1040
1.0
1070
   178
1070
   134
1002
}
  0
DIMENSION
  5
2DF
330
1F
100
AcDbEntity
  8
SH-尺寸标注
  6
Continuous
 62
   252
100
AcDbDimension
280
     0
  2
*D198
 10
28986.07820186182
 20
-7623.502836342978
 30
0.0
 11
28628.53053219969
 21
-7508.227250405478
 31
0.0
 70
   161
 71
     5
 42
715.0953393242708
 73
     0
 74
     0
 75
     0
  3
D_20_2.35
100
AcDbAlignedDimension
 13
28270.98286253755
 23
-7959.217109337803
 33
0.0
 14
28986.07820186182
 24
-7959.217109337803
 34
0.0
1001
ACAD
1000
DSTYLE
1002
{
1070
    40
1040
1.0
1070
   178
1070
   134
1002
}
  0
DIMENSION
  5
2E0
330
1F
100
AcDbEntity
  8
SH-尺寸标注
  6
Continuous
 62
   252
100
AcDbDimension
280
     0
  2
*D197
 10
30224.57881221338
 20
-7623.502836342978
 30
0.0
 11
29605.3285070376
 21
-7508.227250405478
 31
0.0
 70
   161
 71
     5
 42
1238.500610351563
 73
     0
 74
     0
 75
     0
  3
D_20_2.35
100
AcDbAlignedDimension
 13
28986.07820186182
 23
-7959.217109337803
 33
0.0
 14
30224.57881221338
 24
-7959.217109337803
 34
0.0
1001
ACAD
1000
DSTYLE
1002
{
1070
    40
1040
1.0
1070
   178
1070
   134
1002
}
  0
DIMENSION
  5
2E1
330
1F
100
AcDbEntity
  8
SH-尺寸标注
  6
Continuous
 62
   252
100
AcDbDimension
280
     0
  2
*D196
 10
30630.38797452104
 20
-7623.502836342978
 30
0.0
 11
30427.48339336722
 21
-7508.227250405478
 31
0.0
 70
   161
 71
     5
 42
405.809162307658
 73
     0
 74
     0
 75
     0
  3
D_20_2.35
100
AcDbAlignedDimension
 13
30224.57881221338
 23
-7959.217109337803
 33
0.0
 14
30630.38797452104
 24
-7959.217109337803
 34
0.0
1001
ACAD
1000
DSTYLE
1002
{
1070
    40
1040
1.0
1070
   178
1070
   134
1002
}
  0
DIMENSION
  5
2E2
330
1F
100
AcDbEntity
  8
SH-尺寸标注
  6
Continuous
 62
   252
100
AcDbDimension
280
     0
  2
*D195
 10
31163.61086802402
 20
-7623.502836342978
 30
0.0
 11
31016.99942127253
 21
-7508.227250405478
 31
0.0
 70
   160
 71
     5
 42
293.2228935029743
 73
     0
 74
     0
 75
     0
  3
D_20_2.35
100
AcDbAlignedDimension
 13
30870.38797452104
 23
-7959.217109337803
 33
0.0
 14
31163.61086802402
 24
-7959.217109337803
 34
0.0
100
AcDbRotatedDimension
1001
ACAD
1000
DSTYLE
1002
{
1070
    40
1040
1.0
1070
   178
1070
   134
1002
}
  0
DIMENSION
  5
2E3
330
1F
100
AcDbEntity
  8
SH-尺寸标注
  6
Continuous
 62
   252
100
AcDbDimension
280
     0
  2
*D194
 10
31867.6329747296
 20
-7623.502836342978
 30
0.0
 11
31515.62192137681
 21
-7508.227250405478
 31
0.0
 70
   161
 71
     5
 42
704.0221067055827
 73
     0
 74
     0
 75
     0
  3
D_20_2.35
100
AcDbAlignedDimension
 13
31163.61086802402
 23
-7959.217109337803
 33
0.0
 14
31867.6329747296
 24
-7959.217109337803
 34
0.0
1001
ACAD
1000
DSTYLE
1002
{
1070
    40
1040
1.0
1070
   178
1070
   134
1002
}
  0
DIMENSION
  5
2E4
330
1F
100
AcDbEntity
  8
SH-尺寸标注
  6
Continuous
 62
   252
100
AcDbDimension
280
     0
  2
*D193
 10
32033.33471296535
 20
-7623.502836342978
 30
0.0
 11
31950.48384384748
 21
-7508.227250405478
 31
0.0
 70
   161
 71
     5
 42
165.7017382357481
 73
     0
 74
     0
 75
     0
  3
D_20_2.35
100
AcDbAlignedDimension
 13
31867.6329747296
 23
-7959.217109337803
 33
0.0
 14
32033.33471296535
 24
-7959.217109337803
 34
0.0
1001
ACAD
1000
DSTYLE
1002
{
1070
    40
1040
1.0
1070
   178
1070
   134
1002
}
  0
DIMENSION
  5
2E5
330
1F
100
AcDbEntity
  8
SH-尺寸标注
  6
Continuous
 62
   252
100
AcDbDimension
280
     0
  2
*D192
 10
33038.63486186182
 20
-7623.502836342978
 30
0.0
 11
32655.98478741359
 21
-7508.227250405478
 31
0.0
 70
   161
 71
     5
 42
765.3001488964765
 73
     0
 74
     0
 75
     0
  3
D_20_2.35
100
AcDbAlignedDimension
 13
32273.33471296535
 23
-7959.217109337803
 33
0.0
 14
33038.63486186182
 24
-7959.217109337803
 34
0.0
1001
ACAD
1000
DSTYLE
1002
{
1070
    40
1040
1.0
1070
   178
1070
   134
1002
}
  0
DIMENSION
  5
2E6
330
1F
100
AcDbEntity
  8
SH-尺寸标注
  6
Continuous
 62
   252
100
AcDbDimension
280
     0
  2
*D191
 10
34277.13547221339
 20
-7623.502836342978
 30
0.0
 11
33657.88516703761
 21
-7508.227250405478
 31
0.0
 70
   161
 71
     5
 42
1238.500610351563
 73
     0
 74
     0
 75
     0
  3
D_20_2.35
100
AcDbAlignedDimension
 13
33038.63486186182
 23
-7959.217109337803
 33
0.0
 14
34277.13547221339
 24
-7959.217109337803
 34
0.0
1001
ACAD
1000
DSTYLE
1002
{
1070
    40
1040
1.0
1070
   178
1070
   134
1002
}
  0
DIMENSION
  5
2E7
330
1F
100
AcDbEntity
  8
SH-尺寸标注
  6
Continuous
 62
   252
100
AcDbDimension
280
     0
  2
*D190
 10
35147.496664783
 20
-7623.502836342978
 30
0.0
 11
34712.31606849819
 21
-7508.227250405478
 31
0.0
 70
   161
 71
     5
 42
870.3611925696096
 73
     0
 74
     0
 75
     0
  3
D_20_2.35
100
AcDbAlignedDimension
 13
34277.13547221339
 23
-7959.217109337803
 33
0.0
 14
35147.496664783
 24
-7959.217109337803
 34
0.0
1001
ACAD
1000
DSTYLE
1002
{
1070
    40
1040
1.0
1070
   178
1070
   134
1002
}
  0
DIMENSION
  5
2E8
330
1F
100
AcDbEntity
  8
SH-尺寸标注
  6
Continuous
 62
   252
100
AcDbDimension
280
     0
  2
*D189
 10
35470.59187846807
 20
-7623.502836342978
 30
0.0
 11
35309.04427162554
 21
-7508.227250405478
 31
0.0
 70
   160
 71
     5
 42
323.0952136850756
 73
     0
 74
     0
 75
     0
  3
D_20_2.35
100
AcDbAlignedDimension
 13
35147.496664783
 23
-7959.217109337803
 33
0.0
 14
35470.59187846807
 24
-7959.217109337803
 34
0.0
100
AcDbRotatedDimension
1001
ACAD
1000
DSTYLE
1002
{
1070
    40
1040
1.0
1070
   178
1070
   134
1002
}
  0
DIMENSION
  5
2E9
330
1F
100
AcDbEntity
  8
SH-尺寸标注
  6
Continuous
 62
   252
100
AcDbDimension
280
     0
  2
*D188
 10
36812.15853560713
 20
-7623.502836342978
 30
0.0
 11
36141.3752070376
 21
-7508.227250405478
 31
0.0
 70
   161
 71
     5
 42
1341.566657139061
 73
     0
 74
     0
 75
     0
  3
D_20_2.35
100
AcDbAlignedDimension
 13
35470.59187846807
 23
-7959.217109337803
 33
0.0
 14
36812.15853560713
 24
-7959.217109337803
 34
0.0
1001
ACAD
1000
DSTYLE
1002
{
1070
    40
1040
1.0
1070
   178
1070
   134
1002
}
  0
DIMENSION
  5
2EA
330
1F
100
AcDbEntity
  8
SH-尺寸标注
  6
Continuous
 62
   252
100
AcDbDimension
280
     0
  2
*D187
 10
37384.69355067391
 20
-7623.502836342978
 30
0.0
 11
37098.42604314052
 21
-7508.227250405478
 31
0.0
 70
   160
 71
     5
 42
572.53501506678
 73
     0
 74
     0
 75
     0
  3
D_20_2.35
100
AcDbAlignedDimension
 13
36812.15853560713
 23
-7959.217109337803
 33
0.0
 14
37384.69355067391
 24
-7959.217109337803
 34
0.0
100
AcDbRotatedDimension
1001
ACAD
1000
DSTYLE
1002
{
1070
    40
1040
1.0
1070
   178
1070
   134
1002
}
  0
DIMENSION
  5
2EB
330
1F
100
AcDbEntity
  8
SH-尺寸标注
  6
Continuous
 62
   252
100
AcDbDimension
280
     0
  2
*D186
 10
39944.07411044876
 20
-7623.502836342978
 30
0.0
 11
38784.38383056134
 21
-7508.227250405478
 31
0.0
 70
   160
 71
     5
 42
2319.380559774851
 73
     0
 74
     0
 75
     0
  3
D_20_2.35
100
AcDbAlignedDimension
 13
37624.69355067391
 23
-7959.217109337803
 33
0.0
 14
39944.07411044876
 24
-7959.217109337803
 34
0.0
100
AcDbRotatedDimension
1001
ACAD
1000
DSTYLE
1002
{
1070
    40
1040
1.0
1070
   178
1070
   134
1002
}
  0
DIMENSION
  5
2EC
330
1F
100
AcDbEntity
  8
SH-尺寸标注
  6
Continuous
 62
   252
100
AcDbDimension
280
     0
  2
*D185
 10
40929.82966272832
 20
-16694.23027641105
 30
0.0
 11
40814.55407679081
 21
-17164.38943391108
 31
0.0
 70
   160
 71
     5
 42
940.3183150000477
 73
     0
 74
     0
 75
     0
  3
D_20_2.35
100
AcDbAlignedDimension
 13
40594.11538973349
 23
-17634.5485914111
 33
0.0
 14
40594.11538973349
 24
-16694.23027641105
 34
0.0
 50
90.0
100
AcDbRotatedDimension
1001
ACAD
1000
DSTYLE
1002
{
1070
    40
1040
1.0
1070
   178
1070
   134
1002
}
  0
DIMENSION
  5
2ED
330
1F
100
AcDbEntity
  8
SH-尺寸标注
  6
Continuous
 62
   252
100
AcDbDimension
280
     0
  2
*D184
 10
40929.82966272832
 20
-13094.74423197453
 30
0.0
 11
40814.55407679081
 21
-14894.48725419279
 31
0.0
 70
   161
 71
     5
 42
3599.486044436517
 73
     0
 74
     0
 75
     0
  3
D_20_2.35
100
AcDbAlignedDimension
 13
40594.11538973349
 23
-16694.23027641105
 33
0.0
 14
40594.11538973349
 24
-13094.74423197453
 34
0.0
1001
ACAD
1000
DSTYLE
1002
{
1070
    40
1040
1.0
1070
   178
1070
   134
1002
}
  0
DIMENSION
  5
2EE
330
1F
100
AcDbEntity
  8
SH-尺寸标注
  6
Continuous
 62
   252
100
AcDbDimension
280
     0
  2
*D183
 10
40929.82966272832
 20
-11402.56898016812
 30
0.0
 11
40814.55407679081
 21
-12248.65660607133
 31
0.0
 70
   160
 71
     5
 42
1692.175251806417
 73
     0
 74
     0
 75
     0
  3
D_20_2.35
100
AcDbAlignedDimension
 13
40594.11538973349
 23
-13094.74423197453
 33
0.0
 14
40594.11538973349
 24
-11402.56898016812
 34
0.0
 50
90.0
100
AcDbRotatedDimension
1001
ACAD
1000
DSTYLE
1002
{
1070
    40
1040
1.0
1070
   178
1070
   134
1002
}
  0
DIMENSION
  5
2EF
330
1F
100
AcDbEntity
  8
SH-尺寸标注
  6
Continuous
 62
   252
100
AcDbDimension
280
     0
  2
*D182
 10
40929.82966272832
 20
-10760.24959134951
 30
0.0
 11
40814.55407679081
 21
-11081.40928575881
 31
0.0
 70
   160
 71
     5
 42
642.319388818607
 73
     0
 74
     0
 75
     0
  3
D_20_2.35
100
AcDbAlignedDimension
 13
40594.11538973349
 23
-11402.56898016812
 33
0.0
 14
40594.11538973349
 24
-10760.24959134951
 34
0.0
 50
90.0
100
AcDbRotatedDimension
1001
ACAD
1000
DSTYLE
1002
{
1070
    40
1040
1.0
1070
   178
1070
   134
1002
}
  0
DIMENSION
  5
2F0
330
1F
100
AcDbEntity
  8
SH-尺寸标注
  6
Continuous
 62
   252
100
AcDbDimension
280
     0
  2
*D181
 10
40929.82966272832
 20
-8401.002009744454
 30
0.0
 11
40814.55407679081
 21
-9460.625800546983
 31
0.0
 70
   160
 71
     5
 42
2119.247581605056
 73
     0
 74
     0
 75
     0
  3
D_20_2.35
100
AcDbAlignedDimension
 13
40594.11538973349
 23
-10520.24959134951
 33
0.0
 14
40594.11538973349
 24
-8401.002009744454
 34
0.0
 50
90.0
100
AcDbRotatedDimension
1001
ACAD
1000
DSTYLE
1002
{
1070
    40
1040
1.0
1070
   178
1070
   134
1002
}
  0
DIMENSION
  5
2F1
330
1F
100
AcDbEntity
  8
SH-尺寸标注
  6
Continuous
 62
   252
100
AcDbDimension
280
     0
  2
*D180
 10
25258.8778842346
 20
-17257.33277958464
 30
0.0
 11
25143.6022982971
 21
-17445.94068549787
 31
0.0
 70
   160
 71
     5
 42
377.2158118264633
 73
     0
 74
     0
 75
     0
  3
D_20_2.35
100
AcDbAlignedDimension
 13
25594.59215722942
 23
-17634.5485914111
 33
0.0
 14
25594.59215722942
 24
-17257.33277958464
 34
0.0
 50
90.0
100
AcDbRotatedDimension
1001
ACAD
1000
DSTYLE
1002
{
1070
    40
1040
1.0
1070
   178
1070
   134
1002
}
  0
DIMENSION
  5
2F2
330
1F
100
AcDbEntity
  8
SH-尺寸标注
  6
Continuous
 62
   252
100
AcDbDimension
280
     0
  2
*D179
 10
25258.8778842346
 20
-11734.220154483
 30
0.0
 11
25143.6022982971
 21
-14495.77646703382
 31
0.0
 70
   161
 71
     5
 42
5523.112625101634
 73
     0
 74
     0
 75
     0
  3
D_20_2.35
100
AcDbAlignedDimension
 13
25594.59215722942
 23
-17257.33277958464
 33
0.0
 14
25594.59215722942
 24
-11734.220154483
 34
0.0
1001
ACAD
1000
DSTYLE
1002
{
1070
    40
1040
1.0
1070
   178
1070
   134
1002
}
  0
DIMENSION
  5
2F3
330
1F
100
AcDbEntity
  8
SH-尺寸标注
  6
Continuous
 62
   252
100
AcDbDimension
280
     0
  2
*D178
 10
25258.8778842346
 20
-9616.05932393016
 30
0.0
 11
25143.6022982971
 21
-10615.13973920658
 31
0.0
 70
   160
 71
     5
 42
1998.160830552841
 73
     0
 74
     0
 75
     0
  3
D_20_2.35
100
AcDbAlignedDimension
 13
25594.59215722942
 23
-11614.220154483
 33
0.0
 14
25594.59215722942
 24
-9616.05932393016
 34
0.0
 50
90.0
100
AcDbRotatedDimension
1001
ACAD
1000
DSTYLE
1002
{
1070
    40
1040
1.0
1070
   178
1070
   134
1002
}
  0
DIMENSION
  5
2F4
330
1F
100
AcDbEntity
  8
SH-尺寸标注
  6
Continuous
 62
   252
100
AcDbDimension
280
     0
  2
*D177
 10
25258.8778842346
 20
-9360.033038932334
 30
0.0
 11
25143.6022982971
 21
-9488.046181431248
 31
0.0
 70
   160
 71
     5
 42
256.0262849978262
 73
     0
 74
     0
 75
     0
  3
D_20_2.35
100
AcDbAlignedDimension
 13
25594.59215722942
 23
-9616.05932393016
 33
0.0
 14
25594.59215722942
 24
-9360.033038932334
 34
0.0
 50
90.0
100
AcDbRotatedDimension
1001
ACAD
1000
DSTYLE
1002
{
1070
    40
1040
1.0
1070
   178
1070
   134
1002
}
  0
DIMENSION
  5
2F5
330
1F
100
AcDbEntity
  8
SH-尺寸标注
  6
Continuous
 62
   252
100
AcDbDimension
280
     0
  2
*D176
 10
25258.8778842346
 20
-8694.224903247425
 30
0.0
 11
25143.6022982971
 21
-9027.128971089878
 31
0.0
 70
   160
 71
     5
 42
665.8081356849088
 73
     0
 74
     0
 75
     0
  3
D_20_2.35
100
AcDbAlignedDimension
 13
25594.59215722942
 23
-9360.033038932334
 33
0.0
 14
25594.59215722942
 24
-8694.224903247425
 34
0.0
 50
90.0
100
AcDbRotatedDimension
1001
ACAD
1000
DSTYLE
1002
{
1070
    40
1040
1.0
1070
   178
1070
   134
1002
}
  0
DIMENSION
  5
2F6
330
1F
100
AcDbEntity
  8
SH-尺寸标注
  6
Continuous
 62
   252
100
AcDbDimension
280
     0
  2
*D175
 10
25258.8778842346
 20
-8401.002009744454
 30
0.0
 11
25143.6022982971
 21
-8547.61345649594
 31
0.0
 70
   160
 71
     5
 42
293.2228935029707
 73
     0
 74
     0
 75
     0
  3
D_20_2.35
100
AcDbAlignedDimension
 13
25594.59215722942
 23
-8694.224903247425
 33
0.0
 14
25594.59215722942
 24
-8401.002009744454
 34
0.0
 50
90.0
100
AcDbRotatedDimension
1001
ACAD
1000
DSTYLE
1002
{
1070
    40
1040
1.0
1070
   178
1070
   134
1002
}
  0
MTEXT
  5
2F7
330
1F
100
AcDbEntity
  8
SH-文字标注
 62
   134
100
AcDbMText
 10
31435.38797452104
 20
-11860.43984334489
 30
0.0
 40
142.8571449858802
 41
0.0
 46
0.0
 71
     5
 72
     1
  1
卫生间^J面积2.66m²^J周长6.79m
  7
T_20_SimSun
 73
     1
 44
0.8
  0
MTEXT
  5
2F8
330
1F
100
AcDbEntity
  8
SH-文字标注
 62
   134
100
AcDbMText
 10
30825.10434632061
 20
-15874.1110914111
 30
0.0
 40
142.8571449858802
 41
0.0
 46
0.0
 71
     5
 72
     1
  1
次卧^J面积8.39m²^J周长11.81m
  7
T_20_SimSun
 73
     1
 44
0.8
  0
MTEXT
  5
2F9
330
1F
100
AcDbEntity
  8
SH-文字标注
 62
   134
100
AcDbMText
 10
29445.98286253755
 20
-11112.9949583201
 30
0.0
 40
142.8571449858802
 41
0.0
 46
0.0
 71
     5
 72
     1
  1
次卧^J面积8.39m²^J周长11.85m
  7
T_20_SimSun
 73
     1
 44
0.8
  0
MTEXT
  5
2FA
330
1F
100
AcDbEntity
  8
SH-文字标注
 62
   134
100
AcDbMText
 10
27651.68225002473
 20
-14886.5485914111
 30
0.0
 40
142.8571449858802
 41
0.0
 46
0.0
 71
     5
 72
     1
  1
主卧^J面积18.16m²^J周长18.39m
  7
T_20_SimSun
 73
     1
 44
0.8
  0
MTEXT
  5
2FB
330
1F
100
AcDbEntity
  8
SH-文字标注
 62
   134
100
AcDbMText
 10
34450.10434632062
 20
-14314.0485914111
 30
0.0
 40
142.8571449858802
 41
0.0
 46
0.0
 71
     5
 72
     1
  1
客餐厅^J面积35.2m²^J周长29.23m
  7
T_20_SimSun
 73
     1
 44
0.8
  0
MTEXT
  5
2FC
330
1F
100
AcDbEntity
  8
SH-文字标注
 62
   134
100
AcDbMText
 10
33698.33471296535
 20
-9446.81209134951
 30
0.0
 40
142.8571449858802
 41
0.0
 46
0.0
 71
     5
 72
     1
  1
厨房^J面积6.09m²^J周长9.99m
  7
T_20_SimSun
 73
     1
 44
0.8
  0
MTEXT
  5
2FD
330
1F
100
AcDbEntity
  8
SH-文字标注
 62
   134
100
AcDbMText
 10
27026.68225002473
 20
-10483.532654483
 30
0.0
 40
142.8571449858802
 41
0.0
 46
0.0
 71
     5
 72
     1
  1
卫生间^J面积4.53m²^J周长8.39m
  7
T_20_SimSun
 73
     1
 44
0.8
  0
MTEXT
  5
2FE
330
1F
100
AcDbEntity
  8
SH-文字标注
 62
   134
100
AcDbMText
 10
31445.38797452104
 20
-9475.43709134951
 30
0.0
 40
142.8571449858802
 41
0.0
 46
0.0
 71
     5
 72
     1
  1
阳台^J面积2.42m²^J周长6.39m
  7
T_20_SimSun
 73
     1
 44
0.8
  0
MTEXT
  5
2FF
330
1F
100
AcDbEntity
  8
SH-文字标注
 62
   134
100
AcDbMText
 10
38799.69355067391
 20
-14905.16777641105
 30
0.0
 40
142.8571449858802
 41
0.0
 46
0.0
 71
     5
 72
     1
  1
次卧^J面积8.35m²^J周长11.84m
  7
T_20_SimSun
 73
     1
 44
0.8
  0
VIEWPORT
  5
DB6
330
1B
100
AcDbEntity
 67
     1
  8
0
100
AcDbViewport
 10
128.5
 20
97.5
 30
0.0
 40
314.226
 41
222.18
 68
     1
 69
     1
 12
128.5
 22
97.5
 13
0.0
 23
0.0
 14
10.0
 24
10.0
 15
10.0
 25
10.0
 16
0.0
 26
0.0
 36
1.0
 17
0.0
 27
0.0
 37
0.0
 42
50.0
 43
0.0
 44
0.0
 45
222.18
 50
0.0
 51
0.0
 72
   100
 90
   557152
  1

281
     0
 71
     1
 74
     0
110
0.0
120
0.0
130
0.0
111
1.0
121
0.0
131
0.0
112
0.0
122
1.0
132
0.0
 79
     0
146
0.0
170
     0
 61
     5
348
2F
292
     1
282
     1
141
0.0
142
0.0
 63
   256
361
DB7
  0
VIEWPORT
  5
DB8
330
1B
100
AcDbEntity
 67
     1
  8
0
100
AcDbViewport
 10
128.5
 20
97.5
 30
0.0
 40
296.5
 41
118.5085739916725
 68
     2
 69
     2
 12
22000.0
 22
-12231.78371731266
 13
0.0
 23
0.0
 14
10.0
 24
10.0
 15
10.0
 25
10.0
 16
0.0
 26
0.0
 36
1.0
 17
0.0
 27
0.0
 37
0.0
 42
50.0
 43
0.0
 44
0.0
 45
17586.43256537468
 50
0.0
 51
0.0
 72
   100
 90
   557152
  1

281
     0
 71
     1
 74
     0
110
0.0
120
0.0
130
0.0
111
1.0
121
0.0
131
0.0
112
0.0
122
1.0
132
0.0
 79
     0
146
0.0
170
     0
 61
     5
348
2F
292
     1
282
     1
141
0.0
142
0.0
 63
   256
361
DB9
  0
ENDSEC
  0
SECTION
  2
OBJECTS
  0
DICTIONARY
  5
C
330
0
100
AcDbDictionary
281
     1
  3
ACAD_DETAILVIEWSTYLE
350
DF6
  3
ACAD_GROUP
350
D
  3
ACAD_IMAGE_DICT
350
D82
  3
ACAD_IMAGE_VARS
350
5F
  3
ACAD_LAYOUT
350
1A
  3
ACAD_MATERIAL
350
43
  3
ACAD_MLEADERSTYLE
350
5B
  3
ACAD_MLINESTYLE
350
17
  3
ACAD_PLOTSETTINGS
350
19
  3
ACAD_PLOTSTYLENAME
350
E
  3
ACAD_SCALELIST
350
47
  3
ACAD_SECTIONVIEWSTYLE
350
DF7
  3
ACAD_TABLESTYLE
350
59
  3
ACAD_VISUALSTYLE
350
2A
  3
ACAD_WIPEOUT_VARS
350
5E
  3
ACDB_RECOMPOSE_DATA
350
DFA
  3
AcDbVariableDictionary
350
DBA
  0
SUN
  5
5D
330
29
100
AcDbSun
 90
        1
290
     0
 63
     7
421
 16777215
 40
1.0
291
     1
 91
  2455826
 92
 54000000
292
     0
 70
     2
 71
   256
280
     1
  0
DICTIONARY
  5
300
330
1F
100
AcDbDictionary
280
     1
281
     1
  3
ACAD_SORTENTS
360
301
  0
DICTIONARY
  5
430
330
BA
100
AcDbDictionary
280
     1
281
     1
  3
ACAD_SORTENTS
360
431
  0
DICTIONARY
  5
438
330
BB
100
AcDbDictionary
280
     1
281
     1
  3
ACAD_SORTENTS
360
439
  0
DICTIONARY
  5
440
330
BC
100
AcDbDictionary
280
     1
281
     1
  3
ACAD_SORTENTS
360
441
  0
DICTIONARY
  5
448
330
BD
100
AcDbDictionary
280
     1
281
     1
  3
ACAD_SORTENTS
360
449
  0
DICTIONARY
  5
450
330
BE
100
AcDbDictionary
280
     1
281
     1
  3
ACAD_SORTENTS
360
451
  0
DICTIONARY
  5
458
330
BF
100
AcDbDictionary
280
     1
281
     1
  3
ACAD_SORTENTS
360
459
  0
DICTIONARY
  5
460
330
C0
100
AcDbDictionary
280
     1
281
     1
  3
ACAD_SORTENTS
360
461
  0
DICTIONARY
  5
468
330
C1
100
AcDbDictionary
280
     1
281
     1
  3
ACAD_SORTENTS
360
469
  0
DICTIONARY
  5
470
330
C2
100
AcDbDictionary
280
     1
281
     1
  3
ACAD_SORTENTS
360
471
  0
DICTIONARY
  5
478
330
C3
100
AcDbDictionary
280
     1
281
     1
  3
ACAD_SORTENTS
360
479
  0
DICTIONARY
  5
48C
330
C4
100
AcDbDictionary
280
     1
281
     1
  3
ACAD_SORTENTS
360
48D
  0
DICTIONARY
  5
494
330
C5
100
AcDbDictionary
280
     1
281
     1
  3
ACAD_SORTENTS
360
495
  0
DICTIONARY
  5
49C
330
C6
100
AcDbDictionary
280
     1
281
     1
  3
ACAD_SORTENTS
360
49D
  0
DICTIONARY
  5
4A4
330
C7
100
AcDbDictionary
280
     1
281
     1
  3
ACAD_SORTENTS
360
4A5
  0
DICTIONARY
  5
4AC
330
C8
100
AcDbDictionary
280
     1
281
     1
  3
ACAD_SORTENTS
360
4AD
  0
DICTIONARY
  5
4B4
330
C9
100
AcDbDictionary
280
     1
281
     1
  3
ACAD_SORTENTS
360
4B5
  0
DICTIONARY
  5
4C2
330
CA
100
AcDbDictionary
280
     1
281
     1
  3
ACAD_SORTENTS
360
4C3
  0
DICTIONARY
  5
4CD
330
CB
100
AcDbDictionary
280
     1
281
     1
  3
ACAD_SORTENTS
360
4CE
  0
DICTIONARY
  5
4D8
330
CC
100
AcDbDictionary
280
     1
281
     1
  3
ACAD_SORTENTS
360
4D9
  0
DICTIONARY
  5
4E3
330
CD
100
AcDbDictionary
280
     1
281
     1
  3
ACAD_SORTENTS
360
4E4
  0
DICTIONARY
  5
4EB
330
CE
100
AcDbDictionary
280
     1
281
     1
  3
ACAD_SORTENTS
360
4EC
  0
DICTIONARY
  5
4F3
330
CF
100
AcDbDictionary
280
     1
281
     1
  3
ACAD_SORTENTS
360
4F4
  0
DICTIONARY
  5
4FB
330
D0
100
AcDbDictionary
280
     1
281
     1
  3
ACAD_SORTENTS
360
4FC
  0
DICTIONARY
  5
503
330
D1
100
AcDbDictionary
280
     1
281
     1
  3
ACAD_SORTENTS
360
504
  0
DICTIONARY
  5
517
330
D2
100
AcDbDictionary
280
     1
281
     1
  3
ACAD_SORTENTS
360
518
  0
SUN
  5
DB7
330
DB6
100
AcDbSun
 90
        1
290
     0
 63
     7
421
 16777215
 40
1.0
291
     1
 91
  2455826
 92
 54000000
292
     0
 70
     2
 71
   256
280
     1
  0
SUN
  5
DB9
330
DB8
100
AcDbSun
 90
        1
290
     0
 63
     7
421
 16777215
 40
1.0
291
     1
 91
  2455826
 92
 54000000
292
     0
 70
     2
 71
   256
280
     1
  0
DICTIONARY
  5
DF6
102
{ACAD_REACTORS
330
C
102
}
330
C
100
AcDbDictionary
281
     1
  0
DICTIONARY
  5
D
102
{ACAD_REACTORS
330
C
102
}
330
C
100
AcDbDictionary
281
     1
  0
DICTIONARY
  5
D82
102
{ACAD_REACTORS
330
C
102
}
330
C
100
AcDbDictionary
281
     1
  0
RASTERVARIABLES
  5
5F
102
{ACAD_REACTORS
330
C
102
}
330
C
100
AcDbRasterVariables
 90
        0
 70
     0
 71
     1
 72
     1
  0
DICTIONARY
  5
1A
102
{ACAD_REACTORS
330
C
102
}
330
C
100
AcDbDictionary
281
     1
  3
Layout1
350
1E
  3
Layout2
350
26
  3
Model
350
22
  0
DICTIONARY
  5
43
102
{ACAD_REACTORS
330
C
102
}
330
C
100
AcDbDictionary
281
     1
  3
ByBlock
350
45
  3
ByLayer
350
44
  3
Global
350
46
  0
DICTIONARY
  5
5B
102
{ACAD_REACTORS
330
C
102
}
330
C
100
AcDbDictionary
281
     1
  3
Standard
350
5C
  0
DICTIONARY
  5
17
102
{ACAD_REACTORS
330
C
102
}
330
C
100
AcDbDictionary
281
     1
  3
Standard
350
18
  0
DICTIONARY
  5
19
102
{ACAD_REACTORS
330
C
102
}
330
C
100
AcDbDictionary
281
     1
  0
ACDBDICTIONARYWDFLT
  5
E
102
{ACAD_REACTORS
330
C
102
}
330
C
100
AcDbDictionary
281
     1
  3
Normal
350
F
100
AcDbDictionaryWithDefault
340
F
  0
DICTIONARY
  5
47
102
{ACAD_REACTORS
330
C
102
}
330
C
100
AcDbDictionary
281
     1
  3
A0
350
48
  3
A1
350
49
  3
A2
350
4A
  3
A3
350
4B
  3
A4
350
4C
  3
A5
350
4D
  3
A6
350
4E
  3
A7
350
4F
  3
A8
350
50
  3
A9
350
51
  3
B1
350
52
  3
B2
350
53
  3
B3
350
54
  3
B4
350
55
  3
B5
350
56
  3
B6
350
57
  3
B7
350
58
  0
DICTIONARY
  5
DF7
102
{ACAD_REACTORS
330
C
102
}
330
C
100
AcDbDictionary
281
     1
  0
DICTIONARY
  5
59
102
{ACAD_REACTORS
330
C
102
}
330
C
100
AcDbDictionary
281
     1
  3
Standard
350
5A
  0
DICTIONARY
  5
2A
102
{ACAD_REACTORS
330
C
102
}
330
C
100
AcDbDictionary
281
     1
  3
2dWireframe
350
2F
  3
Basic
350
32
  3
Brighten
350
36
  3
ColorChange
350
3A
  3
Conceptual
350
34
  3
Dim
350
35
  3
EdgeColorOff
350
3D
  3
Facepattern
350
39
  3
Flat
350
2B
  3
FlatWithEdges
350
2C
  3
Gouraud
350
2D
  3
GouraudWithEdges
350
2E
  3
Hidden
350
31
  3
JitterOff
350
3B
  3
Linepattern
350
38
  3
OverhangOff
350
3C
  3
Realistic
350
33
  3
Shaded
350
42
  3
Shaded with edges
350
41
  3
Shades of Gray
350
3E
  3
Sketchy
350
3F
  3
Thicken
350
37
  3
Wireframe
350
30
  3
X-Ray
350
40
  0
WIPEOUTVARIABLES
  5
5E
102
{ACAD_REACTORS
330
C
102
}
330
C
100
AcDbWipeoutVariables
 70
     0
  0
XRECORD
  5
DFA
102
{ACAD_REACTORS
330
C
102
}
330
C
100
AcDbXrecord
280
     1
 90
        1
330
5A
  0
DICTIONARY
  5
DBA
102
{ACAD_REACTORS
330
C
102
}
330
C
100
AcDbDictionary
281
     1
  3
CANNOSCALE
350
DBB
  3
CMLEADERSTYLE
350
DF4
  3
CTABLESTYLE
350
DF3
  3
MSLTSCALE
350
DF5
  3
WIPEOUTFRAME
350
DF8
  3
XCLIPFRAME
350
DBC
  0
SORTENTSTABLE
  5
301
102
{ACAD_REACTORS
330
300
102
}
330
300
100
AcDbSortentsTable
330
1F
  0
SORTENTSTABLE
  5
431
102
{ACAD_REACTORS
330
430
102
}
330
430
100
AcDbSortentsTable
330
BA
  0
SORTENTSTABLE
  5
439
102
{ACAD_REACTORS
330
438
102
}
330
438
100
AcDbSortentsTable
330
BB
  0
SORTENTSTABLE
  5
441
102
{ACAD_REACTORS
330
440
102
}
330
440
100
AcDbSortentsTable
330
BC
  0
SORTENTSTABLE
  5
449
102
{ACAD_REACTORS
330
448
102
}
330
448
100
AcDbSortentsTable
330
BD
  0
SORTENTSTABLE
  5
451
102
{ACAD_REACTORS
330
450
102
}
330
450
100
AcDbSortentsTable
330
BE
  0
SORTENTSTABLE
  5
459
102
{ACAD_REACTORS
330
458
102
}
330
458
100
AcDbSortentsTable
330
BF
  0
SORTENTSTABLE
  5
461
102
{ACAD_REACTORS
330
460
102
}
330
460
100
AcDbSortentsTable
330
C0
  0
SORTENTSTABLE
  5
469
102
{ACAD_REACTORS
330
468
102
}
330
468
100
AcDbSortentsTable
330
C1
  0
SORTENTSTABLE
  5
471
102
{ACAD_REACTORS
330
470
102
}
330
470
100
AcDbSortentsTable
330
C2
  0
SORTENTSTABLE
  5
479
102
{ACAD_REACTORS
330
478
102
}
330
478
100
AcDbSortentsTable
330
C3
  0
SORTENTSTABLE
  5
48D
102
{ACAD_REACTORS
330
48C
102
}
330
48C
100
AcDbSortentsTable
330
C4
  0
SORTENTSTABLE
  5
495
102
{ACAD_REACTORS
330
494
102
}
330
494
100
AcDbSortentsTable
330
C5
  0
SORTENTSTABLE
  5
49D
102
{ACAD_REACTORS
330
49C
102
}
330
49C
100
AcDbSortentsTable
330
C6
  0
SORTENTSTABLE
  5
4A5
102
{ACAD_REACTORS
330
4A4
102
}
330
4A4
100
AcDbSortentsTable
330
C7
  0
SORTENTSTABLE
  5
4AD
102
{ACAD_REACTORS
330
4AC
102
}
330
4AC
100
AcDbSortentsTable
330
C8
  0
SORTENTSTABLE
  5
4B5
102
{ACAD_REACTORS
330
4B4
102
}
330
4B4
100
AcDbSortentsTable
330
C9
  0
SORTENTSTABLE
  5
4C3
102
{ACAD_REACTORS
330
4C2
102
}
330
4C2
100
AcDbSortentsTable
330
CA
  0
SORTENTSTABLE
  5
4CE
102
{ACAD_REACTORS
330
4CD
102
}
330
4CD
100
AcDbSortentsTable
330
CB
  0
SORTENTSTABLE
  5
4D9
102
{ACAD_REACTORS
330
4D8
102
}
330
4D8
100
AcDbSortentsTable
330
CC
  0
SORTENTSTABLE
  5
4E4
102
{ACAD_REACTORS
330
4E3
102
}
330
4E3
100
AcDbSortentsTable
330
CD
  0
SORTENTSTABLE
  5
4EC
102
{ACAD_REACTORS
330
4EB
102
}
330
4EB
100
AcDbSortentsTable
330
CE
  0
SORTENTSTABLE
  5
4F4
102
{ACAD_REACTORS
330
4F3
102
}
330
4F3
100
AcDbSortentsTable
330
CF
  0
SORTENTSTABLE
  5
4FC
102
{ACAD_REACTORS
330
4FB
102
}
330
4FB
100
AcDbSortentsTable
330
D0
  0
SORTENTSTABLE
  5
504
102
{ACAD_REACTORS
330
503
102
}
330
503
100
AcDbSortentsTable
330
D1
  0
SORTENTSTABLE
  5
518
102
{ACAD_REACTORS
330
517
102
}
330
517
100
AcDbSortentsTable
330
D2
  0
LAYOUT
  5
1E
102
{ACAD_REACTORS
330
1A
102
}
330
1A
100
AcDbPlotSettings
  1

  2
none_device
  4
ISO_A4_(210.00_x_297.00_MM)
  6

 40
7.5
 41
20.0
 42
7.5
 43
20.0
 44
210.0
 45
297.0
 46
0.0
 47
0.0
 48
0.0
 49
0.0
140
0.0
141
0.0
142
1.0
143
1.0
 70
   752
 72
     1
 73
     1
 74
     5
  7

 75
    16
 76
     0
 77
     2
 78
   300
147
1.0
148
0.0
149
0.0
100
AcDbLayout
  1
Layout1
 70
     0
 71
     1
 10
-20.0
 20
-7.5
 11
277.0
 21
202.5
 12
0.0
 22
0.0
 32
0.0
 14
1.000000000000000E+20
 24
1.000000000000000E+20
 34
1.000000000000000E+20
 15
-1.000000000000000E+20
 25
-1.000000000000000E+20
 35
-1.000000000000000E+20
146
0.0
 13
0.0
 23
0.0
 33
0.0
 16
1.0
 26
0.0
 36
0.0
 17
0.0
 27
1.0
 37
0.0
 76
     0
330
1B
331
DB6
  0
LAYOUT
  5
26
102
{ACAD_REACTORS
330
1A
102
}
330
1A
100
AcDbPlotSettings
  1

  2
none_device
  4

  6

 40
0.0
 41
0.0
 42
0.0
 43
0.0
 44
0.0
 45
0.0
 46
0.0
 47
0.0
 48
0.0
 49
0.0
140
0.0
141
0.0
142
1.0
143
1.0
 70
   688
 72
     0
 73
     0
 74
     5
  7

 75
    16
 76
     0
 77
     2
 78
   300
147
1.0
148
0.0
149
0.0
100
AcDbLayout
  1
Layout2
 70
     1
 71
     2
 10
0.0
 20
0.0
 11
0.0
 21
0.0
 12
0.0
 22
0.0
 32
0.0
 14
0.0
 24
0.0
 34
0.0
 15
0.0
 25
0.0
 35
0.0
146
0.0
 13
0.0
 23
0.0
 33
0.0
 16
1.0
 26
0.0
 36
0.0
 17
0.0
 27
1.0
 37
0.0
 76
     0
330
23
  0
LAYOUT
  5
22
102
{ACAD_REACTORS
330
1A
102
}
330
1A
100
AcDbPlotSettings
  1

  2
none_device
  4
Letter_(8.50_x_11.00_Inches)
  6

 40
6.35
 41
6.35
 42
6.35000508
 43
6.35000508
 44
215.9
 45
279.4
 46
0.0
 47
0.0
 48
0.0
 49
0.0
140
0.0
141
0.0
142
1.0
143
1.0
 70
  1712
 72
     0
 73
     0
 74
     0
  7

 75
     0
 76
     0
 77
     2
 78
   300
147
1.0
148
0.0
149
0.0
100
AcDbLayout
  1
Model
 70
     1
 71
     0
 10
0.0
 20
0.0
 11
12.0
 21
9.0
 12
0.0
 22
0.0
 32
0.0
 14
0.0
 24
-21025.0
 34
0.0
 15
44000.0
 25
-3439.565040386399
 35
0.0
146
0.0
 13
0.0
 23
0.0
 33
0.0
 16
1.0
 26
0.0
 36
0.0
 17
0.0
 27
1.0
 37
0.0
 76
     0
330
1F
331
29
  0
MATERIAL
  5
45
102
{ACAD_REACTORS
330
43
102
}
330
43
100
AcDbMaterial
  1
ByBlock
 72
     1
 94
      127
  0
MATERIAL
  5
44
102
{ACAD_REACTORS
330
43
102
}
330
43
100
AcDbMaterial
  1
ByLayer
 72
     1
 94
      127
  0
MATERIAL
  5
46
102
{ACAD_REACTORS
330
43
102
}
330
43
100
AcDbMaterial
  1
Global
 72
     1
 94
      127
  0
MLEADERSTYLE
  5
5C
102
{ACAD_REACTORS
330
5B
102
}
102
{ACAD_XDICTIONARY
360
DF0
102
}
330
5B
100
AcDbMLeaderStyle
179
     2
170
     2
171
     1
172
     0
 90
        2
 40
0.0
 41
0.0
173
     1
 91
-1056964608
340
14
 92
       -2
290
     1
 42
0.09
291
     1
 43
0.36
  3
Standard
341
0
 44
0.18
300

342
11
174
     1
178
     6
175
     1
176
     0
 93
-1056964608
 45
0.18
292
     0
297
     0
 46
0.18
343
0
 94
-1056964608
 47
1.0
 49
1.0
140
1.0
293
     1
141
0.0
294
     1
177
     0
142
1.0
295
     0
296
     0
143
0.125
271
     0
272
     9
273
     9
298
     0
  0
MLINESTYLE
  5
18
102
{ACAD_REACTORS
330
17
102
}
330
17
100
AcDbMlineStyle
  2
Standard
 70
     0
  3

 62
   256
 51
90.0
 52
90.0
 71
     2
 49
0.5
 62
   256
  6
BYLAYER
 49
-0.5
 62
   256
  6
BYLAYER
  0
ACDBPLACEHOLDER
  5
F
102
{ACAD_REACTORS
330
E
102
}
330
E
  0
SCALE
  5
48
102
{ACAD_REACTORS
330
47
102
}
330
47
100
AcDbScale
 70
     0
300
1:1
140
1.0
141
1.0
290
     1
  0
SCALE
  5
49
102
{ACAD_REACTORS
330
47
102
}
330
47
100
AcDbScale
 70
     0
300
1/128" = 1'-0"
140
0.0078125
141
12.0
290
     0
  0
SCALE
  5
4A
102
{ACAD_REACTORS
330
47
102
}
330
47
100
AcDbScale
 70
     0
300
1/64" = 1'-0"
140
0.015625
141
12.0
290
     0
  0
SCALE
  5
4B
102
{ACAD_REACTORS
330
47
102
}
330
47
100
AcDbScale
 70
     0
300
1/32" = 1'-0"
140
0.03125
141
12.0
290
     0
  0
SCALE
  5
4C
102
{ACAD_REACTORS
330
47
102
}
330
47
100
AcDbScale
 70
     0
300
1/16" = 1'-0"
140
0.0625
141
12.0
290
     0
  0
SCALE
  5
4D
102
{ACAD_REACTORS
330
47
102
}
330
47
100
AcDbScale
 70
     0
300
3/32" = 1'-0"
140
0.09375
141
12.0
290
     0
  0
SCALE
  5
4E
102
{ACAD_REACTORS
330
47
102
}
330
47
100
AcDbScale
 70
     0
300
1/8" = 1'-0"
140
0.125
141
12.0
290
     0
  0
SCALE
  5
4F
102
{ACAD_REACTORS
330
47
102
}
330
47
100
AcDbScale
 70
     0
300
3/16" = 1'-0"
140
0.1875
141
12.0
290
     0
  0
SCALE
  5
50
102
{ACAD_REACTORS
330
47
102
}
330
47
100
AcDbScale
 70
     0
300
1/4" = 1'-0"
140
0.25
141
12.0
290
     0
  0
SCALE
  5
51
102
{ACAD_REACTORS
330
47
102
}
330
47
100
AcDbScale
 70
     0
300
3/8" = 1'-0"
140
0.375
141
12.0
290
     0
  0
SCALE
  5
52
102
{ACAD_REACTORS
330
47
102
}
330
47
100
AcDbScale
 70
     0
300
1/2" = 1'-0"
140
0.5
141
12.0
290
     0
  0
SCALE
  5
53
102
{ACAD_REACTORS
330
47
102
}
330
47
100
AcDbScale
 70
     0
300
3/4" = 1'-0"
140
0.75
141
12.0
290
     0
  0
SCALE
  5
54
102
{ACAD_REACTORS
330
47
102
}
330
47
100
AcDbScale
 70
     0
300
1" = 1'-0"
140
1.0
141
12.0
290
     0
  0
SCALE
  5
55
102
{ACAD_REACTORS
330
47
102
}
330
47
100
AcDbScale
 70
     0
300
1-1/2" = 1'-0"
140
1.5
141
12.0
290
     0
  0
SCALE
  5
56
102
{ACAD_REACTORS
330
47
102
}
330
47
100
AcDbScale
 70
     0
300
3" = 1'-0"
140
3.0
141
12.0
290
     0
  0
SCALE
  5
57
102
{ACAD_REACTORS
330
47
102
}
330
47
100
AcDbScale
 70
     0
300
6" = 1'-0"
140
6.0
141
12.0
290
     0
  0
SCALE
  5
58
102
{ACAD_REACTORS
330
47
102
}
330
47
100
AcDbScale
 70
     0
300
1'-0" = 1'-0"
140
12.0
141
12.0
290
     0
  0
TABLESTYLE
  5
5A
102
{ACAD_REACTORS
330
59
102
}
102
{ACAD_XDICTIONARY
360
DED
102
}
330
59
100
AcDbTableStyle
  3
Standard
 70
     0
 71
     0
 40
0.06
 41
0.06
280
     0
281
     0
  7
Standard
140
0.18
170
     2
 62
     0
 63
   257
283
     0
 90
        4
 91
        0
  1

274
    -2
284
     1
 64
     0
275
    -2
285
     1
 65
     0
276
    -2
286
     1
 66
     0
277
    -2
287
     1
 67
     0
278
    -2
288
     1
 68
     0
279
    -2
289
     1
 69
     0
  7
Standard
140
0.25
170
     5
 62
     0
 63
   257
283
     0
 90
        4
 91
        0
  1

274
    -2
284
     1
 64
     0
275
    -2
285
     1
 65
     0
276
    -2
286
     1
 66
     0
277
    -2
287
     1
 67
     0
278
    -2
288
     1
 68
     0
279
    -2
289
     1
 69
     0
  7
Standard
140
0.18
170
     5
 62
     0
 63
   257
283
     0
 90
        4
 91
        0
  1

274
    -2
284
     1
 64
     0
275
    -2
285
     1
 65
     0
276
    -2
286
     1
 66
     0
277
    -2
287
     1
 67
     0
278
    -2
288
     1
 68
     0
279
    -2
289
     1
 69
     0
  0
VISUALSTYLE
  5
2F
102
{ACAD_REACTORS
330
2A
102
}
102
{ACAD_XDICTIONARY
360
DC5
102
}
330
2A
100
AcDbVisualStyle
  2
2dWireframe
 70
     4
177
     3
291
     0
 70
    58
 90
        0
176
     1
 90
        2
176
     1
 90
        0
176
     1
 90
        0
176
     1
 40
0.6
176
     1
 40
30.0
176
     1
 62
     7
420
 16777215
176
     1
 90
        1
176
     1
 90
        4
176
     1
 62
     7
176
     1
 62
   257
176
     1
 90
        1
176
     1
 90
        1
176
     1
 40
1.0
176
     1
 90
        0
176
     1
 62
   257
176
     1
 40
1.0
176
     1
 90
        1
176
     1
 90
        6
176
     1
 90
        2
176
     1
 62
     7
176
     1
 90
        5
176
     1
 90
        0
176
     1
 90
        0
176
     1
290
     0
176
     1
 90
        1
176
     1
 40
0.0
176
     1
 90
        0
176
     1
290
     1
176
     1
290
     1
176
     1
290
     0
176
     1
290
     0
176
     1
290
     0
176
     1
290
     0
176
     1
290
     0
176
     1
290
     0
176
     1
290
     0
176
     1
 90
       50
176
     1
 40
0.0
176
     1
 40
1.0
176
     1
 90
        0
176
     1
 62
    18
420
        0
176
     1
 90
       50
176
     1
 90
        3
176
     1
 62
     5
420
      255
176
     1
290
     0
176
     1
 90
       50
176
     1
 90
       50
176
     1
 90
       50
176
     1
290
     0
176
     1
 90
       50
176
     1
 62
   256
176
     0
 40
1.0
176
     0
 90
        2
176
     1
  1
strokes_ogs.tif
176
     1
290
     0
176
     1
 40
1.0
176
     1
 40
1.0
176
     1
  0
VISUALSTYLE
  5
32
102
{ACAD_REACTORS
330
2A
102
}
102
{ACAD_XDICTIONARY
360
DCB
102
}
330
2A
100
AcDbVisualStyle
  2
Basic
 70
     7
177
     3
291
     1
 70
    58
 90
        1
176
     1
 90
        0
176
     1
 90
        1
176
     1
 90
        0
176
     1
 40
0.6
176
     1
 40
30.0
176
     1
 62
     7
420
 16777215
176
     1
 90
        0
176
     1
 90
        4
176
     1
 62
     7
176
     1
 62
   257
176
     1
 90
        1
176
     1
 90
        1
176
     1
 40
1.0
176
     1
 90
        8
176
     1
 62
     7
176
     1
 40
1.0
176
     1
 90
        1
176
     1
 90
        6
176
     1
 90
        2
176
     1
 62
     7
176
     1
 90
        5
176
     1
 90
        0
176
     1
 90
        0
176
     1
290
     0
176
     1
 90
        1
176
     1
 40
0.0
176
     1
 90
        0
176
     1
290
     0
176
     1
290
     1
176
     1
290
     1
176
     1
290
     0
176
     1
290
     0
176
     1
290
     0
176
     1
290
     0
176
     1
290
     0
176
     1
290
     0
176
     1
 90
       50
176
     1
 40
0.0
176
     1
 40
1.0
176
     1
 90
        0
176
     1
 62
    18
420
        0
176
     1
 90
       50
176
     1
 90
        3
176
     1
 62
     5
420
      255
176
     1
290
     0
176
     1
 90
       50
176
     1
 90
       50
176
     1
 90
       50
176
     1
290
     0
176
     1
 90
       50
176
     1
 62
   256
176
     0
 40
1.0
176
     0
 90
        2
176
     1
  1
strokes_ogs.tif
176
     1
290
     0
176
     1
 40
1.0
176
     1
 40
1.0
176
     1
  0
VISUALSTYLE
  5
36
102
{ACAD_REACTORS
330
2A
102
}
102
{ACAD_XDICTIONARY
360
DD3
102
}
330
2A
100
AcDbVisualStyle
  2
Brighten
 70
    12
177
     3
291
     1
 70
    58
 90
        2
176
     1
 90
        2
176
     1
 90
        0
176
     1
 90
        0
176
     1
 40
0.6
176
     1
 40
30.0
176
     1
 62
     7
420
 16777215
176
     1
 90
        1
176
     1
 90
        4
176
     1
 62
     7
176
     1
 62
   257
176
     1
 90
        1
176
     1
 90
        1
176
     1
 40
1.0
176
     1
 90
        8
176
     1
 62
     7
176
     1
 40
1.0
176
     1
 90
        1
176
     1
 90
        6
176
     1
 90
        2
176
     1
 62
     7
176
     1
 90
        5
176
     1
 90
        0
176
     1
 90
        0
176
     1
290
     0
176
     1
 90
        1
176
     1
 40
50.0
176
     1
 90
        0
176
     1
290
     0
176
     1
290
     1
176
     1
290
     1
176
     1
290
     0
176
     1
290
     0
176
     1
290
     0
176
     1
290
     0
176
     1
290
     0
176
     1
290
     0
176
     1
 90
       50
176
     1
 40
0.0
176
     1
 40
1.0
176
     1
 90
        0
176
     1
 62
    18
420
        0
176
     1
 90
       50
176
     1
 90
        3
176
     1
 62
     5
420
      255
176
     1
290
     0
176
     1
 90
       50
176
     1
 90
       50
176
     1
 90
       50
176
     1
290
     0
176
     1
 90
       50
176
     1
 62
   256
176
     0
 40
1.0
176
     0
 90
        2
176
     1
  1
strokes_ogs.tif
176
     1
290
     0
176
     1
 40
1.0
176
     1
 40
1.0
176
     1
  0
VISUALSTYLE
  5
3A
102
{ACAD_REACTORS
330
2A
102
}
102
{ACAD_XDICTIONARY
360
DDB
102
}
330
2A
100
AcDbVisualStyle
  2
ColorChange
 70
    16
177
     3
291
     1
 70
    58
 90
        2
176
     1
 90
        2
176
     1
 90
        3
176
     1
 90
        0
176
     1
 40
0.6
176
     1
 40
30.0
176
     1
 62
     8
420
  8421504
176
     1
 90
        1
176
     1
 90
        4
176
     1
 62
     7
176
     1
 62
   257
176
     1
 90
        1
176
     1
 90
        1
176
     1
 40
1.0
176
     1
 90
        8
176
     1
 62
     8
420
  8421504
176
     1
 40
1.0
176
     1
 90
        1
176
     1
 90
        6
176
     1
 90
        2
176
     1
 62
     7
176
     1
 90
        5
176
     1
 90
        0
176
     1
 90
        0
176
     1
290
     0
176
     1
 90
        1
176
     1
 40
0.0
176
     1
 90
        0
176
     1
290
     0
176
     1
290
     1
176
     1
290
     1
176
     1
290
     0
176
     1
290
     0
176
     1
290
     0
176
     1
290
     0
176
     1
290
     0
176
     1
290
     0
176
     1
 90
       50
176
     1
 40
0.0
176
     1
 40
1.0
176
     1
 90
        0
176
     1
 62
    18
420
        0
176
     1
 90
       50
176
     1
 90
        3
176
     1
 62
     5
420
      255
176
     1
290
     0
176
     1
 90
       50
176
     1
 90
       50
176
     1
 90
       50
176
     1
290
     0
176
     1
 90
       50
176
     1
 62
   256
176
     0
 40
1.0
176
     0
 90
        2
176
     1
  1
strokes_ogs.tif
176
     1
290
     0
176
     1
 40
1.0
176
     1
 40
1.0
176
     1
  0
VISUALSTYLE
  5
34
102
{ACAD_REACTORS
330
2A
102
}
102
{ACAD_XDICTIONARY
360
DCF
102
}
330
2A
100
AcDbVisualStyle
  2
Conceptual
 70
     9
177
     3
291
     0
 70
    58
 90
        3
176
     1
 90
        2
176
     1
 90
        0
176
     1
 90
        0
176
     1
 40
0.6
176
     1
 40
30.0
176
     1
 62
     7
420
 16777215
176
     1
 90
        2
176
     1
 90
        2
176
     1
 62
     7
176
     1
 62
   257
176
     1
 90
        1
176
     1
 90
        1
176
     1
 40
179.0
176
     1
 90
        8
176
     1
 62
     7
176
     1
 40
1.0
176
     1
 90
        1
176
     1
 90
        6
176
     1
 90
        2
176
     1
 62
     7
176
     1
 90
        3
176
     1
 90
        0
176
     1
 90
        0
176
     1
290
     0
176
     1
 90
        1
176
     1
 40
0.0
176
     1
 90
        0
176
     1
290
     0
176
     1
290
     1
176
     1
290
     1
176
     1
290
     0
176
     1
290
     0
176
     1
290
     0
176
     1
290
     0
176
     1
290
     0
176
     1
290
     0
176
     1
 90
       50
176
     1
 40
0.0
176
     1
 40
1.0
176
     1
 90
        0
176
     1
 62
    18
420
        0
176
     1
 90
       50
176
     1
 90
        3
176
     1
 62
     5
420
      255
176
     1
290
     0
176
     1
 90
       50
176
     1
 90
       50
176
     1
 90
       50
176
     1
290
     0
176
     1
 90
       50
176
     1
 62
   256
176
     0
 40
1.0
176
     0
 90
        2
176
     1
  1
strokes_ogs.tif
176
     1
290
     0
176
     1
 40
1.0
176
     1
 40
1.0
176
     1
  0
VISUALSTYLE
  5
35
102
{ACAD_REACTORS
330
2A
102
}
102
{ACAD_XDICTIONARY
360
DD1
102
}
330
2A
100
AcDbVisualStyle
  2
Dim
 70
    11
177
     3
291
     1
 70
    58
 90
        2
176
     1
 90
        2
176
     1
 90
        0
176
     1
 90
        0
176
     1
 40
0.6
176
     1
 40
30.0
176
     1
 62
     7
420
 16777215
176
     1
 90
        1
176
     1
 90
        4
176
     1
 62
     7
176
     1
 62
   257
176
     1
 90
        1
176
     1
 90
        1
176
     1
 40
1.0
176
     1
 90
        8
176
     1
 62
     7
176
     1
 40
1.0
176
     1
 90
        1
176
     1
 90
        6
176
     1
 90
        2
176
     1
 62
     7
176
     1
 90
        5
176
     1
 90
        0
176
     1
 90
        0
176
     1
290
     0
176
     1
 90
        1
176
     1
 40
-50.0
176
     1
 90
        0
176
     1
290
     0
176
     1
290
     1
176
     1
290
     1
176
     1
290
     0
176
     1
290
     0
176
     1
290
     0
176
     1
290
     0
176
     1
290
     0
176
     1
290
     0
176
     1
 90
       50
176
     1
 40
0.0
176
     1
 40
1.0
176
     1
 90
        0
176
     1
 62
    18
420
        0
176
     1
 90
       50
176
     1
 90
        3
176
     1
 62
     5
420
      255
176
     1
290
     0
176
     1
 90
       50
176
     1
 90
       50
176
     1
 90
       50
176
     1
290
     0
176
     1
 90
       50
176
     1
 62
   256
176
     0
 40
1.0
176
     0
 90
        2
176
     1
  1
strokes_ogs.tif
176
     1
290
     0
176
     1
 40
1.0
176
     1
 40
1.0
176
     1
  0
VISUALSTYLE
  5
3D
102
{ACAD_REACTORS
330
2A
102
}
102
{ACAD_XDICTIONARY
360
DE1
102
}
330
2A
100
AcDbVisualStyle
  2
EdgeColorOff
 70
    22
177
     3
291
     1
 70
    58
 90
        2
176
     0
 90
        2
176
     0
 90
        0
176
     0
 90
        0
176
     0
 40
0.6
176
     0
 40
30.0
176
     0
 62
     7
420
 16777215
176
     0
 90
        1
176
     0
 90
        4
176
     0
 62
     7
176
     0
 62
   257
176
     0
 90
        1
176
     0
 90
        1
176
     0
 40
1.0
176
     0
 90
        8
176
     2
 62
     7
176
     0
 40
1.0
176
     0
 90
        1
176
     0
 90
        6
176
     0
 90
        2
176
     0
 62
     7
176
     0
 90
        5
176
     0
 90
        0
176
     0
 90
        0
176
     0
290
     0
176
     0
 90
        1
176
     0
 40
0.0
176
     0
 90
        0
176
     0
290
     0
176
     0
290
     1
176
     0
290
     1
176
     0
290
     0
176
     0
290
     0
176
     0
290
     0
176
     0
290
     0
176
     0
290
     0
176
     0
290
     0
176
     0
 90
       50
176
     0
 40
0.0
176
     0
 40
1.0
176
     0
 90
        0
176
     0
 62
    18
420
        0
176
     0
 90
       50
176
     0
 90
        3
176
     0
 62
     5
420
      255
176
     0
290
     0
176
     0
 90
       50
176
     0
 90
       50
176
     0
 90
       50
176
     0
290
     0
176
     0
 90
       50
176
     0
 62
   256
176
     0
 40
1.0
176
     0
 90
        2
176
     0
  1
strokes_ogs.tif
176
     0
290
     0
176
     0
 40
1.0
176
     0
 40
1.0
176
     0
  0
VISUALSTYLE
  5
39
102
{ACAD_REACTORS
330
2A
102
}
102
{ACAD_XDICTIONARY
360
DD9
102
}
330
2A
100
AcDbVisualStyle
  2
Facepattern
 70
    15
177
     3
291
     1
 70
    58
 90
        2
176
     1
 90
        2
176
     1
 90
        0
176
     1
 90
        0
176
     1
 40
0.6
176
     1
 40
30.0
176
     1
 62
     7
420
 16777215
176
     1
 90
        1
176
     1
 90
        4
176
     1
 62
     7
176
     1
 62
   257
176
     1
 90
        1
176
     1
 90
        1
176
     1
 40
1.0
176
     1
 90
        8
176
     1
 62
     7
176
     1
 40
1.0
176
     1
 90
        1
176
     1
 90
        6
176
     1
 90
        2
176
     1
 62
     7
176
     1
 90
        5
176
     1
 90
        0
176
     1
 90
        0
176
     1
290
     0
176
     1
 90
        1
176
     1
 40
0.0
176
     1
 90
        0
176
     1
290
     0
176
     1
290
     1
176
     1
290
     1
176
     1
290
     0
176
     1
290
     0
176
     1
290
     0
176
     1
290
     0
176
     1
290
     0
176
     1
290
     0
176
     1
 90
       50
176
     1
 40
0.0
176
     1
 40
1.0
176
     1
 90
        0
176
     1
 62
    18
420
        0
176
     1
 90
       50
176
     1
 90
        3
176
     1
 62
     5
420
      255
176
     1
290
     0
176
     1
 90
       50
176
     1
 90
       50
176
     1
 90
       50
176
     1
290
     0
176
     1
 90
       50
176
     1
 62
   256
176
     0
 40
1.0
176
     0
 90
        2
176
     1
  1
strokes_ogs.tif
176
     1
290
     0
176
     1
 40
1.0
176
     1
 40
1.0
176
     1
  0
VISUALSTYLE
  5
2B
102
{ACAD_REACTORS
330
2A
102
}
102
{ACAD_XDICTIONARY
360
DBD
102
}
330
2A
100
AcDbVisualStyle
  2
Flat
 70
     0
177
     3
291
     1
 70
    58
 90
        2
176
     1
 90
        1
176
     1
 90
        1
176
     1
 90
        2
176
     1
 40
0.6
176
     1
 40
30.0
176
     1
 62
     7
420
 16777215
176
     1
 90
        0
176
     1
 90
        0
176
     1
 62
     7
176
     1
 62
   257
176
     1
 90
        1
176
     1
 90
        1
176
     1
 40
1.0
176
     1
 90
        8
176
     1
 62
     7
176
     1
 40
1.0
176
     1
 90
        1
176
     1
 90
        6
176
     1
 90
        2
176
     1
 62
     7
176
     1
 90
        5
176
     1
 90
        0
176
     1
 90
        0
176
     1
290
     0
176
     1
 90
       13
176
     1
 40
0.0
176
     1
 90
        0
176
     1
290
     0
176
     1
290
     1
176
     1
290
     1
176
     1
290
     0
176
     1
290
     0
176
     1
290
     0
176
     1
290
     0
176
     1
290
     0
176
     1
290
     0
176
     1
 90
       50
176
     1
 40
0.0
176
     1
 40
1.0
176
     1
 90
        0
176
     1
 62
    18
420
        0
176
     1
 90
       50
176
     1
 90
        3
176
     1
 62
     5
420
      255
176
     1
290
     0
176
     1
 90
       50
176
     1
 90
       50
176
     1
 90
       50
176
     1
290
     0
176
     1
 90
       50
176
     1
 62
   256
176
     0
 40
1.0
176
     0
 90
        2
176
     1
  1
strokes_ogs.tif
176
     1
290
     0
176
     1
 40
1.0
176
     1
 40
1.0
176
     1
  0
VISUALSTYLE
  5
2C
102
{ACAD_REACTORS
330
2A
102
}
102
{ACAD_XDICTIONARY
360
DBF
102
}
330
2A
100
AcDbVisualStyle
  2
FlatWithEdges
 70
     1
177
     3
291
     1
 70
    58
 90
        2
176
     1
 90
        1
176
     1
 90
        1
176
     1
 90
        2
176
     1
 40
0.6
176
     1
 40
30.0
176
     1
 62
     7
420
 16777215
176
     1
 90
        1
176
     1
 90
        0
176
     1
 62
     7
176
     1
 62
   257
176
     1
 90
        1
176
     1
 90
        1
176
     1
 40
1.0
176
     1
 90
        0
176
     1
 62
   257
176
     1
 40
1.0
176
     1
 90
        1
176
     1
 90
        6
176
     1
 90
        2
176
     1
 62
     7
176
     1
 90
        5
176
     1
 90
        0
176
     1
 90
        0
176
     1
290
     0
176
     1
 90
       13
176
     1
 40
0.0
176
     1
 90
        0
176
     1
290
     0
176
     1
290
     1
176
     1
290
     1
176
     1
290
     0
176
     1
290
     0
176
     1
290
     0
176
     1
290
     0
176
     1
290
     0
176
     1
290
     0
176
     1
 90
       50
176
     1
 40
0.0
176
     1
 40
1.0
176
     1
 90
        0
176
     1
 62
    18
420
        0
176
     1
 90
       50
176
     1
 90
        3
176
     1
 62
     5
420
      255
176
     1
290
     0
176
     1
 90
       50
176
     1
 90
       50
176
     1
 90
       50
176
     1
290
     0
176
     1
 90
       50
176
     1
 62
   256
176
     0
 40
1.0
176
     0
 90
        2
176
     1
  1
strokes_ogs.tif
176
     1
290
     0
176
     1
 40
1.0
176
     1
 40
1.0
176
     1
  0
VISUALSTYLE
  5
2D
102
{ACAD_REACTORS
330
2A
102
}
102
{ACAD_XDICTIONARY
360
DC1
102
}
330
2A
100
AcDbVisualStyle
  2
Gouraud
 70
     2
177
     3
291
     1
 70
    58
 90
        2
176
     1
 90
        2
176
     1
 90
        1
176
     1
 90
        2
176
     1
 40
0.6
176
     1
 40
30.0
176
     1
 62
     7
420
 16777215
176
     1
 90
        0
176
     1
 90
        0
176
     1
 62
     7
176
     1
 62
   257
176
     1
 90
        1
176
     1
 90
        1
176
     1
 40
1.0
176
     1
 90
        0
176
     1
 62
     7
176
     1
 40
1.0
176
     1
 90
        1
176
     1
 90
        6
176
     1
 90
        2
176
     1
 62
     7
176
     1
 90
        5
176
     1
 90
        0
176
     1
 90
        0
176
     1
290
     0
176
     1
 90
       13
176
     1
 40
0.0
176
     1
 90
        0
176
     1
290
     0
176
     1
290
     1
176
     1
290
     1
176
     1
290
     0
176
     1
290
     0
176
     1
290
     0
176
     1
290
     0
176
     1
290
     0
176
     1
290
     0
176
     1
 90
       50
176
     1
 40
0.0
176
     1
 40
1.0
176
     1
 90
        0
176
     1
 62
    18
420
        0
176
     1
 90
       50
176
     1
 90
        3
176
     1
 62
     5
420
      255
176
     1
290
     0
176
     1
 90
       50
176
     1
 90
       50
176
     1
 90
       50
176
     1
290
     0
176
     1
 90
       50
176
     1
 62
   256
176
     0
 40
1.0
176
     0
 90
        2
176
     1
  1
strokes_ogs.tif
176
     1
290
     0
176
     1
 40
1.0
176
     1
 40
1.0
176
     1
  0
VISUALSTYLE
  5
2E
102
{ACAD_REACTORS
330
2A
102
}
102
{ACAD_XDICTIONARY
360
DC3
102
}
330
2A
100
AcDbVisualStyle
  2
GouraudWithEdges
 70
     3
177
     3
291
     1
 70
    58
 90
        2
176
     1
 90
        2
176
     1
 90
        1
176
     1
 90
        2
176
     1
 40
0.6
176
     1
 40
30.0
176
     1
 62
     7
420
 16777215
176
     1
 90
        1
176
     1
 90
        0
176
     1
 62
     7
176
     1
 62
   257
176
     1
 90
        1
176
     1
 90
        1
176
     1
 40
1.0
176
     1
 90
        0
176
     1
 62
   257
176
     1
 40
1.0
176
     1
 90
        1
176
     1
 90
        6
176
     1
 90
        2
176
     1
 62
     7
176
     1
 90
        5
176
     1
 90
        0
176
     1
 90
        0
176
     1
290
     0
176
     1
 90
       13
176
     1
 40
0.0
176
     1
 90
        0
176
     1
290
     0
176
     1
290
     1
176
     1
290
     1
176
     1
290
     0
176
     1
290
     0
176
     1
290
     0
176
     1
290
     0
176
     1
290
     0
176
     1
290
     0
176
     1
 90
       50
176
     1
 40
0.0
176
     1
 40
1.0
176
     1
 90
        0
176
     1
 62
    18
420
        0
176
     1
 90
       50
176
     1
 90
        3
176
     1
 62
     5
420
      255
176
     1
290
     0
176
     1
 90
       50
176
     1
 90
       50
176
     1
 90
       50
176
     1
290
     0
176
     1
 90
       50
176
     1
 62
   256
176
     0
 40
1.0
176
     0
 90
        2
176
     1
  1
strokes_ogs.tif
176
     1
290
     0
176
     1
 40
1.0
176
     1
 40
1.0
176
     1
  0
VISUALSTYLE
  5
31
102
{ACAD_REACTORS
330
2A
102
}
102
{ACAD_XDICTIONARY
360
DC9
102
}
330
2A
100
AcDbVisualStyle
  2
Hidden
 70
     6
177
     3
291
     0
 70
    58
 90
        1
176
     1
 90
        2
176
     1
 90
        2
176
     1
 90
        0
176
     1
 40
0.6
176
     1
 40
30.0
176
     1
 62
     7
420
 16777215
176
     1
 90
        2
176
     1
 90
        2
176
     1
 62
     7
176
     1
 62
   257
176
     1
 90
        2
176
     1
 90
        1
176
     1
 40
40.0
176
     1
 90
        0
176
     1
 62
   257
176
     1
 40
1.0
176
     1
 90
        1
176
     1
 90
        6
176
     1
 90
        2
176
     1
 62
     7
176
     1
 90
        3
176
     1
 90
        0
176
     1
 90
        0
176
     1
290
     0
176
     1
 90
        1
176
     1
 40
0.0
176
     1
 90
        0
176
     1
290
     0
176
     1
290
     1
176
     1
290
     1
176
     1
290
     0
176
     1
290
     0
176
     1
290
     0
176
     1
290
     0
176
     1
290
     0
176
     1
290
     0
176
     1
 90
       50
176
     1
 40
0.0
176
     1
 40
1.0
176
     1
 90
        0
176
     1
 62
    18
420
        0
176
     1
 90
       50
176
     1
 90
        3
176
     1
 62
     5
420
      255
176
     1
290
     0
176
     1
 90
       50
176
     1
 90
       50
176
     1
 90
       50
176
     1
290
     0
176
     1
 90
       50
176
     1
 62
   256
176
     0
 40
1.0
176
     0
 90
        2
176
     1
  1
strokes_ogs.tif
176
     1
290
     0
176
     1
 40
1.0
176
     1
 40
1.0
176
     1
  0
VISUALSTYLE
  5
3B
102
{ACAD_REACTORS
330
2A
102
}
102
{ACAD_XDICTIONARY
360
DDD
102
}
330
2A
100
AcDbVisualStyle
  2
JitterOff
 70
    20
177
     3
291
     1
 70
    58
 90
        2
176
     0
 90
        2
176
     0
 90
        0
176
     0
 90
        0
176
     0
 40
0.6
176
     0
 40
30.0
176
     0
 62
     7
420
 16777215
176
     0
 90
        1
176
     0
 90
        4
176
     0
 62
     7
176
     0
 62
   257
176
     0
 90
        1
176
     0
 90
        1
176
     0
 40
1.0
176
     0
 90
       10
176
     2
 62
     7
176
     0
 40
1.0
176
     0
 90
        1
176
     0
 90
        6
176
     0
 90
        2
176
     0
 62
     7
176
     0
 90
        5
176
     0
 90
        0
176
     0
 90
        0
176
     0
290
     0
176
     0
 90
        1
176
     0
 40
0.0
176
     0
 90
        0
176
     0
290
     0
176
     0
290
     1
176
     0
290
     1
176
     0
290
     0
176
     0
290
     0
176
     0
290
     0
176
     0
290
     0
176
     0
290
     0
176
     0
290
     0
176
     0
 90
       50
176
     0
 40
0.0
176
     0
 40
1.0
176
     0
 90
        0
176
     0
 62
    18
420
        0
176
     0
 90
       50
176
     0
 90
        3
176
     0
 62
     5
420
      255
176
     0
290
     0
176
     0
 90
       50
176
     0
 90
       50
176
     0
 90
       50
176
     0
290
     0
176
     0
 90
       50
176
     0
 62
   256
176
     0
 40
1.0
176
     0
 90
        2
176
     0
  1
strokes_ogs.tif
176
     0
290
     0
176
     0
 40
1.0
176
     0
 40
1.0
176
     0
  0
VISUALSTYLE
  5
38
102
{ACAD_REACTORS
330
2A
102
}
102
{ACAD_XDICTIONARY
360
DD7
102
}
330
2A
100
AcDbVisualStyle
  2
Linepattern
 70
    14
177
     3
291
     1
 70
    58
 90
        2
176
     1
 90
        2
176
     1
 90
        0
176
     1
 90
        0
176
     1
 40
0.6
176
     1
 40
30.0
176
     1
 62
     7
420
 16777215
176
     1
 90
        1
176
     1
 90
        4
176
     1
 62
     7
176
     1
 62
   257
176
     1
 90
        7
176
     1
 90
        7
176
     1
 40
1.0
176
     1
 90
        8
176
     1
 62
     7
176
     1
 40
1.0
176
     1
 90
        1
176
     1
 90
        6
176
     1
 90
        2
176
     1
 62
     7
176
     1
 90
        5
176
     1
 90
        0
176
     1
 90
        0
176
     1
290
     0
176
     1
 90
        1
176
     1
 40
0.0
176
     1
 90
        0
176
     1
290
     0
176
     1
290
     1
176
     1
290
     1
176
     1
290
     0
176
     1
290
     0
176
     1
290
     0
176
     1
290
     0
176
     1
290
     0
176
     1
290
     0
176
     1
 90
       50
176
     1
 40
0.0
176
     1
 40
1.0
176
     1
 90
        0
176
     1
 62
    18
420
        0
176
     1
 90
       50
176
     1
 90
        3
176
     1
 62
     5
420
      255
176
     1
290
     0
176
     1
 90
       50
176
     1
 90
       50
176
     1
 90
       50
176
     1
290
     0
176
     1
 90
       50
176
     1
 62
   256
176
     0
 40
1.0
176
     0
 90
        2
176
     1
  1
strokes_ogs.tif
176
     1
290
     0
176
     1
 40
1.0
176
     1
 40
1.0
176
     1
  0
VISUALSTYLE
  5
3C
102
{ACAD_REACTORS
330
2A
102
}
102
{ACAD_XDICTIONARY
360
DDF
102
}
330
2A
100
AcDbVisualStyle
  2
OverhangOff
 70
    21
177
     3
291
     1
 70
    58
 90
        2
176
     0
 90
        2
176
     0
 90
        0
176
     0
 90
        0
176
     0
 40
0.6
176
     0
 40
30.0
176
     0
 62
     7
420
 16777215
176
     0
 90
        1
176
     0
 90
        4
176
     0
 62
     7
176
     0
 62
   257
176
     0
 90
        1
176
     0
 90
        1
176
     0
 40
1.0
176
     0
 90
        9
176
     2
 62
     7
176
     0
 40
1.0
176
     0
 90
        1
176
     0
 90
        6
176
     0
 90
        2
176
     0
 62
     7
176
     0
 90
        5
176
     0
 90
        0
176
     0
 90
        0
176
     0
290
     0
176
     0
 90
        1
176
     0
 40
0.0
176
     0
 90
        0
176
     0
290
     0
176
     0
290
     1
176
     0
290
     1
176
     0
290
     0
176
     0
290
     0
176
     0
290
     0
176
     0
290
     0
176
     0
290
     0
176
     0
290
     0
176
     0
 90
       50
176
     0
 40
0.0
176
     0
 40
1.0
176
     0
 90
        0
176
     0
 62
    18
420
        0
176
     0
 90
       50
176
     0
 90
        3
176
     0
 62
     5
420
      255
176
     0
290
     0
176
     0
 90
       50
176
     0
 90
       50
176
     0
 90
       50
176
     0
290
     0
176
     0
 90
       50
176
     0
 62
   256
176
     0
 40
1.0
176
     0
 90
        2
176
     0
  1
strokes_ogs.tif
176
     0
290
     0
176
     0
 40
1.0
176
     0
 40
1.0
176
     0
  0
VISUALSTYLE
  5
33
102
{ACAD_REACTORS
330
2A
102
}
102
{ACAD_XDICTIONARY
360
DCD
102
}
330
2A
100
AcDbVisualStyle
  2
Realistic
 70
     8
177
     3
291
     0
 70
    58
 90
        2
176
     1
 90
        3
176
     1
 90
        0
176
     1
 90
        2
176
     1
 40
0.6
176
     1
 40
30.0
176
     1
 62
     7
420
 16777215
176
     1
 90
        0
176
     1
 90
        0
176
     1
 62
     7
176
     1
 62
   257
176
     1
 90
        1
176
     1
 90
        1
176
     1
 40
1.0
176
     1
 90
        8
176
     1
 62
   257
176
     1
 40
1.0
176
     1
 90
        1
176
     1
 90
        6
176
     1
 90
        2
176
     1
 62
     7
176
     1
 90
        3
176
     1
 90
        0
176
     1
 90
        0
176
     1
290
     0
176
     1
 90
       13
176
     1
 40
0.0
176
     1
 90
        0
176
     1
290
     0
176
     1
290
     1
176
     1
290
     1
176
     1
290
     0
176
     1
290
     0
176
     1
290
     0
176
     1
290
     0
176
     1
290
     0
176
     1
290
     0
176
     1
 90
       50
176
     1
 40
0.0
176
     1
 40
1.0
176
     1
 90
        0
176
     1
 62
    18
420
        0
176
     1
 90
       50
176
     1
 90
        3
176
     1
 62
     5
420
      255
176
     1
290
     0
176
     1
 90
       50
176
     1
 90
       50
176
     1
 90
       50
176
     1
290
     0
176
     1
 90
       50
176
     1
 62
   256
176
     0
 40
1.0
176
     0
 90
        2
176
     1
  1
strokes_ogs.tif
176
     1
290
     0
176
     1
 40
1.0
176
     1
 40
1.0
176
     1
  0
VISUALSTYLE
  5
42
102
{ACAD_REACTORS
330
2A
102
}
102
{ACAD_XDICTIONARY
360
DEB
102
}
330
2A
100
AcDbVisualStyle
  2
Shaded
 70
    27
177
     3
291
     0
 70
    58
 90
        2
176
     1
 90
        2
176
     1
 90
        1
176
     1
 90
        2
176
     1
 40
0.6
176
     1
 40
30.0
176
     1
 62
     7
420
 16777215
176
     1
 90
        0
176
     1
 90
        4
176
     1
 62
     7
176
     1
 62
   257
176
     1
 90
        1
176
     1
 90
        1
176
     1
 40
1.0
176
     1
 90
        8
176
     1
 62
   257
176
     1
 40
1.0
176
     1
 90
        1
176
     1
 90
        6
176
     1
 90
        2
176
     1
 62
     8
420
  7895160
176
     1
 90
        3
176
     1
 90
        0
176
     1
 90
        0
176
     1
290
     0
176
     1
 90
        5
176
     1
 40
0.0
176
     1
 90
        0
176
     1
290
     0
176
     1
290
     1
176
     1
290
     1
176
     1
290
     0
176
     1
290
     0
176
     1
290
     0
176
     1
290
     0
176
     1
290
     0
176
     1
290
     0
176
     1
 90
       50
176
     1
 40
0.0
176
     1
 40
1.0
176
     1
 90
        0
176
     1
 62
    18
420
        0
176
     1
 90
       50
176
     1
 90
        3
176
     1
 62
     5
420
      255
176
     1
290
     0
176
     1
 90
       50
176
     1
 90
       50
176
     1
 90
       50
176
     1
290
     0
176
     1
 90
       50
176
     1
 62
   256
176
     0
 40
1.0
176
     0
 90
        2
176
     1
  1
strokes_ogs.tif
176
     1
290
     0
176
     1
 40
1.0
176
     1
 40
1.0
176
     1
  0
VISUALSTYLE
  5
41
102
{ACAD_REACTORS
330
2A
102
}
102
{ACAD_XDICTIONARY
360
DE9
102
}
330
2A
100
AcDbVisualStyle
  2
Shaded with edges
 70
    26
177
     3
291
     0
 70
    58
 90
        2
176
     1
 90
        2
176
     1
 90
        1
176
     1
 90
        2
176
     1
 40
0.6
176
     1
 40
30.0
176
     1
 62
     7
420
 16777215
176
     1
 90
        1
176
     1
 90
       10
176
     1
 62
     7
176
     1
 62
   257
176
     1
 90
        2
176
     1
 90
        1
176
     1
 40
1.0
176
     1
 90
        8
176
     1
 62
   257
176
     1
 40
1.0
176
     1
 90
        1
176
     1
 90
        6
176
     1
 90
        2
176
     1
 62
     7
176
     1
 90
        3
176
     1
 90
        0
176
     1
 90
        0
176
     1
290
     0
176
     1
 90
        5
176
     1
 40
0.0
176
     1
 90
        0
176
     1
290
     0
176
     1
290
     1
176
     1
290
     1
176
     1
290
     0
176
     1
290
     0
176
     1
290
     0
176
     1
290
     0
176
     1
290
     0
176
     1
290
     0
176
     1
 90
       50
176
     1
 40
0.0
176
     1
 40
1.0
176
     1
 90
        0
176
     1
 62
    18
420
        0
176
     1
 90
       50
176
     1
 90
        3
176
     1
 62
     5
420
      255
176
     1
290
     0
176
     1
 90
       50
176
     1
 90
       50
176
     1
 90
       50
176
     1
290
     0
176
     1
 90
       50
176
     1
 62
   256
176
     0
 40
1.0
176
     0
 90
        2
176
     1
  1
strokes_ogs.tif
176
     1
290
     0
176
     1
 40
1.0
176
     1
 40
1.0
176
     1
  0
VISUALSTYLE
  5
3E
102
{ACAD_REACTORS
330
2A
102
}
102
{ACAD_XDICTIONARY
360
DE3
102
}
330
2A
100
AcDbVisualStyle
  2
Shades of Gray
 70
    23
177
     3
291
     0
 70
    58
 90
        2
176
     1
 90
        2
176
     1
 90
        3
176
     1
 90
        0
176
     1
 40
0.6
176
     1
 40
30.0
176
     1
 62
     7
420
 16777215
176
     1
 90
        2
176
     1
 90
        2
176
     1
 62
     7
176
     1
 62
     7
176
     1
 90
        1
176
     1
 90
        1
176
     1
 40
40.0
176
     1
 90
        8
176
     1
 62
     7
176
     1
 40
1.0
176
     1
 90
        1
176
     1
 90
        6
176
     1
 90
        2
176
     1
 62
     7
176
     1
 90
        3
176
     1
 90
        0
176
     1
 90
        0
176
     1
290
     0
176
     1
 90
        1
176
     1
 40
0.0
176
     1
 90
        0
176
     1
290
     0
176
     1
290
     1
176
     1
290
     1
176
     1
290
     0
176
     1
290
     0
176
     1
290
     0
176
     1
290
     0
176
     1
290
     0
176
     1
290
     0
176
     1
 90
       50
176
     1
 40
0.0
176
     1
 40
1.0
176
     1
 90
        0
176
     1
 62
    18
420
        0
176
     1
 90
       50
176
     1
 90
        3
176
     1
 62
     5
420
      255
176
     1
290
     0
176
     1
 90
       50
176
     1
 90
       50
176
     1
 90
       50
176
     1
290
     0
176
     1
 90
       50
176
     1
 62
   256
176
     0
 40
1.0
176
     0
 90
        2
176
     1
  1
strokes_ogs.tif
176
     1
290
     0
176
     1
 40
1.0
176
     1
 40
1.0
176
     1
  0
VISUALSTYLE
  5
3F
102
{ACAD_REACTORS
330
2A
102
}
102
{ACAD_XDICTIONARY
360
DE5
102
}
330
2A
100
AcDbVisualStyle
  2
Sketchy
 70
    24
177
     3
291
     0
 70
    58
 90
        1
176
     1
 90
        2
176
     1
 90
        2
176
     1
 90
        0
176
     1
 40
0.6
176
     1
 40
30.0
176
     1
 62
     7
420
 16777215
176
     1
 90
        2
176
     1
 90
        2
176
     1
 62
     7
176
     1
 62
     7
176
     1
 90
        1
176
     1
 90
        1
176
     1
 40
40.0
176
     1
 90
       11
176
     1
 62
     7
176
     1
 40
1.0
176
     1
 90
        1
176
     1
 90
        6
176
     1
 90
        2
176
     1
 62
     7
176
     1
 90
        6
176
     1
 90
        0
176
     1
 90
        0
176
     1
290
     0
176
     1
 90
        1
176
     1
 40
0.0
176
     1
 90
        0
176
     1
290
     0
176
     1
290
     1
176
     1
290
     1
176
     1
290
     0
176
     1
290
     0
176
     1
290
     0
176
     1
290
     0
176
     1
290
     0
176
     1
290
     0
176
     1
 90
       50
176
     1
 40
0.0
176
     1
 40
1.0
176
     1
 90
        0
176
     1
 62
    18
420
        0
176
     1
 90
       50
176
     1
 90
        3
176
     1
 62
     5
420
      255
176
     1
290
     0
176
     1
 90
       50
176
     1
 90
       50
176
     1
 90
       50
176
     1
290
     0
176
     1
 90
       50
176
     1
 62
   256
176
     0
 40
1.0
176
     0
 90
        2
176
     1
  1
strokes_ogs.tif
176
     1
290
     0
176
     1
 40
1.0
176
     1
 40
1.0
176
     1
  0
VISUALSTYLE
  5
37
102
{ACAD_REACTORS
330
2A
102
}
102
{ACAD_XDICTIONARY
360
DD5
102
}
330
2A
100
AcDbVisualStyle
  2
Thicken
 70
    13
177
     3
291
     1
 70
    58
 90
        2
176
     1
 90
        2
176
     1
 90
        0
176
     1
 90
        0
176
     1
 40
0.6
176
     1
 40
30.0
176
     1
 62
     7
420
 16777215
176
     1
 90
        1
176
     1
 90
        4
176
     1
 62
     7
176
     1
 62
   257
176
     1
 90
        1
176
     1
 90
        1
176
     1
 40
1.0
176
     1
 90
       12
176
     1
 62
     7
176
     1
 40
1.0
176
     1
 90
        1
176
     1
 90
        6
176
     1
 90
        2
176
     1
 62
     7
176
     1
 90
        5
176
     1
 90
        0
176
     1
 90
        0
176
     1
290
     0
176
     1
 90
        1
176
     1
 40
0.0
176
     1
 90
        0
176
     1
290
     0
176
     1
290
     1
176
     1
290
     1
176
     1
290
     0
176
     1
290
     0
176
     1
290
     0
176
     1
290
     0
176
     1
290
     0
176
     1
290
     0
176
     1
 90
       50
176
     1
 40
0.0
176
     1
 40
1.0
176
     1
 90
        0
176
     1
 62
    18
420
        0
176
     1
 90
       50
176
     1
 90
        3
176
     1
 62
     5
420
      255
176
     1
290
     0
176
     1
 90
       50
176
     1
 90
       50
176
     1
 90
       50
176
     1
290
     0
176
     1
 90
       50
176
     1
 62
   256
176
     0
 40
1.0
176
     0
 90
        2
176
     1
  1
strokes_ogs.tif
176
     1
290
     0
176
     1
 40
1.0
176
     1
 40
1.0
176
     1
  0
VISUALSTYLE
  5
30
102
{ACAD_REACTORS
330
2A
102
}
102
{ACAD_XDICTIONARY
360
DC7
102
}
330
2A
100
AcDbVisualStyle
  2
Wireframe
 70
     5
177
     3
291
     0
 70
    58
 90
        0
176
     1
 90
        2
176
     1
 90
        0
176
     1
 90
        0
176
     1
 40
0.6
176
     1
 40
30.0
176
     1
 62
     7
420
 16777215
176
     1
 90
        1
176
     1
 90
        4
176
     1
 62
     7
176
     1
 62
   257
176
     1
 90
        1
176
     1
 90
        1
176
     1
 40
1.0
176
     1
 90
        0
176
     1
 62
   257
176
     1
 40
1.0
176
     1
 90
        1
176
     1
 90
        6
176
     1
 90
        2
176
     1
 62
     7
176
     1
 90
        3
176
     1
 90
        0
176
     1
 90
        0
176
     1
290
     0
176
     1
 90
        1
176
     1
 40
0.0
176
     1
 90
        0
176
     1
290
     0
176
     1
290
     1
176
     1
290
     1
176
     1
290
     0
176
     1
290
     0
176
     1
290
     0
176
     1
290
     0
176
     1
290
     0
176
     1
290
     0
176
     1
 90
       50
176
     1
 40
0.0
176
     1
 40
1.0
176
     1
 90
        0
176
     1
 62
    18
420
        0
176
     1
 90
       50
176
     1
 90
        3
176
     1
 62
     5
420
      255
176
     1
290
     0
176
     1
 90
       50
176
     1
 90
       50
176
     1
 90
       50
176
     1
290
     0
176
     1
 90
       50
176
     1
 62
   256
176
     0
 40
1.0
176
     0
 90
        2
176
     1
  1
strokes_ogs.tif
176
     1
290
     0
176
     1
 40
1.0
176
     1
 40
1.0
176
     1
  0
VISUALSTYLE
  5
40
102
{ACAD_REACTORS
330
2A
102
}
102
{ACAD_XDICTIONARY
360
DE7
102
}
330
2A
100
AcDbVisualStyle
  2
X-Ray
 70
    25
177
     3
291
     0
 70
    58
 90
        2
176
     1
 90
        2
176
     1
 90
        1
176
     1
 90
        1
176
     1
 40
0.5
176
     1
 40
30.0
176
     1
 62
     7
420
 16777215
176
     1
 90
        1
176
     1
 90
        0
176
     1
 62
     7
176
     1
 62
   257
176
     1
 90
        1
176
     1
 90
        1
176
     1
 40
1.0
176
     1
 90
        8
176
     1
 62
     7
176
     1
 40
1.0
176
     1
 90
        1
176
     1
 90
        6
176
     1
 90
        2
176
     1
 62
     7
176
     1
 90
        3
176
     1
 90
        0
176
     1
 90
        0
176
     1
290
     0
176
     1
 90
       13
176
     1
 40
0.0
176
     1
 90
        0
176
     1
290
     0
176
     1
290
     1
176
     1
290
     1
176
     1
290
     0
176
     1
290
     0
176
     1
290
     0
176
     1
290
     0
176
     1
290
     0
176
     1
290
     0
176
     1
 90
       50
176
     1
 40
0.0
176
     1
 40
1.0
176
     1
 90
        0
176
     1
 62
    18
420
        0
176
     1
 90
       50
176
     1
 90
        3
176
     1
 62
     5
420
      255
176
     1
290
     0
176
     1
 90
       50
176
     1
 90
       50
176
     1
 90
       50
176
     1
290
     0
176
     1
 90
       50
176
     1
 62
   256
176
     0
 40
1.0
176
     0
 90
        2
176
     1
  1
strokes_ogs.tif
176
     1
290
     0
176
     1
 40
1.0
176
     1
 40
1.0
176
     1
  0
DICTIONARYVAR
  5
DBB
102
{ACAD_REACTORS
330
DBA
102
}
330
DBA
100
DictionaryVariables
280
     0
  1
1:1
  0
DICTIONARYVAR
  5
DF4
102
{ACAD_REACTORS
330
DBA
102
}
330
DBA
100
DictionaryVariables
280
     0
  1
Standard
  0
DICTIONARYVAR
  5
DF3
102
{ACAD_REACTORS
330
DBA
102
}
330
DBA
100
DictionaryVariables
280
     0
  1
Standard
  0
DICTIONARYVAR
  5
DF5
102
{ACAD_REACTORS
330
DBA
102
}
330
DBA
100
DictionaryVariables
280
     0
  1
0
  0
DICTIONARYVAR
  5
DF8
102
{ACAD_REACTORS
330
DBA
102
}
330
DBA
100
DictionaryVariables
280
     0
  1
0
  0
DICTIONARYVAR
  5
DBC
102
{ACAD_REACTORS
330
DBA
102
}
330
DBA
100
DictionaryVariables
280
     0
  1
2
  0
DICTIONARY
  5
DF0
330
5C
100
AcDbDictionary
280
     1
281
     1
  0
DICTIONARY
  5
DED
330
5A
100
AcDbDictionary
280
     1
281
     1
  3
ACAD_ROUNDTRIP_2008_TABLESTYLE_CELLSTYLEMAP
360
DF9
  0
DICTIONARY
  5
DC5
330
2F
100
AcDbDictionary
280
     1
281
     1
  0
DICTIONARY
  5
DCB
330
32
100
AcDbDictionary
280
     1
281
     1
  0
DICTIONARY
  5
DD3
330
36
100
AcDbDictionary
280
     1
281
     1
  0
DICTIONARY
  5
DDB
330
3A
100
AcDbDictionary
280
     1
281
     1
  0
DICTIONARY
  5
DCF
330
34
100
AcDbDictionary
280
     1
281
     1
  0
DICTIONARY
  5
DD1
330
35
100
AcDbDictionary
280
     1
281
     1
  0
DICTIONARY
  5
DE1
330
3D
100
AcDbDictionary
280
     1
281
     1
  0
DICTIONARY
  5
DD9
330
39
100
AcDbDictionary
280
     1
281
     1
  0
DICTIONARY
  5
DBD
330
2B
100
AcDbDictionary
280
     1
281
     1
  0
DICTIONARY
  5
DBF
330
2C
100
AcDbDictionary
280
     1
281
     1
  0
DICTIONARY
  5
DC1
330
2D
100
AcDbDictionary
280
     1
281
     1
  0
DICTIONARY
  5
DC3
330
2E
100
AcDbDictionary
280
     1
281
     1
  0
DICTIONARY
  5
DC9
330
31
100
AcDbDictionary
280
     1
281
     1
  0
DICTIONARY
  5
DDD
330
3B
100
AcDbDictionary
280
     1
281
     1
  0
DICTIONARY
  5
DD7
330
38
100
AcDbDictionary
280
     1
281
     1
  0
DICTIONARY
  5
DDF
330
3C
100
AcDbDictionary
280
     1
281
     1
  0
DICTIONARY
  5
DCD
330
33
100
AcDbDictionary
280
     1
281
     1
  0
DICTIONARY
  5
DEB
330
42
100
AcDbDictionary
280
     1
281
     1
  0
DICTIONARY
  5
DE9
330
41
100
AcDbDictionary
280
     1
281
     1
  0
DICTIONARY
  5
DE3
330
3E
100
AcDbDictionary
280
     1
281
     1
  0
DICTIONARY
  5
DE5
330
3F
100
AcDbDictionary
280
     1
281
     1
  0
DICTIONARY
  5
DD5
330
37
100
AcDbDictionary
280
     1
281
     1
  0
DICTIONARY
  5
DC7
330
30
100
AcDbDictionary
280
     1
281
     1
  0
DICTIONARY
  5
DE7
330
40
100
AcDbDictionary
280
     1
281
     1
  0
CELLSTYLEMAP
  5
DF9
102
{ACAD_REACTORS
330
DED
102
}
330
DED
100
AcDbCellStyleMap
 90
        3
300
CELLSTYLE
  1
TABLEFORMAT_BEGIN
 90
        5
170
     1
 91
        0
 92
    32768
 62
   257
 93
        1
300
CONTENTFORMAT
  1
CONTENTFORMAT_BEGIN
 90
        0
 91
        0
 92
        4
 93
        0
300

 40
0.0
140
1.0
 94
        5
 62
     0
340
11
144
0.25
309
CONTENTFORMAT_END
171
     1
301
MARGIN
  1
CELLMARGIN_BEGIN
 40
0.06
 40
0.06
 40
0.06
 40
0.06
 40
0.06
 40
0.06
309
CELLMARGIN_END
 94
        6
 95
        1
302
GRIDFORMAT
  1
GRIDFORMAT_BEGIN
 90
        0
 91
        1
 62
     0
 92
       -2
340
14
 93
        0
 40
0.045
309
GRIDFORMAT_END
 95
        2
302
GRIDFORMAT
  1
GRIDFORMAT_BEGIN
 90
        0
 91
        1
 62
     0
 92
       -2
340
14
 93
        0
 40
0.045
309
GRIDFORMAT_END
 95
        4
302
GRIDFORMAT
  1
GRIDFORMAT_BEGIN
 90
        0
 91
        1
 62
     0
 92
       -2
340
14
 93
        0
 40
0.045
309
GRIDFORMAT_END
 95
        8
302
GRIDFORMAT
  1
GRIDFORMAT_BEGIN
 90
        0
 91
        1
 62
     0
 92
       -2
340
14
 93
        0
 40
0.045
309
GRIDFORMAT_END
 95
       16
302
GRIDFORMAT
  1
GRIDFORMAT_BEGIN
 90
        0
 91
        1
 62
     0
 92
       -2
340
14
 93
        0
 40
0.045
309
GRIDFORMAT_END
 95
       32
302
GRIDFORMAT
  1
GRIDFORMAT_BEGIN
 90
        0
 91
        1
 62
     0
 92
       -2
340
14
 93
        0
 40
0.045
309
GRIDFORMAT_END
309
TABLEFORMAT_END
  1
CELLSTYLE_BEGIN
 90
        1
 91
        1
300
_TITLE
309
CELLSTYLE_END
300
CELLSTYLE
  1
TABLEFORMAT_BEGIN
 90
        5
170
     1
 91
        0
 92
        0
 62
   257
 93
        1
300
CONTENTFORMAT
  1
CONTENTFORMAT_BEGIN
 90
        0
 91
        0
 92
        4
 93
        0
300

 40
0.0
140
1.0
 94
        5
 62
     0
340
11
144
0.18
309
CONTENTFORMAT_END
171
     1
301
MARGIN
  1
CELLMARGIN_BEGIN
 40
0.06
 40
0.06
 40
0.06
 40
0.06
 40
0.06
 40
0.06
309
CELLMARGIN_END
 94
        6
 95
        1
302
GRIDFORMAT
  1
GRIDFORMAT_BEGIN
 90
        0
 91
        1
 62
     0
 92
       -2
340
14
 93
        0
 40
0.045
309
GRIDFORMAT_END
 95
        2
302
GRIDFORMAT
  1
GRIDFORMAT_BEGIN
 90
        0
 91
        1
 62
     0
 92
       -2
340
14
 93
        0
 40
0.045
309
GRIDFORMAT_END
 95
        4
302
GRIDFORMAT
  1
GRIDFORMAT_BEGIN
 90
        0
 91
        1
 62
     0
 92
       -2
340
14
 93
        0
 40
0.045
309
GRIDFORMAT_END
 95
        8
302
GRIDFORMAT
  1
GRIDFORMAT_BEGIN
 90
        0
 91
        1
 62
     0
 92
       -2
340
14
 93
        0
 40
0.045
309
GRIDFORMAT_END
 95
       16
302
GRIDFORMAT
  1
GRIDFORMAT_BEGIN
 90
        0
 91
        1
 62
     0
 92
       -2
340
14
 93
        0
 40
0.045
309
GRIDFORMAT_END
 95
       32
302
GRIDFORMAT
  1
GRIDFORMAT_BEGIN
 90
        0
 91
        1
 62
     0
 92
       -2
340
14
 93
        0
 40
0.045
309
GRIDFORMAT_END
309
TABLEFORMAT_END
  1
CELLSTYLE_BEGIN
 90
        2
 91
        1
300
_HEADER
309
CELLSTYLE_END
300
CELLSTYLE
  1
TABLEFORMAT_BEGIN
 90
        5
170
     1
 91
        0
 92
        0
 62
   257
 93
        1
300
CONTENTFORMAT
  1
CONTENTFORMAT_BEGIN
 90
        0
 91
        0
 92
        4
 93
        0
300

 40
0.0
140
1.0
 94
        2
 62
     0
340
11
144
0.18
309
CONTENTFORMAT_END
171
     1
301
MARGIN
  1
CELLMARGIN_BEGIN
 40
0.06
 40
0.06
 40
0.06
 40
0.06
 40
0.06
 40
0.06
309
CELLMARGIN_END
 94
        6
 95
        1
302
GRIDFORMAT
  1
GRIDFORMAT_BEGIN
 90
        0
 91
        1
 62
     0
 92
       -2
340
14
 93
        0
 40
0.045
309
GRIDFORMAT_END
 95
        2
302
GRIDFORMAT
  1
GRIDFORMAT_BEGIN
 90
        0
 91
        1
 62
     0
 92
       -2
340
14
 93
        0
 40
0.045
309
GRIDFORMAT_END
 95
        4
302
GRIDFORMAT
  1
GRIDFORMAT_BEGIN
 90
        0
 91
        1
 62
     0
 92
       -2
340
14
 93
        0
 40
0.045
309
GRIDFORMAT_END
 95
        8
302
GRIDFORMAT
  1
GRIDFORMAT_BEGIN
 90
        0
 91
        1
 62
     0
 92
       -2
340
14
 93
        0
 40
0.045
309
GRIDFORMAT_END
 95
       16
302
GRIDFORMAT
  1
GRIDFORMAT_BEGIN
 90
        0
 91
        1
 62
     0
 92
       -2
340
14
 93
        0
 40
0.045
309
GRIDFORMAT_END
 95
       32
302
GRIDFORMAT
  1
GRIDFORMAT_BEGIN
 90
        0
 91
        1
 62
     0
 92
       -2
340
14
 93
        0
 40
0.045
309
GRIDFORMAT_END
309
TABLEFORMAT_END
  1
CELLSTYLE_BEGIN
 90
        3
 91
        2
300
_DATA
309
CELLSTYLE_END
  0
ENDSEC
  0
EOF
